{
    "type": "origins:multiple",
    "activate": {
        "type": "origins:active_self",
        "entity_action": {
            "type": "origins:and",
            "actions": [
                {
                    "type": "origins:execute_command",
                    "command": "power grant @s manhunt:sanguis/fury/fury_effects"
                },
                {
                    "type": "origins:execute_command",
                    "command": "particle minecraft:cloud ~ ~1 ~ 0.3 0.3 0.3 0.5 100"
                },
                {
                    "type": "origins:execute_command",
                    "command": "particle minecraft:dust_color_transition 1 0 0 1.5 0.4 0 0 ~ ~1 ~ 0.4 0.1 0.4 0.1 100"
                },
                {
                    "type": "origins:execute_command",
                    "command": "particle minecraft:crimson_spore ~ ~1 ~ 0.3 0.3 0.3 1 100"
                },
                {
                    "type": "origins:execute_command",
                    "command": "playsound minecraft:block.beacon.power_select player @a ~ ~ ~ 2 0.5"
                },
                {
                    "type": "origins:execute_command",
                    "command": "playsound minecraft:item.axe.scrape player @a ~ ~ ~ 2 0.5"
                },
                {
                    "type": "origins:execute_command",
                    "command": "playsound minecraft:item.totem.use player @a ~ ~ ~ 2 1.7"
                }
            ]
        },
        "key": {
            "key": "key.origins.secondary_active"
        },
        "cooldown": 1200,
        "hud_render": {
            "sprite_location": "origins:textures/gui/community/huang/resource_bar_02.png",
            "bar_index": 1,
            "should_render": true,
            "condition": {
                "type": "origins:power",
                "power": "manhunt:sanguis/fury/fury_effects",
                "inverted": true
            }
        }
    },
    "name": "Fury.",
    "description": "Unleash your fury and hunt the hunters.",
    "badges": [
        {
            "type": "origins:tooltip",
            "sprite": "origins:textures/gui/badge/star.png",
            "text": "Fury: +0.3 attack speed and faster leap cooldown for 15 seconds.\nKilling a hunter will reset the duration of Fury.\nOnce Fury wears out, you move 60% slower for 3 seconds."
        },
        {
            "type": "origins:keybind",
            "sprite": "origins:textures/gui/badge/toggle.png",
            "text": "Unleash your fury with \"%s\"!"
        },
        {
            "type": "origins:tooltip",
            "sprite": "manhunt:textures/icons/cooldown.png",
            "text": "Cooldown: 1m"
        }
    ]
}