{
    "type": "origins:multiple",
    "entity_glow": {
        "type": "origins:entity_glow",
        "bientity_condition": {
            "type": "origins:and",
            "conditions": [
                {
                    "type": "origins:distance",
                    "comparison": "<=",
                    "compare_to": 100
                },
                {
                    "type": "origins:target_condition",
                    "condition": {
                       "type": "origins:living"
                    }
                }
            ]
        },
        "condition": {
            "type": "origins:power_active",
            "power": "manhunt:scanner/radar_visor_toggle"
        }
    },
    "overlay": {
        "type": "origins:overlay",
        "texture": "minecraft:textures/block/lime_stained_glass.png",
        "strength": 0.2,
        "red": 1.0,
        "green": 1.0,
        "blue": 1.0,
        "draw_mode": "texture",
        "draw_phase": "below_hud",
        "hide_with_hud": false,
        "visible_in_third_person": false,
        "condition": {
            "type": "origins:power_active",
            "power": "manhunt:scanner/radar_visor_toggle"
        }
    },
    "hunter_glow_near": {
        "type": "origins:entity_glow",
        "bientity_condition": {
            "type": "origins:and",
            "conditions": [
                {
                    "type": "origins:distance",
                    "comparison": "<=",
                    "compare_to": 50
                },
                {
                    "type": "origins:target_condition",
                    "condition": {
                        "type": "origins:and",
                        "conditions": [
                            {
                                "type": "apoli:entity_type",
                                "entity_type": "minecraft:player"
                            },
                            {
                                "type": "origins:origin",
                                "origin": "manhunt:hunter",
                                "layer": "origins:origin"
                            }
                        ]
                    }
                }
            ]
        },
        "use_teams": false,
        "red": 0.0,
        "green": 1.0,
        "blue": 0.0,
        "condition": {
            "type": "origins:power_active",
            "power": "manhunt:scanner/radar_visor_toggle"
        }
    },
    "hunter_glow_far": {
        "type": "origins:entity_glow",
        "bientity_condition": {
            "type": "origins:and",
            "conditions": [
                {
                    "type": "origins:distance",
                    "comparison": ">=",
                    "compare_to": 51
                },
                {
                    "type": "origins:target_condition",
                    "condition": {
                        "type": "origins:and",
                        "conditions": [
                            {
                                "type": "apoli:entity_type",
                                "entity_type": "minecraft:player"
                            },
                            {
                                "type": "origins:origin",
                                "origin": "manhunt:hunter",
                                "layer": "origins:origin"
                            }
                        ]
                    }
                }
            ]
        },
        "use_teams": false,
        "red": 0.0,
        "green": 1.0,
        "blue": 0.5,
        "condition": {
            "type": "origins:power_active",
            "power": "manhunt:scanner/radar_visor_toggle"
        }
    },
    "runner_glow_near": {
        "type": "origins:entity_glow",
        "bientity_condition": {
            "type": "origins:and",
            "conditions": [
                {
                    "type": "origins:distance",
                    "comparison": "<=",
                    "compare_to": 50
                },
                {
                    "type": "origins:target_condition",
                    "condition": {
                        "type": "origins:and",
                        "conditions": [
                            {
                                "type": "apoli:entity_type",
                                "entity_type": "minecraft:player"
                            },
                            {
                                "type": "origins:origin",
                                "origin": "manhunt:runner",
                                "layer": "origins:origin"
                            }
                        ]
                    }
                }
            ]
        },
        "use_teams": false,
        "red": 1.0,
        "green": 0.0,
        "blue": 0.0,
        "condition": {
            "type": "origins:power_active",
            "power": "manhunt:scanner/radar_visor_toggle"
        }
    },
    "runner_glow_far": {
        "type": "origins:entity_glow",
        "bientity_condition": {
            "type": "origins:and",
            "conditions": [
                {
                    "type": "origins:distance",
                    "comparison": ">",
                    "compare_to": 50
                },
                {
                    "type": "origins:target_condition",
                    "condition": {
                        "type": "origins:and",
                        "conditions": [
                            {
                                "type": "apoli:entity_type",
                                "entity_type": "minecraft:player"
                            },
                            {
                                "type": "origins:origin",
                                "origin": "manhunt:runner",
                                "layer": "origins:origin"
                            }
                        ]
                    }
                }
            ]
        },
        "use_teams": false,
        "red": 1.0,
        "green": 0.5,
        "blue": 0.0,
        "condition": {
            "type": "origins:power_active",
            "power": "manhunt:scanner/radar_visor_toggle"
        }
    },
    "nightvision": {
        "type": "origins:night_vision",
        "strength": 0.5,
        "condition": {
            "type": "origins:power_active",
            "power": "manhunt:scanner/radar_visor_toggle"
        }
    },
    "drain": {
        "type": "origins:action_over_time",
        "entity_action": {
            "type": "origins:change_resource",
            "resource": "manhunt:scanner/solar_battery_energy",
            "change": -1
        },
        "interval": 5,
        "condition": {
            "type": "origins:power_active",
            "power": "manhunt:scanner/radar_visor_toggle"
        }
    },
    "active_sound": {
        "type": "origins:action_over_time",
        "entity_action": {
            "type": "origins:execute_command",
            "command": "playsound minecraft:block.conduit.ambient.short player @s ~ ~ ~ 2 1"
        },
        "interval": 20,
        "condition": {
            "type": "origins:power_active",
            "power": "manhunt:scanner/radar_visor_toggle"
        }
    },
    "enable_sound": {
        "type": "origins:active_self",
        "entity_action": {
            "type": "origins:and",
            "actions": [
                {
                    "type": "origins:execute_command",
                    "command": "playsound minecraft:block.note_block.bit player @s ~ ~ ~ 2 0",
                    "permission_level": 4
                },
                {
                    "type": "origins:execute_command",
                    "command": "playsound minecraft:block.piston.extend player @s ~ ~ ~ 2 2",
                    "permission_level": 4
                },
                {
                    "type": "origins:execute_command",
                    "command": "particle minecraft:dust_color_transition 1 1 1 1 1 0 0 ~ ~1 ~ 0.4 0.6 0.4 1 60",
                    "permission_level": 4
                }
            ]
        },
        "key": {
            "key": "key.origins.secondary_active"
        },
        "condition": {
            "type": "origins:power_active",
            "power": "manhunt:scanner/radar_visor_toggle",
            "inverted": true
        }
    },
    "disable_sound": {
        "type": "origins:active_self",
        "entity_action": {
            "type": "origins:and",
            "actions": [
                {
                    "type": "origins:execute_command",
                    "command": "playsound minecraft:block.note_block.bit player @s ~ ~ ~ 2 2",
                    "permission_level": 4
                },
                {
                    "type": "origins:execute_command",
                    "command": "playsound minecraft:block.piston.contract player @s ~ ~ ~ 2 2",
                    "permission_level": 4
                },
                {
                    "type": "origins:execute_command",
                    "command": "particle minecraft:dust_color_transition 1 1 1 1 0 1 0 ~ ~1 ~ 0.4 0.6 0.4 1 60",
                    "permission_level": 4
                },
                {
                    "type": "origins:change_resource",
                    "resource": "manhunt:scanner/solar_battery_energy",
                    "change": -5
                }
            ]
        },
        "key": {
            "key": "key.origins.secondary_active"
        },
        "condition": {
            "type": "origins:power_active",
            "power": "manhunt:scanner/radar_visor_toggle"
        }
    },
    "toggle": {
        "type": "origins:toggle",
        "active_by_default": false,
        "retain_state": false,
        "key": {
            "key": "key.origins.secondary_active"
        },
        "condition": {
            "type": "origins:resource",
            "resource": "manhunt:scanner/solar_battery_energy",
            "comparison": ">",
            "compare_to": 10
        }
    },
    "name": "R4D4R-V1S0R",
    "description": "Gain increased vision and highlight all nearby entities, even through walls. Allied Hunters and Runner targets are especially highlighted nearby.",
    "badges": [
        {
            "type": "origins:tooltip",
            "sprite": "origins:textures/gui/badge/star.png",
            "text": "Grants partial night & water vision, Applies glowing to all entities in a 100 block radius.\nHunters glow green when within 50 blocks of you.\nRunners glow red when within 50 blocks of you.\nToggling the visor consumes a small burst of power, and cannot be used at below 10% power."
        },
        {
            "type": "origins:keybind",
            "sprite": "origins:textures/gui/badge/toggle.png",
            "text": "Toggle with \"%s\"!"
        },
        {
            "type": "origins:tooltip",
            "sprite": "manhunt:textures/icons/cooldown.png",
            "text": "Consumes ~4% Battery every second."
        }
    ]
}