{
    "type": "origins:multiple",
    "energy": {
        "type": "origins:resource",
        "min": 0,
        "max": 100,
        "start_value": 100,
        "hud_render": {
            "should_render": true,
            "sprite_location": "origins:textures/gui/community/huang/resource_bar_01.png",
            "bar_index": 14
        }
    },
    "gain_energy_passive": {
        "type": "origins:action_over_time",
        "entity_action": {
            "type": "origins:change_resource",
            "resource": "manhunt:scanner/solar_battery_energy",
            "change": 1
        },
        "interval": 10,
        "condition": {
            "type": "origins:and",
            "conditions": [
                {
                    "type": "origins:fluid_height",
                    "fluid": "minecraft:water",
                    "comparison": "==",
                    "compare_to": 0
                },
                {
                    "type": "origins:power_active",
                    "power": "manhunt:scanner/radar_visor_toggle",
                    "inverted": true
                }
            ]
        }
    },
    "gain_energy_sun": {
        "type": "origins:action_over_time",
        "entity_action": {
            "type": "origins:change_resource",
            "resource": "manhunt:scanner/solar_battery_energy",
            "change": 1
        },
        "interval": 10,
        "condition": {
            "type": "origins:and",
            "conditions": [
                {
                    "type": "origins:exposed_to_sun"
                },
                {
                    "type": "origins:power_active",
                    "power": "manhunt:scanner/radar_visor_toggle",
                    "inverted": true
                }
            ]
        }
    },
    "gain_energy_nether": {
        "type": "origins:action_over_time",
        "entity_action": {
            "type": "origins:change_resource",
            "resource": "manhunt:scanner/solar_battery_energy",
            "change": 1
        },
        "interval": 10,
        "condition": {
            "type": "origins:and",
            "conditions": [
                {
                    "type": "origins:dimension",
                    "dimension": "minecraft:the_nether"
                },
                {
                    "type": "origins:power_active",
                    "power": "manhunt:scanner/radar_visor_toggle",
                    "inverted": true
                }
            ]
        }
    },
    "gain_energy_fire": {
        "type": "origins:action_over_time",
        "entity_action": {
            "type": "origins:change_resource",
            "resource": "manhunt:scanner/solar_battery_energy",
            "change": 2
        },
        "interval": 10,
        "condition": {
            "type": "origins:and",
            "conditions": [
                {
                    "type": "origins:on_fire"
                },
                {
                    "type": "origins:power_active",
                    "power": "manhunt:scanner/radar_visor_toggle",
                    "inverted": true
                }
            ]
        }
    },
    "moreheal": {
        "type": "origins:modify_healing",
        "modifier": {
            "operation": "multiply_total",
            "value": 0.2
        },
        "condition": {
            "type": "origins:resource",
            "resource": "manhunt:scanner/solar_battery_energy",
            "comparison": ">",
            "compare_to": 80
        }
    },
    "lessheal": {
        "type": "origins:modify_healing",
        "modifier": {
            "operation": "multiply_total",
            "value": -0.5
        },
        "condition": {
            "type": "origins:resource",
            "resource": "manhunt:scanner/solar_battery_energy",
            "comparison": "<",
            "compare_to": 50
        }
    },
    "lessspeed": {
        "type": "origins:modify_velocity",
        "modifier": {
            "value": -0.15,
            "operation": "multiply_total"
        },
        "axes": [
            "x",
            "y",
            "z"
        ],
        "condition": {
            "type": "origins:resource",
            "resource": "manhunt:scanner/solar_battery_energy",
            "comparison": "<",
            "compare_to": 50
        }
    },
    "name": "S0L4R-B4TT3RY",
    "description": "A unit like yours requires fuel. Charge up while in sunlight or heat to exert your power.\nHeal more at high power, but heal less and move slower at low power.",
    "badges": [
        {
            "type": "origins:tooltip",
            "sprite": "origins:textures/gui/badge/star.png",
            "text": "Passively gain 1% of your Battery every 0.5s\nGain +20% Healing while power is >80%.\nLose -50% Healing & -15% Velocity while power is <50%"
        },
        {
            "type": "origins:tooltip",
            "sprite": "manhunt:textures/icons/cooldown.png",
            "text": "Gain +1% Battery per 0.5s from sun exposure.\nGain +1% Battery per 0.5s when in the nether.\nGain +2% Battery per 0.5s while on fire."
        }
    ]
}