{
  "type": "origins:multiple",
  "lessdmgfirefall": {
    "type": "origins:modify_damage_taken",
    "modifier": {
      "value": -0.7,
      "operation": "multiply_total"
    },
    "damage_condition": {
      "type": "origins:or",
      "conditions": [
        {
          "type": "origins:in_tag",
          "tag": "minecraft:is_fire"
        },
        {
          "type": "origins:in_tag",
          "tag": "minecraft:is_fall"
        }
      ]
    }
  },
  "name": "TUNGST3N-UN1T",
  "description": "You are supplied with a superior metallic form. Take heavily reduced damage from fire and falls.",
  "badges": [
    {
      "type": "origins:tooltip",
      "sprite": "origins:textures/gui/badge/star.png",
      "text": "Fire Damage, Lava Damage, and Fall Damage are all reduced by §l§a70%§r."
    }
  ]
}