{
    "type":"origins:multiple",

    "speed":{
    "type": "origins:conditioned_attribute",
    "modifier": {
        "attribute": "minecraft:generic.movement_speed",
        "operation": "addition",
        "value": 0.3,
        "name": "Increased speed while charging"
    },
    "tick_rate": 1,
    "condition": {
        "type": "origins:using_item",
        "item_condition": {
            "type": "origins:and",
            "conditions": [
                {
              "type": "origins:ingredient",
              "ingredient": {
                  "item": "minecraft:bow"
              }
            }
        ]
          }
    }
},
"resource":
{ 
        "type": "origins:resource",
        "min": 0,
        "max": 60,
        "start_value": 60,
        "hud_render": {
			"should_render": false
		},
        "min_action": {
            "type": "origins:and",
            "actions": [
                {
                    "type": "origins:execute_command",
                    "command": "power remove @s manhunt:bow_speed",
                    "permission_level": 4
                }
            ]   
        }
},
"remove_resource": 
{
    "type": "origins:action_over_time",
	"entity_action": {
        "type": "origins:change_resource",
        "resource": "manhunt:bow_speed_resource",
        "change": -10
    },
    "interval": 10
},
"hidden": true
}