{
    "type": "origins:multiple",
    "charging": {
        "type": "origins:resource",
        "min": 0,
        "max": 9,
        "start_value": 0,
        "hud_render": {
            "should_render": false
        },
        "min_action": {
            "type": "origins:and",
            "actions": [
                {
                    "type": "origins:execute_command",
                    "command": "title @s actionbar [\"\",\"Catchup - [\",{\"text\":\"OFF\",\"bold\":true,\"color\":\"red\"},\"]\"]",
                    "permission_level": 4
                },
                {
                    "type": "origins:execute_command",
                    "command": "playsound minecraft:block.note_block.pling player @s ~ ~ ~ 0.5 0.5",
                    "permission_level": 4
                }
            ]
        },
        "max_action": {
            "type": "origins:and",
            "actions": [
                {
                    "type": "origins:execute_command",
                    "command": "title @s actionbar [\"\",\"Catchup - [\",{\"text\":\"ON\",\"bold\":true,\"color\":\"green\"},\"]\"]",
                    "permission_level": 4
                },
                {
                    "type": "origins:execute_command",
                    "command": "playsound minecraft:block.note_block.pling player @s ~ ~ ~ 0.5 1",
                    "permission_level": 4
                }
            ]
        }
    },
    "charging_up": {
        "type": "origins:action_over_time",
        "entity_action": {
            "type": "origins:change_resource",
            "resource": "manhunt:catchup_charging",
            "change": 1
        },
        "interval": 1,
        "condition": {
            "type": "apugli:entity_in_radius",
            "condition": {
                "type": "origins:and",
                "conditions": [
                    {
                        "type": "apoli:entity_type",
                        "entity_type": "minecraft:player"
                    },
                    {
                        "type": "origins:origin",
                        "origin": "manhunt:runner",
                        "layer": "origins:origin"
                    }
                ]
            },
            "radius": 256.0,
            "comparison": "==",
            "compare_to": 0
        }
    },
    "charging_down": {
        "type": "origins:action_over_time",
        "entity_action": {
            "type": "origins:change_resource",
            "resource": "manhunt:catchup_charging",
            "change": -1
        },
        "interval": 1,
        "condition": {
            "type": "apugli:entity_in_radius",
            "condition": {
                "type": "origins:and",
                "conditions": [
                    {
                        "type": "apoli:entity_type",
                        "entity_type": "minecraft:player"
                    },
                    {
                        "type": "origins:origin",
                        "origin": "manhunt:runner",
                        "layer": "origins:origin"
                    }
                ]
            },
            "radius": 256.0,
            "comparison": ">=",
            "compare_to": 1
        }
    },
    "more_speed": {
        "type": "origins:conditioned_attribute",
        "modifier": {
            "name": "Increase speed",
            "attribute": "minecraft:generic.movement_speed",
            "value": 0.25,
            "operation": "multiply_total"
        },
        "condition": {
            "type": "origins:resource",
            "resource": "manhunt:catchup_charging",
            "comparison": "==",
            "compare_to": 9
        }
    },
    "more_air_speed": {
        "type": "origins:modify_air_speed",
        "modifier": {
            "operation": "multiply_total",
            "value": 0.20
        },
        "condition": {
            "type": "origins:resource",
            "resource": "manhunt:catchup_charging",
            "comparison": "==",
            "compare_to": 9
        }
    },
    "particles": {
        "type": "origins:action_over_time",
        "entity_action": {
            "type": "origins:execute_command",
            "command": "particle minecraft:dust_color_transition 1 1 1 1 0.6 0.5 0 ~ ~1 ~ 0.2 0.2 0.2 1 2"
        },
        "interval": 20,
        "condition": {
            "type": "origins:resource",
            "resource": "manhunt:catchup_charging",
            "comparison": "==",
            "compare_to": 9
        }
    },
    "hidden": true
}