{

    "type":"origins:multiple",

    "effects":{
    "type": "origins:action_on_callback",
    "entity_action_gained": {
        "type": "origins:and",
        "actions": [
            {
                "type": "origins:apply_effect",
                "effect": {
                    "effect": "minecraft:slowness",
                    "duration": 300,
                    "amplifier": 0
                }
            },
            {
                "type": "origins:apply_effect",
                "effect": {
                    "effect": "minecraft:blindness",
                    "duration": 300,
                    "amplifier": 0
                }
            },
            {
                "type": "origins:execute_command",
                "command": "power grant @s origins:no_shield"
            },
            {
                "type": "origins:execute_command",
                "command": "playsound minecraft:block.bell.resonate player @s ~ ~ ~ 3 1.5",
                "permission_level": 4
            },
            {
                "type": "origins:execute_command",
                "command": "particle minecraft:soul ~ ~ ~ 1 1 1 1 1000",
                "permission_level": 4
            },
            {
                "type": "origins:execute_command",
                "command": "tag @e remove whisper",
                "permission_level": 4
            },
            {
                "type": "origins:execute_command",
                "command": "power remove @e manhunt:tag_effects",
                "permission_level": 4
            }
        ]
    }
},
"resource":
{ 
        "type": "origins:resource",
        "min": 0,
        "max": 300,
        "start_value": 300,
        "hud_render": {
			"should_render": false
		},
        "min_action": {
            "type": "origins:and",
            "actions": [
                {
                    "type": "origins:execute_command",
                    "command": "power remove @s origins:no_shield",
                    "permission_level": 4
                },
                {
                    "type": "origins:execute_command",
                    "command": "power remove @s manhunt:chains_trigger",
                    "permission_level": 4
                }
            ]   
        }
},
"remove_resource": 
{
    "type": "origins:action_over_time",
	"entity_action": {
        "type": "origins:change_resource",
        "resource": "manhunt:chains_trigger_resource",
        "change": -10
    },
    "interval": 10
}
}