{
    "type": "origins:multiple",
    "resource":
{ 
        "type": "origins:resource",
        "min": 0,
        "max": 300,
        "start_value": 300,
        "hud_render": {
			"should_render": true,
			"sprite_location": "origins:textures/gui/resource_bar.png",
			"bar_index": 2
			},
        "min_action": {
        "type": "origins:and",
        "actions": [
            {
        "type": "origins:delay",
        "ticks": 3,
        "action": {
            "type": "origins:execute_command",
            "command": "power remove @s manhunt:checkpoint_effect"
            }
        },
                {
                    "type": "origins:delay",
                    "ticks": 6,
                    "action": {
                            "type": "origins:execute_command",
                            "command": "kill @e[tag=recall]"
                        }
                    },
                {
                    "type": "origins:delay",
                    "ticks": 5,
                    "action": {    
                            "type": "origins:execute_command",
                            "command": "tp @s @e[tag=recall,limit=1]",
                            "permission_level": 4
                        }
                },
            {
                "type": "origins:execute_command",
                "command": "playsound minecraft:block.bell.resonate player @s ~ ~ ~ 1 0.8",
                "permission_level": 4
            },
            {
                "type": "origins:execute_command",
                "command": "particle minecraft:sonic_boom ~ ~1 ~ 0 0 0 0.1 1 force @a",
                "permission_level": 4
            },
            {
                "type": "origins:execute_command",
                "command": "execute at @e[limit=1,sort=nearest,tag=recall] run particle minecraft:sonic_boom ~ ~1 ~ 0 0 0 0.1 1 force @a",
                "permission_level": 4
            }
        ]   
    }
},
"remove_resource": 
{
    "type": "origins:action_over_time",
	"entity_action": {
        "type": "origins:change_resource",
        "resource": "manhunt:checkpoint_effect_resource",
        "change": -10
    },
    "interval": 10
},
"overlay":
{
    "type": "origins:overlay",
    "texture": "minecraft:textures/block/hanging_roots.png",
    "strength": 0.3,
    "red": 0.3,
    "green": 0.4,
    "blue": 0.1,
    "draw_mode": "texture",
    "draw_phase": "below_hud",
    "hide_with_hud": false,
    "visible_in_third_person": false
},
"particles": 
{
    "type": "origins:action_over_time",
	"entity_action": {
        "type": "origins:execute_command",
        "command": "execute at @e[limit=1,sort=nearest,tag=recall] run particle minecraft:dust_color_transition 0.75 1 0 1 0.8 0.5 0 ~ ~1 ~ 0.7 0.7 0.7 1 100 force @a[tag=runner]",
        "permission_level": 4
    },
    "interval": 20
},
"particles2": 
{
    "type": "origins:action_over_time",
	"entity_action": {
        "type": "origins:execute_command",
        "command": "execute at @e[limit=1,sort=nearest,tag=recall] run particle minecraft:end_rod ~ ~ ~ 0.7 0.7 0.7 0.3 20 force @a[tag=runner]",
        "permission_level": 4
    },
    "interval": 30
},
    "hidden": true
}