{
    "type": "origins:multiple",
    "resource":
{ 
        "type": "origins:resource",
        "min": 0,
        "max": 600,
        "start_value": 600,
        "hud_render": {
			"should_render": false,
			"sprite_location": "origins:textures/gui/community/huang/resource_bar_01.png",
			"bar_index": 20
			},
        "min_action": {
                "type": "origins:and",
                "actions": [{
            "type": "origins:execute_command",
            "command": "power grant @s manhunt:runner_effects"
            },
            {
                "type": "origins:execute_command",
                "command": "playsound minecraft:entity.illusioner.cast_spell player @s ~ ~ ~ 1 0.5"
            },
            {
                "type": "origins:execute_command",
                "command": "particle minecraft:dust_color_transition 0 0 0 1 1 1 1 ~ ~1 ~ 1 1 1 1 300"
            },
            {
                "type": "origins:execute_command",
                "command": "particle minecraft:ash ~ ~1 ~ 1 1 1 1 300 normal"
            },
            {
                "type": "origins:execute_command",
                "command": "particle minecraft:snowflake ~ ~1 ~ 1 0 1 0.1 100"
            },
            {
                "type": "origins:delay",
                "ticks": 1,
                "action": {
                "type": "origins:and",
                "actions": [
                    {
                    "type": "origins:execute_command",
                    "command": "power remove @s manhunt:deception_remove"
                    }
                        ]
                }
            }
        ]
    }
},

"remove_resource": 
{
    "type": "origins:action_over_time",
	"entity_action": {
        "type": "origins:change_resource",
        "resource": "manhunt:deception_remove_resource",
        "change": -10
    },
    "interval": 10
},
    "hidden": true
}