{
    "type": "origins:multiple",

    "resource":
    { 
            "type": "origins:resource",
            "min": 0,
            "max": 300,
            "start_value": 300,
            "hud_render":{
                "should_render":true,
                "sprite_location":"origins:textures/gui/community/spiderkolo/resource_bar_02.png",
                "bar_index": 0
            },   
            "min_action": {
                "type": "origins:execute_command",
                "command": "power remove @s manhunt:diamond"
            }
    },
    "upgrade":
    { 
            "type": "origins:resource",
            "min": 0,
            "max": 2,
            "start_value": 0,
            "hud_render":{
                "should_render":false,
                "sprite_location":"origins:textures/gui/community/huang/resource_bar_02.png",
                "bar_index": 5
            }
    },

"message":
{
    "type": "origins:action_on_callback",
    "entity_action_added": {
        "type": "origins:and",
        "actions": [
            {
                "type": "origins:execute_command",
                "command": "tellraw @s [\"\",{\"text\":\"YOU DREW A \"},{\"text\":\"DIAMOND\",\"color\":\"aqua\"},{\"text\":\" ! OH, AIN'T YOU SO RICH? \"}]",
                "permission_level": 4
            }, 
            {
                "type": "origins:execute_command",
                "command": "execute at @s positioned ~ ~5 ~ run function manhunt:diamond",
                "permission_level": 4
            },
            {
                "type": "origins:delay",
                "ticks": 1,
                "action": {
                "type": "origins:and",
                "actions": [
                    {
                    "type": "origins:execute_command",
                    "command": "tellraw @s {\"text\":\"(+ Armor)\",\"bold\":true,\"italic\":true}"
                    }
                        ]
                }
            }
        ]
    },
    "entity_action_removed": {
        "type": "origins:and",
        "actions": [
            {
                "type": "origins:execute_command",
                "command": "tag @s remove diamond1",
                "permission_level": 4
            },
            {
                "type": "origins:execute_command",
                "command": "tag @s remove diamond2",
                "permission_level": 4 
            }       
        ]
    }
},

"armor": {
    "type": "origins:conditioned_attribute",
    "modifier": {
        "name": "Increase attack speed",
        "attribute": "minecraft:generic.armor",
        "value": 3,
        "operation": "addition"
    }
},
"armor1": {
    "type": "origins:conditioned_attribute",
    "modifier": {
        "name": "Increase attack speed",
        "attribute": "minecraft:generic.armor",
        "value": 2,
        "operation": "addition"
    },
    "condition": {
        "type": "origins:resource",
        "resource": "manhunt:diamond_upgrade",
        "comparison": ">=",
        "compare_to": 1
    }
},
"armor2": {
    "type": "origins:attribute",
    "modifier": {
        "name": "Increase attack speed",
        "attribute": "minecraft:generic.armor_toughness",
        "value": 2,
        "operation": "addition"
    },
    "condition": {
        "type": "origins:resource",
        "resource": "manhunt:diamond_upgrade",
        "comparison": "==",
        "compare_to": 2
    }
},
"particles": 
{
    "type": "origins:action_over_time",
	"entity_action": {
        "type": "origins:execute_command",
        "command": "particle minecraft:dust 0 0.9 0.7 1 ~ ~1 ~ 0.5 0.7 0.5 0.1 10"
    },
    "interval": 10
},
"remove_resource": 
{
    "type": "origins:action_over_time",
	"entity_action": {
        "type": "origins:change_resource",
        "resource": "manhunt:diamond_resource",
        "change": -10
    },
    "interval": 10
},
"hidden": true
}