{
    "type": "origins:multiple",
    "prevent_trace_render": {
        "type": "origins:prevent_entity_render",
        "bientity_condition": {
            "type": "origins:and",
            "conditions": [
                {
                    "type": "origins:target_condition",
                    "condition": {
                        "type": "origins:passenger",
                        "bientity_condition": {
                            "type": "origins:actor_condition",
                            "condition": {
                                "type": "origins:and",
                                "conditions": [
                                    {
                                        "type": "origins:entity_type",
                                        "entity_type": "minecraft:armor_stand"
                                    },
                                    {
                                        "type": "origins:power",
                                        "power": "manhunt:sanguis/sense/delete_trace"
                                    }
                                ]
                            }
                        },
                        "compare_to": 1,
                        "comparison": ">="
                    }
                },
                {
                    "type": "origins:actor_condition",
                    "condition": {
                        "type": "origins:power",
                        "power": "manhunt:sanguis/sense/intuition",
                        "inverted": true
                    }
                }
            ]
        }
    },
    "prevent_simulation_render": {
        "type": "origins:prevent_entity_render",
        "bientity_condition": {
            "type": "origins:and",
            "conditions": [
                {
                    "type": "origins:target_condition",
                    "condition": {
                        "type": "origins:passenger",
                        "bientity_condition": {
                            "type": "origins:actor_condition",
                            "condition": {
                                "type": "origins:and",
                                "conditions": [
                                    {
                                        "type": "origins:entity_type",
                                        "entity_type": "minecraft:armor_stand"
                                    },
                                    {
                                        "type": "origins:power",
                                        "power": "manhunt:engineer/bacont/render_wall"
                                    }
                                ]
                            }
                        },
                        "compare_to": 1,
                        "comparison": ">="
                    }
                },
                {
                    "type": "origins:actor_condition",
                    "condition": {
                        "type": "origins:power",
                        "power": "manhunt:engineer/bacont/simulated",
                        "inverted": true
                    }
                }
            ]
        }
    },
    "prevent_simulation_players": {
        "type": "origins:prevent_entity_render",
        "bientity_condition": {
            "type": "origins:and",
            "conditions": [
                {
                    "type": "origins:target_condition",
                    "condition": {
                        "type": "origins:and",
                        "conditions": [
                            {
                                "type": "origins:entity_type",
                                "entity_type": "minecraft:player"
                            },
                            {
                                "type": "origins:power",
                                "power": "manhunt:engineer/bacont/simulated"
                            }
                        ]
                    }
                },
                {
                    "type": "origins:actor_condition",
                    "condition": {
                        "type": "origins:power",
                        "power": "manhunt:engineer/bacont/simulated",
                        "inverted": true
                    }
                }
            ]
        }
    },
    "prevent_soul_pickup":{
        "type": "eggolib:prevent_item_pickup",
        "bientity_condition": {
            "type": "origins:target_condition",
            "condition": {
                "type": "origins:origin",
                "origin": "manhunt:hunters/ritualist",
                "layer": "origins:hunters",
                "inverted": true
            }
        },
        "item_condition":  {
            "type": "origins:and",
            "conditions": [
                {
                    "type": "origins:nbt",
                    "nbt": "{CustomModelData:1}"
                },
                {
                    "type": "origins:ingredient",
                    "ingredient": {
                        "item": "minecraft:cyan_dye"
                    }
                }
            ]
        }
    },
    "bonk":{
        "type": "origins:action_on_hit",
        "bientity_action": {
            "type": "origins:target_action",
            "action":{
                "type": "origins:execute_command",
                "command": "playsound manhunt:bonk player @a ~ ~ ~ 2 1"
            }
        },
        "bientity_condition":{
            "type": "origins:and",
            "conditions": [
                {
                    "type": "origins:actor_condition",
                    "condition": {
                        "type": "origins:equipped_item",
                        "equipment_slot": "mainhand",
                        "item_condition": {
                            "type": "origins:nbt",
                            "nbt": "{display:{Name:'{\"text\":\"Berserker\\'s Horn\",\"color\":\"red\"}'},Enchantments:[{id:\"minecraft:vanishing_curse\",lvl:1s}],instrument:\"minecraft:sing_goat_horn\",CustomModelData:1}"
                        }
                    }
                },
                {
                    "type": "origins:target_condition",
                    "condition": {
                        "type": "origins:living"
                    }
                }
            ]
        }
    },
    "deleo_death":{
        "type": "origins:prevent_death",
        "entity_action": {
            "type": "origins:and",
            "actions": [
                {
                    "type": "origins:execute_command",
                    "command": "power grant @s manhunt:deleo/binding/binded",
                    "permission_level": 4
                },
                {
                    "type": "eggolib:close_screen"
                }
            ]
        },
        "damage_condition": {
            "type": "origins:attacker",
            "entity_condition": {
                "type": "origins:origin",
                "origin": "manhunt:runners/deleo",
                "layer": "origins:runners"
            }
        }
    },
    "hidden": true
}