{
    "type": "origins:multiple",
    "resource": {
        "type": "origins:resource",
        "min": 0,
        "max": 300,
        "start_value": 300,
        "hud_render": {
            "should_render": true,
            "sprite_location": "origins:textures/gui/community/spiderkolo/resource_bar_02.png",
            "bar_index": 9
        },
        "min_action": {
            "type": "origins:execute_command",
            "command": "power remove @s manhunt:heart"
        }
    },
    "upgrade": {
        "type": "origins:resource",
        "min": 0,
        "max": 2,
        "start_value": 0,
        "hud_render": {
            "should_render": false,
            "sprite_location": "origins:textures/gui/community/huang/resource_bar_02.png",
            "bar_index": 5
        }
    },
    "regen": {
        "type": "origins:action_over_time",
        "entity_action": {
            "type": "origins:heal",
            "amount": 1
        },
        "interval": 30
    },
    "regen1": {
        "type": "origins:action_over_time",
        "entity_action": {
            "type": "origins:heal",
            "amount": 1
        },
        "interval": 60,
        "condition": {
            "type": "origins:resource",
            "resource": "manhunt:heart_upgrade",
            "comparison": ">=",
            "compare_to": 1
        }
    },
    "regen2": {
        "type": "origins:action_over_time",
        "entity_action": {
            "type": "origins:heal",
            "amount": 1
        },
        "interval": 60,
        "condition": {
            "type": "origins:resource",
            "resource": "manhunt:heart_upgrade",
            "comparison": "==",
            "compare_to": 2
        }
    },
    "message": {
        "type": "origins:action_on_callback",
        "entity_action_gained": {
            "type": "origins:and",
            "actions": [
                {
                    "type": "origins:execute_command",
                    "command": "tellraw @s [\"\",{\"text\":\"YOU DREW A \"},{\"text\":\"HEART\",\"color\":\"red\"},{\"text\":\"! WHAT A CHANGE OF \"},{\"text\":\"HEART\",\"color\":\"red\"},{\"text\":\"! \"}]",
                    "permission_level": 4
                },
                {
                    "type": "origins:execute_command",
                    "command": "execute at @s positioned ~ ~5 ~ run function manhunt:heart",
                    "permission_level": 4
                },
                {
                    "type": "origins:delay",
                    "ticks": 1,
                    "action": {
                        "type": "origins:and",
                        "actions": [
                            {
                                "type": "origins:execute_command",
                                "command": "tellraw @s {\"text\":\"(Regeneration)\",\"bold\":true,\"italic\":true}"
                            }
                        ]
                    }
                }
            ]
        },
        "entity_action_removed": {
            "type": "origins:and",
            "actions": [
                {
                    "type": "origins:execute_command",
                    "command": "tag @s remove heart1",
                    "permission_level": 4
                },
                {
                    "type": "origins:execute_command",
                    "command": "tag @s remove heart2",
                    "permission_level": 4
                }
            ]
        }
    },
    "particles": {
        "type": "origins:action_over_time",
        "entity_action": {
            "type": "origins:execute_command",
            "command": "particle minecraft:heart ~ ~ ~ 0.5 1 0.5 1 10"
        },
        "interval": 10
    },
    "remove_resource": {
        "type": "origins:action_over_time",
        "entity_action": {
            "type": "origins:change_resource",
            "resource": "manhunt:heart_resource",
            "change": -10
        },
        "interval": 10
    },
    "hidden": true
}