{
    "type": "origins:multiple",
    "resource":
{ 
        "type": "origins:resource",
        "min": 0,
        "max": 400,
        "start_value": 400,
        "hud_render": {
			"should_render": true,
			"sprite_location": "origins:textures/gui/community/spiderkolo/resource_bar_02.png",
			"bar_index": 4
			},
        "min_action": {
                "type": "origins:and",
                "actions": [
            {
                "type": "origins:delay",
                "ticks": 1,
                "action": {
                "type": "origins:and",
                "actions": [
                    {
                    "type": "origins:execute_command",
                    "command": "power remove @s manhunt:horn_effects"
                    }
                        ]
                }
            }
        ]
    }
},

"cant_see":
{
    "type": "origins:action_on_callback",
    "entity_action_gained": {
        "type": "origins:and",
        "actions": [
            {
                "type": "origins:execute_command",
                "command": "particle minecraft:shriek 1 ~ ~ ~ 1 0.6 1 0.1 100",
                "permission_level": 4
            },
            {
                "type": "origins:execute_command",
                "command": "particle minecraft:wax_off ~ ~0.7 ~ 0.3 0.6 0.3 0.1 100",
                "permission_level": 4
            },
            {
                "type": "origins:execute_command",
                "command": "playsound minecraft:entity.illusioner.prepare_mirror player @s ~ ~ ~ 3 2",
                "permission_level": 4
            }
        ]
    }
},

"remove_resource": 
{
    "type": "origins:action_over_time",
	"entity_action": {
        "type": "origins:change_resource",
        "resource": "manhunt:horn_effects_resource",
        "change": -10
    },
    "interval": 10
},

    "armor": {
		"type": "origins:attribute",
		"modifier": {
			"name": "Increase armor",
			"attribute": "minecraft:generic.armor",
			"value": 3,
			"operation": "addition"
		}
	},
	"more_atk_speed": {
		"type": "origins:attribute",
		"modifier": {
			"name": "Increased attack speed",
			"attribute": "minecraft:generic.attack_speed",
			"value": 0.3,
			"operation": "addition"
		}
	},
    "particles": {
        "type": "origins:particle",
		"particle": "minecraft:note",
		"frequency": 4
	},
    "hidden": true
}