{
    "type": "origins:action_on_callback",
    "entity_action_gained": {
        "type": "origins:execute_command",
        "command": "tag @s add hunter"
    },
    "entity_action_removed": {
        "type": "origins:and",
        "actions": [{
            "type": "origins:execute_command",
            "command": "tag @s remove hunter"
        },
            {
                "type": "origins:execute_command",
                "command": "scoreboard players reset @s tracking"
            }
        ]
    },
    "entity_action_respawned": {
        "type": "origins:execute_command",
        "command": "give @s compass{display:{Name:'{\"text\":\"Tracking Compass\",\"bold\":true}'},LodestoneDimension:\"minecraft:overworld\",LodestoneTracked:0b,LodestonePos:{X:0,Y:0,Z:0}} 1"
    },
    "execute_chosen_when_orb": true,
    "hidden": true
}