{
    "type": "origins:multiple",
    "resource": {
        "type": "origins:resource",
        "min": 0,
        "max": 200,
        "start_value": 200,
        "hud_render": {
            "should_render": false,
            "sprite_location": "origins:textures/gui/resource_bar.png",
            "bar_index": 2
        },
        "min_action": {
            "type": "origins:and",
            "actions": [
                {
                    "type": "origins:execute_command",
                    "command": "tp @s @e[tag=tp1,limit=1,sort=nearest]",
                    "permission_level": 4
                },
                {
                    "type": "origins:execute_command",
                    "command": "kill @e[type=armor_stand,tag=tp1,limit=1,sort=nearest]"
                },
                {
                    "type": "origins:execute_command",
                    "command": "power remove @a[tag=runner] manhunt:stop_forceload"
                },
                {
                    "type": "origins:execute_command",
                    "command": "particle minecraft:sculk_charge 100 ~ ~1 ~ 0.5 0 0.5 0.1 100"
                },
                {
                    "type": "origins:execute_command",
                    "command": "particle minecraft:dust_color_transition 0 0 0 1 0 0.3 0.1 ~ ~1 ~ 0.4 0.6 0.4 1 100",
                    "permission_level": 4
                },
                {
                    "type": "origins:execute_command",
                    "command": "power remove @s manhunt:lurk_effects"
                }
            ]
        }
    },
    "cant_see": {
        "type": "origins:action_on_callback",
        "entity_action_gained": {
            "type": "origins:and",
            "actions": [
                {
                    "type": "origins:execute_command",
                    "command": "particle minecraft:sculk_charge 100 ~ ~1 ~ 0.5 0 0.5 0.1 100",
                    "permission_level": 4
                },
                {
                    "type": "origins:execute_command",
                    "command": "particle minecraft:dust_color_transition 0 0 0 1 0 0.3 0.1 ~ ~1 ~ 0.4 0.6 0.4 1 100",
                    "permission_level": 4
                },
                {
                    "type": "origins:execute_command",
                    "command": "playsound minecraft:entity.warden.roar player @s ~ ~ ~ 1 2",
                    "permission_level": 4
                }
            ]
        }
    },
    "remove_resource": {
        "type": "origins:action_over_time",
        "entity_action": {
            "type": "origins:change_resource",
            "resource": "manhunt:lurk_effects_resource",
            "change": -10
        },
        "interval": 10
    },
    "no_move": {
        "type": "origins:modify_velocity",
        "modifier": {
            "value": -1,
            "operation": "multiply_total"
        },
        "axes": [
            "x",
            "y",
            "z"
        ]
    },
    "no_atk_speed": {
        "type": "origins:attribute",
        "modifier": {
            "name": "Decrease speed",
            "attribute": "minecraft:generic.attack_speed",
            "value": -3,
            "operation": "multiply_total"
        }
    },
    "no_collision": {
        "type": "origins:prevent_entity_collision"
    },
    "overlay": {
        "type": "origins:overlay",
        "texture": "minecraft:textures/block/chiseled_deepslate.png",
        "strength": 0.8,
        "red": 0.05,
        "green": 0,
        "blue": 0.1,
        "draw_mode": "texture",
        "draw_phase": "below_hud",
        "hide_with_hud": false,
        "visible_in_third_person": false
    },
    "invisible": {
        "type": "origins:invisibility",
        "render_armor": false
    },
    "no_elytra": {
        "type": "origins:prevent_elytra_flight"
    },
    "no_attack": {
        "type": "origins:modify_damage_dealt",
        "modifier": {
            "operation": "multiply_total",
            "value": -1
        }
    },
    "leak": {
        "type": "origins:active_self",
        "entity_action": {
            "type": "origins:and",
            "actions": [
                {
                    "type": "origins:execute_command",
                    "command": "execute store result score @p[tag=runner] x run data get entity @p[tag=runner] Pos[0]"
                },
                {
                    "type": "origins:execute_command",
                    "command": "execute store result score @p[tag=runner] y run data get entity @p[tag=runner] Pos[1]"
                },
                {
                    "type": "origins:execute_command",
                    "command": "execute store result score @p[tag=runner] z run data get entity @p[tag=runner] Pos[2]"
                },
                {
                    "type": "origins:delay",
                    "ticks": 1,
                    "action": {
                        "type": "origins:execute_command",
                        "command": "execute as @p run tellraw @a[tag=hunter] [{\"selector\":\"@p[tag=runner]\"},{\"text\":\"'s coordinates are X:\"},{\"score\":{\"name\":\"@p[tag=runner]\",\"objective\":\"x\"}},{\"text\":\" Y:\"},{\"score\":{\"name\":\"@p[tag=runner]\",\"objective\":\"y\"}},{\"text\":\" Z:\"},{\"score\":{\"name\":\"@p[tag=runner]\",\"objective\":\"z\"}}]"
                    }
                }
            ]
        },
        "key": {
            "key": "key.origins.primary_active"
        },
        "cooldown": 600,
        "hud_render": {
            "sprite_location": "origins:textures/gui/community/huang/resource_bar_02.png",
            "bar_index": 1,
            "should_render": false
        }
    },
    "phase": {
        "type": "origins:phasing",
        "blacklist": false,
        "render_type": "blindness",
        "view_distance": 20,
        "phase_down_condition": {
            "type": "origins:and",
            "conditions": [
                {
                    "type": "origins:sneaking"
                },
                {
                    "type": "origins:creative_flying"
                }
            ]
        }
    },
    "no_damage": {
        "type": "origins:modify_damage_taken",
        "modifier": {
            "name": "No damage",
            "operation": "multiply_total",
            "value": -1
        }
    },
    "prevent_item": {
        "type": "origins:prevent_item_use"
    },
    "prevent_block": {
        "type": "origins:prevent_block_use"
    },
    "particles": {
        "type": "origins:action_over_time",
        "entity_action": {
            "type": "origins:execute_command",
            "command": "particle minecraft:sculk_soul ~ ~1 ~ 0.3 0 0.3 0.1 2"
        },
        "interval": 5
    },
    "hidden": true
}