{
    "type":"origins:multiple",

"air_speed":
{
    "type": "origins:modify_air_speed",
    "modifier": {
        "operation": "addition",
        "value": 0.01
    }
},
"fall_dmg":
{
    "type": "origins:invulnerability",
    "damage_condition": {
        "type": "origins:name",
        "name": "fall"
    }
},
"remove":
{
    "type": "origins:action_on_land",
    "entity_action": {
        "type": "origins:and",
        "actions": [
        {
        "type": "origins:delay",
        "ticks": 2,
        "action": {
        "type": "origins:execute_command",
        "command": "power remove @s manhunt:no_fall"
                }
            }
        ]
    }
},
"hidden": true
}