{
    "type": "origins:multiple",
    "resource": {
        "type": "origins:resource",
        "min": 0,
        "max": 600,
        "start_value": 600,
        "hud_render": {
            "should_render": true,
            "sprite_location": "origins:textures/gui/community/huang/resource_bar_01.png",
            "bar_index": 20
        },
        "min_action": {
            "type": "origins:and",
            "actions": [
                {
                    "type": "origins:delay",
                    "ticks": 1,
                    "action": {
                        "type": "origins:and",
                        "actions": [
                            {
                                "type": "origins:execute_command",
                                "command": "kill @e[tag=pillar_tp]"
                            }
                        ]
                    }
                }
            ]
        }
    },
    "remove_resource": {
        "type": "origins:action_over_time",
        "entity_action": {
            "type": "origins:change_resource",
            "resource": "manhunt:pillar_barrier_resource",
            "change": -10
        },
        "interval": 10
    },
    "particles": {
        "type": "origins:action_over_time",
        "entity_action": {
            "type": "origins:and",
            "actions": [
                {
                    "type": "origins:execute_command",
                    "command": "particle minecraft:end_rod ~ ~ ~9 5 10 0 0.1 1000 force @a"
                },
                {
                    "type": "origins:execute_command",
                    "command": "particle minecraft:end_rod ~ ~ ~-9 5 10 0 0.1 1000 force @a"
                },
                {
                    "type": "origins:execute_command",
                    "command": "particle minecraft:end_rod ~9 ~ ~ 0 10 5 0.1 1000 force @a"
                },
                {
                    "type": "origins:execute_command",
                    "command": "particle minecraft:end_rod ~-9 ~ ~ 0 10 5 0.1 1000 force @a"
                }
            ]
        },
        "interval": 40
    },
    "hidden": true
}