{
    "type": "origins:multiple",

        "default": {
            "type": "origins:active_self",
            "entity_action": {
                "type": "origins:and",
                "actions": [
                    {
                        "type": "origins:execute_command",
                        "command": "playsound minecraft:block.note_block.chime player @s"
                    }
                ]
            },
            "cooldown": 1,
            "hud_render": {
                "should_render": false
            },
            "key": {
                "key": "key.use",
                "continuous": false
            },
            "condition": {
                "type":"origins:and",
                "conditions":[{
                "type": "origins:equipped_item",
                "equipment_slot": "mainhand",
                "item_condition": {
                    "type": "origins:ingredient",
                    "ingredient": {
                        "item": "minecraft:compass"
                    }
                }
            },
            {
                "type": "origins:origin",
                "origin": "ringtones:default",
                "layer": "origins:ringtones"
            }
        ]
        }
        },
        "pig": {
            "type": "origins:active_self",
            "entity_action": {
                "type": "origins:and",
                "actions": [
                    {
                        "type": "origins:execute_command",
                        "command": "playsound minecraft:entity.pig.ambient player @s"
                    }
                ]
            },
            "cooldown": 1,
            "hud_render": {
                "should_render": false
            },
            "key": {
                "key": "key.use",
                "continuous": false
            },
            "condition": {
                "type":"origins:and",
                "conditions":[{
                "type": "origins:equipped_item",
                "equipment_slot": "mainhand",
                "item_condition": {
                    "type": "origins:ingredient",
                    "ingredient": {
                        "item": "minecraft:compass"
                    }
                }
            },
            {
                "type": "origins:origin",
                "origin": "ringtones:pig",
                "layer": "origins:ringtones"
            }
        ]
        }
        },
        "axolotl": {
            "type": "origins:active_self",
            "entity_action": {
                "type": "origins:and",
                "actions": [
                    {
                        "type": "origins:execute_command",
                        "command": "playsound minecraft:entity.axolotl.idle_air player @s ~ ~ ~ 3"
                    }
                ]
            },
            "cooldown": 1,
            "hud_render": {
                "should_render": false
            },
            "key": {
                "key": "key.use",
                "continuous": false
            },
            "condition": {
                "type":"origins:and",
                "conditions":[{
                "type": "origins:equipped_item",
                "equipment_slot": "mainhand",
                "item_condition": {
                    "type": "origins:ingredient",
                    "ingredient": {
                        "item": "minecraft:compass"
                    }
                }
            },
            {
                "type": "origins:origin",
                "origin": "ringtones:axolotl",
                "layer": "origins:ringtones"
            }
        ]
        }
        },
        "villager": {
            "type": "origins:active_self",
            "entity_action": {
                "type": "origins:and",
                "actions": [
                    {
                        "type": "origins:execute_command",
                        "command": "playsound minecraft:entity.villager.no player @s"
                    }
                ]
            },
            "cooldown": 1,
            "hud_render": {
                "should_render": false
            },
            "key": {
                "key": "key.use",
                "continuous": false
            },
            "condition": {
                "type":"origins:and",
                "conditions":[{
                "type": "origins:equipped_item",
                "equipment_slot": "mainhand",
                "item_condition": {
                    "type": "origins:ingredient",
                    "ingredient": {
                        "item": "minecraft:compass"
                    }
                }
            },
            {
                "type": "origins:origin",
                "origin": "ringtones:villager",
                "layer": "origins:ringtones"
            }
        ]
        }
        },
        "amethyst": {
            "type": "origins:active_self",
            "entity_action": {
                "type": "origins:and",
                "actions": [
                    {
                        "type": "origins:execute_command",
                        "command": "playsound minecraft:block.amethyst_block.break player @s ~ ~ ~ 1"
                    }
                ]
            },
            "cooldown": 1,
            "hud_render": {
                "should_render": false
            },
            "key": {
                "key": "key.use",
                "continuous": false
            },
            "condition": {
                "type":"origins:and",
                "conditions":[{
                "type": "origins:equipped_item",
                "equipment_slot": "mainhand",
                "item_condition": {
                    "type": "origins:ingredient",
                    "ingredient": {
                        "item": "minecraft:compass"
                    }
                }
            },
            {
                "type": "origins:origin",
                "origin": "ringtones:amethyst",
                "layer": "origins:ringtones"
            }
        ]
        }
        },
        "boom": {
            "type": "origins:active_self",
            "entity_action": {
                "type": "origins:and",
                "actions": [
                    {
                        "type": "origins:execute_command",
                        "command": "playsound minecraft:entity.generic.explode player @s ~ ~ ~ 1 1.5"
                    }
                ]
            },
            "cooldown": 1,
            "hud_render": {
                "should_render": false
            },
            "key": {
                "key": "key.use",
                "continuous": false
            },
            "condition": {
                "type":"origins:and",
                "conditions":[{
                "type": "origins:equipped_item",
                "equipment_slot": "mainhand",
                "item_condition": {
                    "type": "origins:ingredient",
                    "ingredient": {
                        "item": "minecraft:compass"
                    }
                }
            },
            {
                "type": "origins:origin",
                "origin": "ringtones:tnt",
                "layer": "origins:ringtones"
            }
        ]
        }
        },
        "drink": {
            "type": "origins:active_self",
            "entity_action": {
                "type": "origins:and",
                "actions": [
                    {
                        "type": "origins:execute_command",
                        "command": "playsound minecraft:entity.generic.drink player @s"
                    }
                ]
            },
            "cooldown": 1,
            "hud_render": {
                "should_render": false
            },
            "key": {
                "key": "key.use",
                "continuous": false
            },
            "condition": {
                "type":"origins:and",
                "conditions":[{
                "type": "origins:equipped_item",
                "equipment_slot": "mainhand",
                "item_condition": {
                    "type": "origins:ingredient",
                    "ingredient": {
                        "item": "minecraft:compass"
                    }
                }
            },
            {
                "type": "origins:origin",
                "origin": "ringtones:drink",
                "layer": "origins:ringtones"
            }
        ]
        }
        },
        "vindicator": {
            "type": "origins:active_self",
            "entity_action": {
                "type": "origins:and",
                "actions": [
                    {
                        "type": "origins:execute_command",
                        "command": "playsound minecraft:entity.vindicator.celebrate player @s"
                    }
                ]
            },
            "cooldown": 1,
            "hud_render": {
                "should_render": false
            },
            "key": {
                "key": "key.use",
                "continuous": false
            },
            "condition": {
                "type":"origins:and",
                "conditions":[{
                "type": "origins:equipped_item",
                "equipment_slot": "mainhand",
                "item_condition": {
                    "type": "origins:ingredient",
                    "ingredient": {
                        "item": "minecraft:compass"
                    }
                }
            },
            {
                "type": "origins:origin",
                "origin": "ringtones:vindicator",
                "layer": "origins:ringtones"
            }
        ]
        }
        },
        "shulker": {
            "type": "origins:active_self",
            "entity_action": {
                "type": "origins:and",
                "actions": [
                    {
                        "type": "origins:execute_command",
                        "command": "playsound minecraft:entity.shulker.ambient player @s ~ ~ ~ 1"
                    }
                ]
            },
            "cooldown": 1,
            "hud_render": {
                "should_render": false
            },
            "key": {
                "key": "key.use",
                "continuous": false
            },
            "condition": {
                "type":"origins:and",
                "conditions":[{
                "type": "origins:equipped_item",
                "equipment_slot": "mainhand",
                "item_condition": {
                    "type": "origins:ingredient",
                    "ingredient": {
                        "item": "minecraft:compass"
                    }
                }
            },
            {
                "type": "origins:origin",
                "origin": "ringtones:shulker",
                "layer": "origins:ringtones"
            }
        ]
        }
        },
        "flop": {
            "type": "origins:active_self",
            "entity_action": {
                "type": "origins:and",
                "actions": [
                    {
                        "type": "origins:execute_command",
                        "command": "playsound minecraft:entity.cod.flop player @s ~ ~ ~ 5 1"
                    }
                ]
            },
            "cooldown": 1,
            "hud_render": {
                "should_render": false
            },
            "key": {
                "key": "key.use",
                "continuous": false
            },
            "condition": {
                "type":"origins:and",
                "conditions":[{
                "type": "origins:equipped_item",
                "equipment_slot": "mainhand",
                "item_condition": {
                    "type": "origins:ingredient",
                    "ingredient": {
                        "item": "minecraft:compass"
                    }
                }
            },
            {
                "type": "origins:origin",
                "origin": "ringtones:flop",
                "layer": "origins:ringtones"
            }
        ]
        }
        },
        "anvil": {
            "type": "origins:active_self",
            "entity_action": {
                "type": "origins:and",
                "actions": [
                    {
                        "type": "origins:execute_command",
                        "command": "playsound minecraft:block.anvil.place player @s ~ ~ ~ 1"
                    }
                ]
            },
            "cooldown": 1,
            "hud_render": {
                "should_render": false
            },
            "key": {
                "key": "key.use",
                "continuous": false
            },
            "condition": {
                "type":"origins:and",
                "conditions":[{
                "type": "origins:equipped_item",
                "equipment_slot": "mainhand",
                "item_condition": {
                    "type": "origins:ingredient",
                    "ingredient": {
                        "item": "minecraft:compass"
                    }
                }
            },
            {
                "type": "origins:origin",
                "origin": "ringtones:anvil",
                "layer": "origins:ringtones"
            }
        ]
        }
        },
        "hidden": true
    }