{
    "type": "origins:multiple",
    "activate": {
        "type": "origins:active_self",
        "entity_action": {
            "type": "origins:and",
            "actions": [
                {
                    "type": "origins:execute_command",
                    "command": "tag @s add saved"
                },
                {
                    "type": "origins:execute_command",
                    "command": "playsound minecraft:block.note_block.chime player @s"
                }
            ]
        },
        "key": {
            "key": "key.saveToolbarActivator"
        },
        "cooldown": 1,
        "hud_render": {
            "should_render": false
        }
    },
    "notification": {
        "type": "origins:action_on_callback",
        "entity_action_gained": {
            "type": "origins:execute_command",
            "command": "tellraw @s [\"\",{\"text\":\"Use your [\"},{\"keybind\":\"key.saveToolbarActivator\"},{\"text\":\"] key to teleport to the Guardian!\"}]"
        },
        "entity_action_removed": {
            "type": "origins:execute_command",
            "command": "tag @s remove saved"
        },
        "execute_chosen_when_orb": true
    },
    "hidden": true
}