{
    "type": "origins:multiple",
    "resource": {
        "type": "origins:resource",
        "min": 0,
        "max": 70,
        "start_value": 70,
        "hud_render": {
            "should_render": false,
            "sprite_location": "origins:textures/gui/resource_bar.png",
            "bar_index": 2
        },
        "min_action": {
            "type": "origins:and",
            "actions": [
                {
                    "type": "origins:delay",
                    "ticks": 1,
                    "action": {
                        "type": "origins:and",
                        "actions": [
                            {
                                "type": "origins:execute_command",
                                "command": "power remove @s manhunt:shadow_effects"
                            }
                        ]
                    }
                }
            ]
        }
    },
    "sound": {
        "type": "origins:action_on_callback",
        "entity_action_gained": {
            "type": "origins:and",
            "actions": [
                {
                    "type": "origins:execute_command",
                    "command": "playsound minecraft:entity.generic.extinguish_fire player @s ~ ~ ~ 3 0.8",
                    "permission_level": 4
                }
            ]
        }
    },
    "remove_resource": {
        "type": "origins:action_over_time",
        "entity_action": {
            "type": "origins:change_resource",
            "resource": "manhunt:shadow_effects_resource",
            "change": -10
        },
        "interval": 10
    },
    "more_speed": {
        "type": "origins:attribute",
        "modifier": {
            "name": "Increase speed",
            "attribute": "minecraft:generic.movement_speed",
            "value": 0.4,
            "operation": "multiply_total"
        }
    },
    "no_atk_speed": {
        "type": "origins:attribute",
        "modifier": {
            "name": "Decrease speed",
            "attribute": "minecraft:generic.attack_speed",
            "value": -3,
            "operation": "multiply_total"
        }
    },
    "no_damage": {
        "type": "origins:modify_damage_taken",
        "modifier": {
            "name": "No damage",
            "operation": "multiply_total",
            "value": -1
        }
    },
    "overlay": {
        "type": "origins:overlay",
        "texture": "minecraft:textures/block/seagrass.png",
        "strength": 0.2,
        "red": 0.05,
        "green": 0.05,
        "blue": 0.4,
        "draw_mode": "texture",
        "draw_phase": "below_hud",
        "hide_with_hud": false,
        "visible_in_third_person": false
    },
    "invisible": {
        "type": "origins:invisibility",
        "render_armor": false
    },
    "no_elytra": {
        "type": "origins:prevent_elytra_flight"
    },
    "no_attack": {
        "type": "origins:modify_damage_dealt",
        "modifier": {
            "operation": "multiply_total",
            "value": -1
        }
    },
    "prevent_item": {
        "type": "origins:prevent_item_use"
    },
    "prevent_block": {
        "type": "origins:prevent_block_use"
    },
    "prevent_entity_render":{
        "type": "origins:prevent_entity_render"
    },
    "prevent_collision":{
        "type": "origins:prevent_entity_collision"
    },
    "shader":{
        "type": "origins:shader",
        "shader": "minecraft:shaders/post/sobel.json"
    },
    "hidden": true
}