{
    "type": "origins:multiple",
    "resource":
{ 
        "type": "origins:resource",
        "min": 0,
        "max": 140,
        "start_value": 140,
        "hud_render": {
			"should_render": false,
			"sprite_location": "origins:textures/gui/resource_bar.png",
			"bar_index": 2
			},
        "min_action": {
            "type": "origins:and",
            "actions": [
        {
            "type": "origins:delay",
            "ticks": 1,
            "action": {
            "type": "origins:and",
            "actions": [
                {
                "type": "origins:execute_command",
                "command": "power remove @s manhunt:shutdown_effects"
                    }
                ]
            }
        }
    ]
}
},
"sound":
{
    "type": "origins:action_on_callback",
    "entity_action_gained": {
        "type": "origins:and",
        "actions": [
            {
                "type": "origins:execute_command",
                "command": "playsound minecraft:block.beacon.deactivate player @s ~ ~ ~ 3 0.5",
                "permission_level": 4
            },
            {
                "type": "origins:execute_command",
                "command": "effect give @s minecraft:darkness 7 0 true",
                "permission_level": 4
            }
        ]
    }
},
"particles": 
{
    "type": "origins:action_over_time",
	"entity_action": {
        "type": "origins:execute_command",
        "command": "particle minecraft:dust_color_transition 1 1 1 1 0 0 0 ~ ~1 ~ 0.5 0.3 0.5 1 50",
        "permission_level": 4
    },
    "interval": 30
},

"remove_resource": 
{
    "type": "origins:action_over_time",
	"entity_action": {
        "type": "origins:change_resource",
        "resource": "manhunt:shutdown_effects_resource",
        "change": -10
    },
    "interval": 10
},
    "more_speed": {
		"type": "origins:attribute",
		"modifier": {
			"name": "Increase speed",
			"attribute": "minecraft:generic.movement_speed",
			"value": -0.75,
			"operation": "multiply_total"
		}
	},

    "no_atk_speed": {
		"type": "origins:attribute",
		"modifier": {
			"name": "Decrease speed",
			"attribute": "minecraft:generic.attack_speed",
			"value": -0.75,
			"operation": "multiply_total"
		}
	},
    "air_speed":{
        "type": "origins:modify_air_speed",
        "modifier": {
            "operation": "multiply_total",
            "value": -0.5
        }
        },
    "overlay":
{
    "type": "origins:overlay",
    "texture": "minecraft:textures/block/red_nether_bricks.png",
    "strength": 0.2,
    "red": 0.25,
    "green": 0.05,
    "blue": 0.4,
    "draw_mode": "texture",
    "draw_phase": "below_hud",
    "hide_with_hud": false,
    "visible_in_third_person": false
},
	"no_elytra":
	{
		"type": "origins:prevent_elytra_flight"
	},
    "no_damage":
    {
        "type": "origins:modify_damage_taken",
        "modifier": {
        "name": "No damage",
        "operation": "multiply_total",
        "value": -0.75
        }
    },
    "prevent_item": 
    {
        "type": "origins:prevent_item_use"
    },
    "prevent_block": 
    {
        "type": "origins:prevent_block_use"
    },
    "hidden": true
}