{
    "type": "origins:multiple",

    "resource":
    { 
            "type": "origins:resource",
            "min": 0,
            "max": 300,
            "start_value": 300,
            "hud_render":{
                "should_render":true,
                "sprite_location":"origins:textures/gui/community/huang/resource_bar_02.png",
                "bar_index": 5
            },   
            "min_action": {
                "type": "origins:execute_command",
                "command": "power remove @s manhunt:spade"
            }
    },
    "upgrade":
    { 
            "type": "origins:resource",
            "min": 0,
            "max": 2,
            "start_value": 0,
            "hud_render":{
                "should_render":false,
                "sprite_location":"origins:textures/gui/community/huang/resource_bar_02.png",
                "bar_index": 5
            }
    },
"message":
{
    "type": "origins:action_on_callback",
    "entity_action_gained": {
        "type": "origins:and",
        "actions": [
            {
                "type": "origins:execute_command",
                "command": "tellraw @s [\"\",{\"text\":\"YOU DREW A \"},{\"text\":\"SPADE\",\"color\":\"gray\"},{\"text\":\"! TIME TO BE A JACK OF ALL \"},{\"text\":\"SPADES\",\"color\":\"gray\"},{\"text\":\"! \"}]",
                "permission_level": 4
            }, 
            {
                "type": "origins:execute_command",
                "command": "execute at @s positioned ~ ~5 ~ run function manhunt:spade",
                "permission_level": 4
            },
            {
                "type": "origins:delay",
                "ticks": 1,
                "action": {
                "type": "origins:and",
                "actions": [
                    {
                    "type": "origins:execute_command",
                    "command": "/tellraw @s {\"text\":\"(+Atk and +Atk Speed)\",\"bold\":true,\"italic\":true}"
                    }
                        ]
                }
            }
        ]
    },
    "entity_action_removed": {
        "type": "origins:and",
        "actions": [
            {
                "type": "origins:execute_command",
                "command": "tag @s remove spade1",
                "permission_level": 4
            },
            {
                "type": "origins:execute_command",
                "command": "tag @s remove spade2",
                "permission_level": 4
            }       
        ]
    }
},

"more_attack_speed": {
    "type": "origins:attribute",
    "modifier": {
        "name": "Increase attack speed",
        "attribute": "minecraft:generic.attack_speed",
        "value": 0.2,
        "operation": "addition"
    }
},
"more_attack_speed1": {
    "type": "origins:attribute",
    "modifier": {
        "name": "Increase attack speed",
        "attribute": "minecraft:generic.attack_speed",
        "value": 0.1,
        "operation": "addition"
    },
    "condition": {
        "type": "origins:resource",
        "resource": "manhunt:spade_upgrade",
        "comparison": ">=",
        "compare_to": 1
    }
},
"more_attack_speed2": {
    "type": "origins:attribute",
    "modifier": {
        "name": "Increase attack speed",
        "attribute": "minecraft:generic.attack_speed",
        "value": 0.1,
        "operation": "addition"
    },
    "condition": {
        "type": "origins:resource",
        "resource": "manhunt:spade_upgrade",
        "comparison": "==",
        "compare_to": 2
    }
},
"more_attack": {
    "type": "origins:modify_damage_dealt",
    "modifier": {
        "operation": "addition",
        "value": 1
    }
},
"more_attack1": {
    "type": "origins:modify_damage_dealt",
    "modifier": {
        "operation": "addition",
        "value": 1
    },
    "condition": {
        "type": "origins:resource",
        "resource": "manhunt:spade_upgrade",
        "comparison": ">=",
        "compare_to": 1
    }
},
"more_attack2": {
    "type": "origins:modify_damage_dealt",
    "modifier": {
        "operation": "addition",
        "value": 1
    },
    "condition": {
        "type": "origins:resource",
        "resource": "manhunt:spade_upgrade",
        "comparison": "==",
        "compare_to": 2
    }
},
"particles": 
{
    "type": "origins:action_over_time",
	"entity_action": {
        "type": "origins:execute_command",
        "command": "particle minecraft:damage_indicator ~ ~ ~ 0.5 1 0.5 1 10"
    },
    "interval": 10
},
"remove_resource": 
{
    "type": "origins:action_over_time",
	"entity_action": {
        "type": "origins:change_resource",
        "resource": "manhunt:spade_resource",
        "change": -10
    },
    "interval": 10
},
"hidden": true
}