{
    "type": "origins:multiple",
    "resource":
{ 
        "type": "origins:resource",
        "min": 0,
        "max": 300,
        "start_value": 300,
        "hud_render": {
			"should_render": true,
			"sprite_location": "origins:textures/gui/resource_bar.png",
			"bar_index": 2
			},
        "min_action": {
            
            "type": "origins:execute_command",
            "command": "power remove @s manhunt:sprint_downside"
            }
},

"remove_resource": 
{
    "type": "origins:action_over_time",
	"entity_action": {
        "type": "origins:change_resource",
        "resource": "manhunt:sprint_downside_resource",
        "change": -10
    },
    "interval": 10
},
    "more_speed": {
		"type": "origins:attribute",
		"modifier": {
			"name": "Increase speed",
			"attribute": "minecraft:generic.movement_speed",
			"value": -0.5,
			"operation": "multiply_total"
		}
	},
	"no_attack": {
		"type": "origins:modify_damage_dealt",
		"modifier": {
			"operation": "multiply_total",
			"value": -0.75
		}
	},
    "less_air_speed":
    {
        "type": "origins:modify_air_speed",
        "modifier": {
            "operation": "multiply_total",
            "value": -0.25
        }
    },
    "particles": {
        "type": "origins:particle",
		"particle": "minecraft:flame",
		"frequency": 1
	},
    "hidden": true
}