{
    "type": "origins:multiple",
    "resource":
{ 
        "type": "origins:resource",
        "min": 0,
        "max": 200,
        "start_value": 200,
        "hud_render": {
			"should_render": true,
			"sprite_location": "origins:textures/gui/community/huang/resource_bar_01.png",
			"bar_index": 20
			},
        "min_action": {
                "type": "origins:and",
                "actions": [{
            "type": "origins:execute_command",
            "command": "power grant @s manhunt:sprint_downside"
            },
            {
                "type": "origins:delay",
                "ticks": 1,
                "action": {
                "type": "origins:and",
                "actions": [
                    {
                    "type": "origins:execute_command",
                    "command": "power remove @s manhunt:sprint_effects"
                    }
                        ]
                }
            }
        ]
    }
},
"sound":
{
    "type": "origins:action_on_callback",
    "entity_action_gained": {
        "type": "origins:and",
        "actions": [
            {
                "type": "origins:execute_command",
                "command": "particle minecraft:dust 1 1 0 1 ~ ~ ~ 0.5 1 0.5 0.01 100",
                "permission_level": 4
            },
            {
                "type": "origins:execute_command",
                "command": "playsound minecraft:item.trident.thunder player @s ~ ~ ~ 1 0.6",
                "permission_level": 4
            }
        ]
    }
},

"remove_resource": 
{
    "type": "origins:action_over_time",
	"entity_action": {
        "type": "origins:change_resource",
        "resource": "manhunt:sprint_effects_resource",
        "change": -10
    },
    "interval": 10
},
    "more_speed": {
		"type": "origins:attribute",
		"modifier": {
			"name": "Increase speed",
			"attribute": "minecraft:generic.movement_speed",
			"value": 1,
			"operation": "multiply_total"
		}
	},
	"no_attack": {
		"type": "origins:modify_damage_dealt",
		"modifier": {
			"operation": "multiply_total",
			"value": -0.5
		}
	},
    "particles": {
        "type": "origins:particle",
		"particle": "minecraft:flame",
		"frequency": 1
	},
    "hidden": true
}