{
    "type": "origins:multiple",
    "no_move": {
        "type": "origins:modify_velocity",
        "modifier": {
            "value": -1,
            "operation": "multiply_total"
        },
        "axes": [
            "x",
            "y",
            "z"
        ]
    },
    "no_atk_speed": {
        "type": "origins:attribute",
        "modifier": {
            "name": "Decrease speed",
            "attribute": "minecraft:generic.attack_speed",
            "value": -3,
            "operation": "multiply_total"
        }
    },
    "no_attack": {
        "type": "origins:modify_damage_dealt",
        "modifier": {
            "operation": "multiply_total",
            "value": -1
        }
    },
    "no_damage": {
        "type": "origins:modify_damage_taken",
        "modifier": {
            "name": "No damage",
            "operation": "multiply_total",
            "value": -1
        }
    },
    "prevent_item": {
        "type": "origins:prevent_item_use"
    },
    "no_exhaust":{
        "type": "origins:modify_exhaustion",
        "modifier": {
            "name": "No exhaustion",
            "operation": "multiply_total",
            "value": -1
        }
    },
    "no_abilities": {
        "type": "eggolib:prevent_key_use",
        "keys": [
            "key.origins.primary_active",
            "key.origins.secondary_active"
        ]
    },
    "no_pickup":{
        "type": "eggolib:prevent_item_pickup",
        "item_condition": {
            "type": "eggolib:block_item"
        }
    },
    "mobs_ignore":{
        "type": "apugli:mobs_ignore"
    },
    "hidden": true
}