{
    "type": "origins:multiple",
    "resource":
{ 
        "type": "origins:resource",
        "min": 0,
        "max": 30,
        "start_value": 30,
        "hud_render": {
			"should_render": true,
			"sprite_location": "origins:textures/gui/community/spiderkolo/resource_bar_02.png",
			"bar_index": 14
			},
        "min_action": {
        "type": "origins:execute_command",
        "command": "power remove @s manhunt:strapped"
    }
},

"resource2":
{ 
        "type": "origins:resource",
        "min": 0,
        "max": 1,
        "start_value": 0,
        "hud_render": {
			"should_render": false
		}
},

"bomb":
{
    "type": "origins:action_over_time",
    "entity_action": {
        "type": "origins:and",
        "actions": [
            {
                "type": "origins:delay",
                "ticks": 1,
                "action": {
                "type": "origins:and",
                "actions": [
                    {
                        "type": "origins:execute_command",
                        "command": "power remove @s manhunt:strapped"
                    }
                ]
                }
            },
            {    
                "type": "origins:explode",
                "power": 1,
                "destruction_type": "break",
                "damage_self": true,
                "create_fire": true
            }
        ]
    },
    "interval": 5,
    "condition": {
        "type": "origins:resource",
        "resource": "manhunt:strapped_resource2",
        "comparison": "==",
        "compare_to": 1
    }
},

"tag":
{
    "type": "origins:action_on_callback",
    "entity_action_gained": {
        "type": "origins:and",
        "actions": [
            {
                "type": "origins:execute_command",
                "command": "tag @s add strapped",
                "permission_level": 4
            }
        ]
    },
    "entity_action_remove": {
        "type": "origins:and",
        "actions": [
            {
                "type": "origins:execute_command",
                "command": "tag @s remove strapped",
                "permission_level": 4
            }
        ]
    }
},

"remove_resource": {
    "type": "origins:action_over_time",
	"entity_action": {
        "type": "origins:change_resource",
        "resource": "manhunt:strapped_resource",
        "change": -1
    },
    "interval": 20
},
    "particles": {
        "type": "origins:particle",
		"particle": "minecraft:campfire_cosy_smoke",
		"frequency": 4
	},
    "hidden": true
}