{
    "type": "origins:action_on_callback",
    "entity_action_gained": {
        "type": "origins:and",
        "actions": [
            {
                        "type": "origins:area_of_effect",
                        "radius": 8,
                        "bientity_action": {
                            "type": "origins:add_velocity",
                            "z": -2,
                            "client": false
                        }
                    },
            {
                "type": "origins:execute_command",
                "command": "playsound minecraft:block.bell.resonate player @s ~ ~ ~ 3 1.5",
                "permission_level": 4
            },
            {
                "type": "origins:execute_command",
                "command": "particle minecraft:portal ~ ~ ~ 1 1 1 1 1000",
                "permission_level": 4
            },
            {
                "type": "origins:execute_command",
                "command": "power remove @e manhunt:tag_effects",
                "permission_level": 4
            },
            {
                "type": "origins:execute_command",
                "command": "tag @e remove whisper",
                "permission_level": 4
            },
            {
                "type": "origins:delay",
                "ticks": 1,
                "action": {
                "type": "origins:and",
                "actions": [
                    {
                    "type": "origins:execute_command",
                    "command": "power remove @e manhunt:supernova_trigger"
                    }
                        ]
                }
            }
        ]
    }
}