{
    "type": "origins:multiple",

        "activate": {
                "type": "origins:active_self",
                "entity_action": {
                    "type": "origins:and",
                    "actions": [
                        {
                            "type": "origins:execute_command",
                            "command": "power grant @e[tag=whisper] manhunt:supernova_trigger"
                        }
                    ]
                    },
                "key": {
                    "key": "key.origins.primary_active"
                },
        "cooldown": 600,
        "hud_render": {
            "sprite_location": "origins:textures/gui/community/huang/resource_bar_01.png",
            "bar_index": 5,
            "should_render": true
        }   
        },
        "name":"§l§nSupernova",
        "description":"Pressing your main ability key will turn every tagged entity into a supernova of momentum; pulling other entities around them towards them"
    }