{
    "type": "origins:multiple",
    "resource":
{ 
        "type": "origins:resource",
        "min": 0,
        "max": 300,
        "start_value": 300,
        "hud_render": {
			"should_render": true,
			"sprite_location": "origins:textures/gui/community/spiderkolo/resource_bar_02.png",
			"bar_index": 17
			},
        "min_action": {
        "type": "origins:execute_command",
        "command": "power remove @s manhunt:tag_effects"
    }
},
"cant_see":
{
    "type": "origins:action_on_callback",
    "entity_action_gained": {
        "type": "origins:and",
        "actions": [
            {
                "type": "origins:execute_command",
                "command": "tag @s add whisper",
                "permission_level": 4
            }
        ]
    },
    "entity_action_removed": {
        "type": "origins:and",
        "actions": [
            {
                "type": "origins:execute_command",
                "command": "tag @s remove whisper",
                "permission_level": 4
            }
        ]
    }
},

"remove_resource": 
{
    "type": "origins:action_over_time",
	"entity_action": {
        "type": "origins:change_resource",
        "resource": "manhunt:tag_effects_resource",
        "change": -10
    },
    "interval": 10
},
    "particles": {
        "type": "origins:particle",
		"particle": "minecraft:soul",
		"frequency": 4
	},
    "hidden": true
}