{
    "type": "origins:multiple",
    "life_is_a_highway": {
        "type": "eggolib:modify_hurt_ticks",
        "modifier": {
            "operation": "multiply_total",
            "value": -0.25
        }
    },
    "feeble": {
        "type": "origins:attribute",
        "modifier": {
            "attribute": "minecraft:generic.max_health",
            "operation": "addition",
            "value": -4
        }
    },
    "name": "Life is a Highway",
    "description": "Your priority for speed has left your own healh to decline.",
    "badges": [
        {
            "type": "origins:tooltip",
            "sprite": "origins:textures/gui/badge/star.png",
            "text": "Life is a Highway: §c-25%§r invincibility frames\nFeeble: §c-2§r §l§c❤§r"
        }
    ]
}