{
    "type": "origins:multiple",
    "duration": {
        "type": "origins:resource",
        "min": 0,
        "max": 100,
        "start_value": 100,
        "hud_render": {
            "should_render": false
        },
        "min_action": {
            "type": "origins:and",
            "actions": [
                {
                    "type": "origins:execute_command",
                    "command": "particle minecraft:end_rod ~ ~1 ~ 0.4 0.4 0.4 0.1 15",
                    "permission_level": 4
                },
                {
                    "type": "origins:execute_command",
                    "command": "particle minecraft:dust_color_transition 1 1 1 1 0 0.7 1 ~ ~1 ~ 0.7 0.7 0.7 1 30",
                    "permission_level": 4
                },
                {
                    "type": "origins:execute_command",
                    "command": "playsound minecraft:block.beacon.activate player @a ~ ~ ~ 4 2",
                    "permission_level": 4
                },
                {
                    "type": "origins:execute_command",
                    "command": "playsound minecraft:entity.player.levelup player @a ~ ~ ~ 3 1.5",
                    "permission_level": 4
                },
                {
                    "type": "origins:execute_command",
                    "command": "execute on vehicle run kill @s"
                },
                {
                    "type": "origins:execute_command",
                    "command": "kill @s"
                }
            ]
        }
    },
    "duration_down": {
        "type": "origins:action_over_time",
        "entity_action": {
            "type": "origins:change_resource",
            "resource": "manhunt:guardian/savior/savior_shield_duration",
            "change": -10
        },
        "interval": 10
    },
    "sounds": {
        "type": "origins:action_over_time",
        "entity_action": {
            "type": "origins:and",
            "actions": [
                {
                    "type": "origins:execute_command",
                    "command": "playsound minecraft:entity.iron_golem.repair player @s ~ ~ ~ 3 0.5",
                    "permission_level": 4
                },
                {
                    "type": "origins:execute_command",
                    "command": "playsound minecraft:entity.allay.item_taken player @a ~ ~ ~ 4 0.5",
                    "permission_level": 4
                }
            ]
        },
        "interval": 40
    },
    "rotation": {
        "type": "origins:action_over_time",
        "entity_action": {
            "type": "origins:and",
            "actions": [
                {
                    "type": "origins:execute_command",
                    "command": "execute on vehicle as @s at @s run tp @s ~ ~ ~ ~8 ~",
                    "permission_level": 4
                },
                {
                    "type": "origins:execute_command",
                    "command": "particle minecraft:end_rod ~ ~1 ~ 0.4 0.5 0.4 0.1 1",
                    "permission_level": 4
                },
                {
                    "type": "origins:execute_command",
                    "command": "particle minecraft:dust_color_transition 1 1 1 1 0 0.7 1 ~ ~1 ~ 0.7 0.7 0.7 1 2",
                    "permission_level": 4
                }
            ]
        },
        "interval": 1
    },
    "hidden": true
}