{
    "type": "origins:multiple",
    "tunnel": {
        "type": "origins:action_on_callback",
        "entity_action_gained": {
            "type": "origins:and",
            "actions": [
                {
                    "type": "origins:execute_command",
                    "command": "tag @s add tunneled"
                },
                {
                    "type": "origins:spawn_entity",
                    "entity_type": "minecraft:item_display",
                    "tag": "{Tags:[\"tunnel_main_display\"],Passengers: [{cardinal_components: {\"eggolib:misc\": {Tags: []}}, id: \"minecraft:item_display\", item: {Count: 1b, id: \"minecraft:andesite\"}, transformation: {left_rotation: [0.584431f, 0.5856375f, 0.40165007f, 0.39261478f], right_rotation: [-0.2617904f, -0.0880093f, -0.29402587f, 0.915024f], scale: [0.5625034f, 0.4375252f, 0.49996874f], translation: [-0.125f, 0.0f, -0.3125f]}}, {cardinal_components: {\"eggolib:misc\": {Tags: []}}, id: \"minecraft:item_display\", item: {Count: 1b, id: \"minecraft:cobblestone\"}, transformation: {left_rotation: [0.3889194f, 0.38637415f, 0.5929861f, 0.58976614f], right_rotation: [0.27672666f, 0.08635313f, 0.29114956f, -0.9117003f], scale: [0.5625038f, 0.43750614f, 0.4999881f], translation: [-0.1875f, 0.25f, 0.5625f]}}, {cardinal_components: {\"eggolib:misc\": {Tags: []}}, id: \"minecraft:item_display\", item: {Count: 1b, id: \"minecraft:stone\"}, transformation: {left_rotation: [0.52945733f, 0.52833927f, 0.46985158f, 0.46879837f], right_rotation: [-0.14714445f, -0.046458162f, -0.29896364f, 0.9417064f], scale: [0.937502f, 0.44279453f, 0.627671f], translation: [0.375f, 0.3125f, -0.375f]}}, {cardinal_components: {\"eggolib:misc\": {Tags: []}}, id: \"minecraft:item_display\", item: {Count: 1b, id: \"minecraft:cobblestone\"}, transformation: {left_rotation: [0.60056776f, 0.6030116f, 0.37708223f, 0.3653827f], right_rotation: [-0.26114735f, -0.09001606f, -0.29458922f, 0.91483134f], scale: [0.5625026f, 0.43752512f, 0.49996918f], translation: [0.4375f, 0.1875f, 0.5625f]}}, {cardinal_components: {\"eggolib:misc\": {Tags: []}}, id: \"minecraft:item_display\", item: {Count: 1b, id: \"minecraft:stone\"}, transformation: {left_rotation: [0.7076186f, 0.7065308f, 0.006793729f, 0.006617896f], right_rotation: [0.27945313f, 0.08780918f, 0.28919363f, -0.9113521f], scale: [1.000001f, 0.43750563f, 0.49999145f], translation: [-0.375f, 0.3125f, 0.0f]}}, {cardinal_components: {\"eggolib:misc\": {Tags: []}}, id: \"minecraft:item_display\", item: {Count: 1b, id: \"minecraft:cobblestone\"}, transformation: {left_rotation: [0.0f, 0.0f, 0.7065272f, 0.7076858f], right_rotation: [0.0f, 0.0f, -0.3001802f, 0.9538825f], scale: [0.24984677f, 0.62500083f, 0.25f], translation: [-0.125f, 0.4375f, 0.3125f]}}, {cardinal_components: {\"eggolib:misc\": {Tags: []}}, id: \"minecraft:item_display\", item: {Count: 1b, id: \"minecraft:cobblestone\"}, transformation: {left_rotation: [-0.26515993f, -0.26466507f, 0.65628475f, 0.65492964f], right_rotation: [0.0f, 0.0f, -0.30217525f, 0.9532525f], scale: [0.8750015f, 0.56263983f, 0.56235945f], translation: [0.625f, 0.25f, 0.25f]}}], cardinal_components: {\"eggolib:misc\": {Tags: []}}, item: {Count: 1b, id: \"minecraft:stone\"}, transformation: {left_rotation: [0.0f, -0.063044704f, 0.0f, 0.9980107f], right_rotation: [0.0f, 0.053032663f, 0.0f, 0.9985928f], scale: [0.75095415f, 0.24999999f, 0.6866995f], translation: [0.0f, 0.0f, 0.0f]}}",
                    "entity_action": {
                        "type": "origins:and",
                        "actions": [
                            {
                                "type": "origins:execute_command",
                                "command": "data modify entity @s Rotation set value [0f,0f]",
                                "permission_level": 4
                            },
                            {
                                "type": "origins:execute_command",
                                "command": "execute on passengers run data modify entity @s Rotation set value [0f,0f]",
                                "permission_level": 4
                            },
                            {
                                "type": "origins:spawn_entity",
                                "entity_type": "minecraft:armor_stand",
                                "tag": "{Invulnerable:1b,Invisible:1b,Tags:[\"tunnel2\"],DisabledSlots:4144959}",
                                "entity_action": {
                                    "type": "origins:and",
                                    "actions": [
                                        {
                                            "type": "origins:execute_command",
                                            "command": "power grant @s manhunt:geologist/tunnel/tunnels",
                                            "permission_level": 4
                                        },
                                        {
                                            "type": "origins:execute_command",
                                            "command": "ride @s mount @e[limit=1,sort=nearest,tag=tunnel_main_display]",
                                            "permission_level": 4
                                        },
                                        {
                                            "type": "origins:execute_command",
                                            "command": "execute store result score @s digging run scoreboard players get @e[limit=1,sort=nearest,type=armor_stand,tag=tunneled] digging",
                                            "permission_level": 4
                                        }
                                    ]
                                }
                            }
                        ]
                    }
                },
                {
                    "type": "origins:execute_command",
                    "command": "tag @s remove tunneled"
                },
                {
                    "type": "origins:execute_command",
                    "command": "kill @s"
                }
            ]
        }
    },
    "particles": {
        "type": "origins:action_over_time",
        "entity_action": {
            "type": "origins:and",
            "actions": [
                {
                    "type": "origins:execute_command",
                    "command": "particle minecraft:item dirt ~ ~ ~ 0.2 0.2 0.2 0.05 10"
                },
                {
                    "type": "origins:execute_command",
                    "command": "particle minecraft:item deepslate ~ ~ ~ 0.2 0.2 0.2 0.05 10"
                }
            ]
        },
        "interval": 5
    }
}