{
    "type": "origins:multiple",
    "fall_immune":{
        "type": "origins:invulnerability",
        "damage_condition": {
            "type": "origins:in_tag",
            "tag": "minecraft:is_fall"
        },
        "condition": {
            "type": "origins:fall_distance",
            "comparison": "<=",
            "compare_to": 7
        }
    },
    "leapfrog":{
        "type": "origins:modify_jump",
        "modifier": {
            "operation": "addition",
            "value": 0.3
        },
        "entity_action": {
            "type": "origins:execute_command",
            "command": "particle cloud ~ ~ ~ 0.3 0.3 0.3 0.01 16 normal @a"
        },
        "condition": {
            "type": "origins:set_size",
            "set": "manhunt:chef/frog/activate_frog",
            "comparison": ">",
            "compare_to": 0
        }
    },
    "name": "Jambée de Frog",
    "description": "Your background with frogs left you with superhuman abilities",
    "badges": [
        {
            "type": "origins:tooltip",
            "sprite": "origins:textures/gui/badge/star.png",
            "text": "You take reduced fall damage and only do so after falling 7 or more blocks."
        }
    ]
}