{
    "type": "origins:multiple",
    "duration": {
        "type": "origins:resource",
        "min": 0,
        "max": 140,
        "start_value": 0,
        "hud_render": {
            "should_render": false
        }
    },
    "duration_down": {
        "type": "origins:action_over_time",
        "entity_action":  {
            "type": "origins:change_resource",
            "resource": "manhunt:chef/thrill_duration",
            "change": -10,
            "operation": "add"
        },
        "interval": 10,
        "condition": {
            "type": "origins:resource",
            "resource": "manhunt:chef/thrill_duration",
            "comparison": ">",
            "compare_to": 0
        }
    },
    "hit": {
        "type": "origins:self_action_when_hit",
        "entity_action": {
            "type": "origins:change_resource",
            "resource": "manhunt:chef/thrill_duration",
            "change": 140,
            "operation": "set"
        },
        "damage_condition": {
            "type": "origins:amount",
            "comparison": ">=",
            "compare_to": 1.0
        },
        "cooldown": 1
    },
    "healing":{
        "type": "origins:modify_healing",
        "modifier": {
            "operation": "multiply_total",
            "value": -0.5
        },
        "condition": {
            "type": "origins:resource",
            "resource": "manhunt:chef/thrill_duration",
            "comparison": ">",
            "compare_to": 0
        }
    },
    "fod":{
        "type": "origins:modify_food",
        "entity_action": {
            "type": "origins:change_resource",
            "resource": "manhunt:chef/thrill_duration",
            "change": 0,
            "operation": "set"
        }
    },
    "name": "The Thrill of Cuisine",
    "description": "Whilst in battle, it isn't as easy to enjoy the smaller details of a meal",
    "badges": [
        {
            "type": "origins:tooltip",
            "sprite": "origins:textures/gui/badge/star.png",
            "text": "Even if you are full hunger, regeneration is cut by 50% for 7s after taking damage from an entity.\nEating food will cut the 7s delay entirely"
        }
    ]
}