{
    "type": "origins:multiple",
    "duration": {
        "type": "origins:resource",
        "min": 0,
        "max": 20,
        "start_value": 20,
        "hud_render": {
            "should_render": false
        },
        "min_action": {
            "type": "origins:execute_command",
            "command": "kill @s"
        }
    },
    "move": {
        "type": "origins:action_over_time",
        "entity_action": {
            "type": "origins:and",
            "actions": [
                {
                    "type": "origins:execute_command",
                    "command": "execute if block ^ ^1.5 ^0.8 #minecraft:replaceable run tp @s ^ ^ ^0.8"
                },
                {
                    "type": "origins:execute_command",
                    "command": "particle minecraft:cloud ~ ~1.5 ~ 0.4 0.3 0.4 0.02 10"
                }
            ]
        },
        "interval": 1
    },
    "push": {
        "type": "origins:action_over_time",
        "entity_action": {
            "type": "origins:area_of_effect",
            "radius": 3,
            "bientity_action": {
                "type": "origins:add_velocity",
                "z": 0.2
            },
            "bientity_condition": {
                "type": "origins:target_condition",
                "condition": {
                    "type": "origins:and",
                    "conditions": [
                        {
                            "type": "origins:living"
                        },
                        {
                            "type": "origins:using_item",
                            "item_condition": {
                                "type": "origins:ingredient",
                                "ingredient": {
                                    "item": "minecraft:shield"
                                }
                            },
                            "inverted": true
                        },
                        {
                            "type": "origins:origin",
                            "origin": "manhunt:runners/draco",
                            "layer": "manhunt:runners",
                            "inverted": true
                        }
                    ]
                }
            }
        },
        "interval": 1
    },
    "push_shield": {
        "type": "origins:action_over_time",
        "entity_action": {
            "type": "origins:area_of_effect",
            "radius": 3,
            "bientity_action": {
                "type": "origins:add_velocity",
                "z": 0.05
            },
            "bientity_condition": {
                "type": "origins:target_condition",
                "condition": {
                    "type": "origins:and",
                    "conditions": [
                        {
                            "type": "origins:living"
                        },
                        {
                            "type": "origins:using_item",
                            "item_condition": {
                                "type": "origins:ingredient",
                                "ingredient": {
                                    "item": "minecraft:shield"
                                }
                            }
                        },
                        {
                            "type": "origins:origin",
                            "origin": "manhunt:runners/draco",
                            "layer": "manhunt:runners",
                            "inverted": true
                        }
                    ]
                }
            }
        },
        "interval": 1
    },
    "duration_down": {
        "type": "origins:action_over_time",
        "entity_action": {
            "type": "origins:change_resource",
            "resource": "manhunt:draco/wings/gust_duration",
            "change": -10
        },
        "interval": 10
    },
    "hidden": true
}