{
    "type": "origins:multiple",
    "duration": {
        "type": "origins:resource",
        "min": 0,
        "max": 60,
        "start_value": 60,
        "hud_render": {
            "should_render": true,
            "sprite_location": "origins:textures/gui/community/spiderkolo/resource_bar_02.png",
            "bar_index": 14
        },
        "min_action": {
            "type": "origins:execute_command",
            "command": "power remove @s manhunt:berserker/bleeding/bleeding_effects"
        }
    },
    "duration_down": {
        "type": "origins:action_over_time",
        "entity_action": {
            "type": "origins:change_resource",
            "resource": "manhunt:berserker/bleeding/bleeding_effects_duration",
            "change": -10
        },
        "interval": 10
    },
    "bleed_use": {
        "type": "origins:action_on_item_use",
        "entity_action": {
            "type": "origins:damage",
            "amount": 1,
            "source": {
                "name": "generic.player",
                "bypasses_armor": true
            }
        }
    },
    "bleed_recurrent": {
        "type": "origins:action_over_time",
        "entity_action": {
            "type": "origins:damage",
            "amount": 1,
            "source": {
                "name": "generic.player",
                "bypasses_armor": true
            }
        },
        "interval": 15,
        "condition": {
            "type": "origins:using_item"
        }
    },
    "particles": {
        "type": "origins:action_over_time",
        "entity_action": {
            "type": "origins:execute_command",
            "command": "particle minecraft:dust_color_transition 1 0 0 1 0.4 0 0 ~ ~1 ~ 0.4 0.5 0.4 0.1 10",
            "permission_level": 4
        },
        "interval": 5
    },
    "hidden": true
}