{
    "type": "origins:multiple",
    "on_crit": {
        "type": "eggolib:action_on_critical_hit",
        "bientity_action": {
            "type": "origins:and",
            "actions": [
                {
                    "type": "origins:target_action",
                    "action": {
                        "type": "origins:execute_command",
                        "command": "power grant @s manhunt:berserker/bleeding/bleeding_effects",
                        "permission_level": 4
                    }
                }
            ]
        }
    },
    "name": "§l§nBleeding Hit",
    "description": "Dealing a crit hit will grant the target bleeding stack that will last 3 seconds for the victim. If the victim uses any item (Ender pearl, charging a bow, blocking with a shield), they will take periodic damage."
}