{
    "type": "origins:multiple",

	"state": {
		"type": "origins:resource",
		"min": 0,
		"max": 1,
		"start_value": 1,
		"hud_render": {
			"should_render": false
		}
	},

	"perform": {
		"type": "origins:active_self",
		"entity_action": {
			"type": "origins:and",
			"actions": [
				{
					"type": "origins:change_resource",
					"resource": "*:*_state",
					"change": -1
				},
				{
					"type": "origins:add_velocity",
					"y": 0.4,
					"set": true
				},
				{
					"type": "origins:add_velocity",
					"z": 0.7,
					"space": "local_horizontal"
				},
				{
					"type": "origins:play_sound",
					"sound": "minecraft:entity.ender_dragon.flap"
				},
                {
                    "type": "origins:execute_command",
                    "command": "execute at @s run particle minecraft:firework ~ ~ ~ 0.2 0.05 0.2 0.05 20 normal",
                    "permission_level": 4
                },
				{
                    "type": "origins:execute_command",
                    "command": "execute at @s run particle minecraft:cloud ~ ~ ~ 0.2 0.05 0.2 0.05 10 normal",
                    "permission_level": 4
                },
				{
					"type": "origins:set_fall_distance",
					"fall_distance": 0
				}
			]
		},
		"condition": {
			"type": "origins:and",
			"conditions": [
				{
					"type": "origins:on_block",
					"inverted": true
				},
				{
					"type": "origins:resource",
					"resource": "*:*_state",
					"comparison": ">",
					"compare_to": 0
				},
				{
					"type": "origins:fluid_height",
					"fluid": "minecraft:water",
					"comparison": "==",
					"compare_to": 0
				}
			]
		},
		"cooldown": 100,
		"hud_render": {
			"sprite_location": "origins:textures/gui/community/huang/resource_bar_01.png",
			"bar_index": 1
		},
		"key": {
			"key": "key.jump",
			"continuous": false
		}
	},
	
	"restore": {
		"type": "origins:action_on_land",
		"entity_action": {
			"type": "origins:change_resource",
			"resource": "*:*_state",
			"change": 1
		}
	},
    "name": "§l§nDouble-Jump",
    "description": "You can double jump by pressing space again while airborne."
}
