{
    "type": "origins:multiple",
    "more_speed": {
        "type": "origins:conditioned_attribute",
        "modifier": {
            "name": "Increase speed",
            "attribute": "minecraft:generic.movement_speed",
            "value": 0.3,
            "operation": "multiply_total"
        },
        "condition": {
            "type": "origins:and",
            "conditions": [
                {
                    "type": "apugli:entity_in_radius",
                    "condition": {
                        "type": "origins:and",
                        "conditions": [
                            {
                                "type": "apoli:entity_type",
                                "entity_type": "minecraft:player"
                            },
                            {
                                "type": "origins:origin",
                                "origin": "manhunt:runner",
                                "layer": "origins:origin"
                            }
                        ]
                    },
                    "radius": 64.0,
                    "comparison": "==",
                    "compare_to": 0
                }
            ]
        }
    },
    "more_air_speed": {
        "type": "origins:modify_velocity",
        "axes": [
            "z",
            "x"
        ],
        "modifier": {
            "operation": "multiply_total",
            "value": 0.1
        },
        "condition": {
            "type": "origins:and",
            "conditions": [
                {
                    "type": "origins:on_block",
                    "inverted": true
                },
                {
                    "type": "apugli:entity_in_radius",
                    "condition": {
                        "type": "origins:and",
                        "conditions": [
                            {
                                "type": "apoli:entity_type",
                                "entity_type": "minecraft:player"
                            },
                            {
                                "type": "origins:origin",
                                "origin": "manhunt:runner",
                                "layer": "origins:origin"
                            }
                        ]
                    },
                    "radius": 64.0,
                    "comparison": "==",
                    "compare_to": 0
                }
            ]
        }
    },
    "name": "§l§nYOU'RE COMING BACK HERE BIT-",
    "description": "You go faster when there is no runner in a 64 block radius."
}