{
    "type": "origins:multiple",

        "sprint": {
                "type": "origins:active_self",
                "entity_action": {
                    "type": "origins:and",
                    "actions": [
                        {
                            "type": "origins:execute_command",
                            "command": "power grant @s manhunt:sprint_effects"
                        },
                        {
                            "type": "origins:execute_command",
                            "command": "execute at @s run particle minecraft:effect ~ ~ ~ 0.2 0 0.2 0.3 200 normal"
                        },
                        {
                            "type": "origins:execute_command",
                            "command": "execute at @s run particle minecraft:cloud ~ ~1 ~ 0.1 0.5 0.1 0.1 50 normal"
                        }
                    ]
                    },
                "key": {
                    "key": "key.origins.primary_active"
                },
        "cooldown": 1800,
        "hud_render": {
            "sprite_location": "origins:textures/gui/community/huang/resource_bar_02.png",
            "bar_index": 1,
            "should_render": true
        }   
        },
        "name":"§l§nGotta Go Fast",
        "description":"Pressing your main ability key gives you a massive speed boost that lasts for 10 seconds. However, the speed boost makes it quite hard to land solid attacks, reducing your damage dealt. Additionally, once the speed boost ends you become exhausted, reducing your speed and even further reducing your damage dealt temporarily."
    }
