{
    "type": "origins:multiple",
    "cooldown": {
        "type": "origins:resource",
        "min": 0,
        "max": 1800,
        "start_value": 0,
        "hud_render": {
            "sprite_location": "origins:textures/gui/community/huang/resource_bar_02.png",
            "bar_index": 1,
            "should_render": true,
            "condition":{
                "type": "origins:resource",
                "resource": "manhunt:scout/sprint_cooldown",
                "comparison": ">",
                "compare_to": 0
            }
        }
    },
    "cooldown_down": {
        "type": "origins:action_over_time",
        "entity_action": {
            "type": "origins:and",
            "actions": [
                {
                    "type": "origins:change_resource",
                    "resource": "manhunt:scout/sprint_cooldown",
                    "change": -1
                }
            ]
        },
        "interval": 1
    },
    "sprint": {
        "type": "origins:active_self",
        "entity_action": {
            "type": "origins:and",
            "actions": [
                {
                    "type": "origins:if_else",
                    "condition": {
                        "type": "origins:resource",
                        "resource": "manhunt:scout/sprint_cooldown",
                        "comparison": "==",
                        "compare_to": 0
                    },
                    "if_action": {
                        "type": "origins:execute_command",
                        "command": "power grant @s manhunt:sprint_effects"
                    },
                    "else_action": {
                        "type": "origins:execute_command",
                        "command": "power remove @s manhunt:sprint_effects"
                    }
                },
                {
                    "type": "origins:execute_command",
                    "command": "execute at @s run particle minecraft:effect ~ ~ ~ 0.2 0 0.2 0.3 200 normal"
                },
                {
                    "type": "origins:execute_command",
                    "command": "execute at @s run particle minecraft:cloud ~ ~1 ~ 0.1 0.5 0.1 0.1 50 normal"
                },
                {
                    "type": "origins:change_resource",
                    "resource": "manhunt:scout/sprint_cooldown",
                    "change": 1800
                }
            ]
        },
        "key": {
            "key": "key.origins.secondary_active"
        },
        "cooldown": 1,
        "hud_render": {
            "should_render": false
        }
    },
    "name": "§l§nGotta Go Fast",
    "description": "Pressing your secondary ability key will give you a massive speed boost that lasts for 10 seconds. During the Sprint, you can press the key again to cancel it. It is worth noting that whilst using this ability, you cannot deal damage and taking damage during the sprint will cancel it and slow you down."
}