{
    "type": "origins:multiple",
    "weaker": {
        "type": "origins:modify_damage_taken",
        "modifier": {
            "name": "More damage",
            "operation": "multiply_total",
            "value": 0.25
        }
    },
    "weakened":{
        "type": "origins:modify_damage_dealt",
        "modifier": {
            "operation": "multiply_total",
            "value": -0.25
        }
    },
    "name": "Frail Body",
    "description": "Being so fast and lightweight doesn't make you that resistant and strong compared to your teammates.",
    "badges": [
        {
            "type": "origins:tooltip",
            "sprite": "origins:textures/gui/badge/star.png",
            "text": "Frail: Deal §l§c25%§r less damage and receive §l§c25%§r more damage."
        }
    ]
}