{
    "type": "origins:multiple",
    "fishless": {
        "type": "origins:modify_food",
        "item_condition": {
            "type": "origins:ingredient",
            "ingredient": {
                "tag": "manhunt:eating_fish"
            },
            "inverted": true
        },
        "food_modifier": {
            "name": "Decreased food points",
            "operation": "multiply_total",
            "value": -0.5
        },
        "saturation_modifier": {
            "name": "Decreased saturation points",
            "operation": "multiply_total",
            "value": -0.5
        }
    },
    "name": "Pescivore",
    "description": "Your refined palette is exclusively used to fish. Anything else is not your cup of tea.",
    "badges": [
        {
            "type": "origins:tooltip",
            "sprite": "origins:textures/gui/community/silent/badge/math/expression_multiply_alt.png",
            "text": "§c§lPescivore 🍴§r\n§7Anything else than §r§efish§r§7 gives §r§c-50%§r§7 Hunger and Saturation.\n\n§7§lPassive Ability"
        }
    ]
}