{
    "parent": "minecraft:item/generated",
    "textures": {
        "layer0": "minecraft:item/blue_dye"
    },
    "overrides": [
        {
            "predicate": {
                "custom_model_data": 1
            },
            "model": "manhunt:item/icons/fortis_icon"
        },
        {
            "predicate": {
                "custom_model_data": 2
            },
            "model": "manhunt:item/engineer_portal1"
        },
        {
            "predicate": {
                "custom_model_data": 3
            },
            "model": "manhunt:item/engineer_portal2"
        },
        {
            "predicate": {
                "custom_model_data": 4
            },
            "model": "manhunt:item/engineer_portal3"
        },
        {
            "predicate": {
                "custom_model_data": 5
            },
            "model": "manhunt:item/engineer_portal4"
        }
    ]
}