{
    "parent": "minecraft:item/generated",
    "textures": {
        "layer0": "minecraft:item/cyan_dye"
    },
    "overrides": [
        {
            "predicate": {
                "custom_model_data": 1
            },
            "model": "manhunt:item/reaper/soul"
        },
        {
            "predicate": {
                "custom_model_data": 2
            },
            "model": "manhunt:item/icons/soul_icon"
        },
        {
            "predicate": {
                "custom_model_data": 3
            },
            "model": "manhunt:item/engineer/pillar_wave"
        }
    ]
}