{
    "type": "origins:multiple",
    "duration": {
        "type": "origins:resource",
        "min": 0,
        "max": 40,
        "start_value": 40,
        "hud_render": {
            "should_render": false
        },
        "min_action": {
            "type": "origins:and",
            "actions": [
                {
                    "type": "origins:execute_command",
                    "command": "execute on passengers at @s run particle minecraft:dust_color_transition 0.1 0 0.9 1.2 0.5 0 1 ~ ~1 ~ 0.3 0.3 0.3 1 100",
                    "permission_level": 4
                },
                {
                    "type": "origins:execute_command",
                    "command": "execute on passengers run kill @s",
                    "permission_level": 4
                },
                {
                    "type": "origins:execute_command",
                    "command": "kill @s",
                    "permission_level": 4
                }
            ]
        }
    },
    "duration_down": {
        "type": "origins:action_over_time",
        "entity_action": {
            "type": "origins:and",
            "actions": [
                {
                    "type": "origins:change_resource",
                    "resource": "manhunt:enchanter/recall/anim_duration",
                    "change": -1
                },
                {
                    "type": "origins:execute_command",
                    "command": "tp @s ~ ~0.2 ~ ~12 ~",
                    "permission_level": 4
                },
                {
                    "type": "origins:execute_command",
                    "command": "data modify entity @e[limit=1,sort=nearest,type=minecraft:item_display,tag=enchanter_icon] Rotation[0] set from entity @s Rotation[0]",
                    "permission_level": 4
                },
                {
                    "type": "origins:execute_command",
                    "command": "execute on passengers at @s run particle minecraft:dust_color_transition 0.1 0 0.9 1.2 0.5 0 1 ^ ^1 ^2 0 0 0 1 1",
                    "permission_level": 4
                },
                {
                    "type": "origins:execute_command",
                    "command": "execute on passengers at @s run particle minecraft:dust_color_transition 0.1 0 0.9 1.2 0.5 0 1 ^ ^1 ^-2 0 0 0 1 1",
                    "permission_level": 4
                }
            ]
        },
        "interval": 1
    }
}