{
	"type": "origins:active_self",
	"key": {
		"key": "key.origins.primary_active"
	},
	"hud_render": {
		"should_render": false
	},
	"entity_action": {
		"type": "origins:and",
		"actions": [
			{
				"type": "origins:raycast",
				"distance": 5,
				"entity": false,
				"before_action": {
					"type": "origins:and",
					"actions": [
						{
							"type": "origins:execute_command",
							"command": "tag @s add tping"
						}
					]
				},
				"command_step": 1,
				"command_along_ray": "execute positioned ~ ~ ~ if block ~ ~ ~ air run tp @e[tag=tping,sort=nearest] ~ ~ ~",
				"miss_action": {
					"type": "origins:and",
					"actions": [
						{
							"type": "origins:add_velocity",
							"space": "local",
							"z": 0.01
						},
						{
							"type": "origins:execute_command",
							"command": "tag @s remove tping"
						},
						{
							"type": "origins:change_resource",
							"resource": "manhunt:ritualist/sacrifice_souls",
							"change": -3
						},
						{
							"type": "origins:execute_command",
							"command": "particle minecraft:soul ~ ~0.2 ~ 0.1 0.1 0.1 0.1 10",
							"permission_level": 4
						},
						{
							"type": "origins:execute_command",
							"command": "playsound minecraft:entity.enderman.teleport player @a ~ ~1 ~ 2 1.5",
							"permission_level": 4
						},
						{
							"type": "origins:execute_command",
							"command": "effect give @p slow_falling 1 0 true",
							"permission_level": 4
						},
						{
							"type": "origins:execute_command",
							"command": "effect give @p speed 5 0 true",
							"permission_level": 4
						}
					]
				},
				"hit_action": {
					"type": "origins:and",
					"actions": [
						{
							"type": "origins:add_velocity",
							"space": "local",
							"y": 0.01
						},
						{
							"type": "origins:execute_command",
							"command": "tag @s remove tping"
						}
					]
				}
			}
		]
	},
	"condition": {
		"type": "origins:resource",
		"resource": "manhunt:ritualist/sacrifice_souls",
		"comparison": ">=",
		"compare_to": 3
	},
	"name": "Instant Transmission",
	"description": "Upon using your primary you instantly teleport a few blocks forwards and gain a speed boost, at the cost of a soul."
}