{
    "type": "origins:multiple",
    "use": {
        "type": "origins:active_self",
        "entity_action": {
            "type": "origins:and",
            "actions": [
                {
                    "type": "origins:equipped_item_action",
                    "equipment_slot": "mainhand",
                    "action": {
                        "type": "origins:consume",
                        "amount": 1
                    }
                },
                {
                    "type": "origins:execute_command",
                    "command": "particle minecraft:instant_effect ~ ~1 ~ 0.3 0.3 0.3 0.1 100",
                    "permission_level": 4
                },
                {
                    "type": "origins:execute_command",
                    "command": "particle minecraft:dust_color_transition 1 1 0 1 0 1 1 ~ ~1 ~ 0.3 0.3 0.3 0.1 100",
                    "permission_level": 4
                },
                {
                    "type": "origins:execute_command",
                    "command": "playsound minecraft:item.lodestone_compass.lock player @a ~ ~ ~ 1 0.5",
                    "permission_level": 4
                },
                {
                    "type": "origins:execute_command",
                    "command": "playsound minecraft:block.bone_block.break player @a ~ ~ ~ 1 0.5",
                    "permission_level": 4
                },
                {
                    "type": "origins:execute_command",
                    "command": "execute as @a[tag=hunter] if score @s hunters = @p tracking run power grant @s manhunt:jester/switch/switch_effects",
                    "permission_level": 4
                },
                {
                    "type": "origins:change_resource",
                    "resource": "manhunt:jester/switch/switch_duration",
                    "change": 60
                }
            ]
        },
        "cooldown": 65,
        "hud_render": {
            "should_render": false
        },
        "key": {
            "key": "key.origins.primary_active"
        },
        "condition": {
            "type": "origins:and",
            "conditions": [
                {
                    "type": "origins:equipped_item",
                    "equipment_slot": "mainhand",
                    "item_condition": {
                        "type": "origins:ingredient",
                        "ingredient": {
                            "item": "minecraft:compass"
                        }
                    }
                }
            ]
        }
    },
    "duration": {
        "type": "origins:resource",
        "min": 0,
        "max": 60,
        "start_value": 0,
        "hud_render": {
            "should_render": false
        },
        "min_action":{
            "type": "origins:and",
            "actions": [{
                    "type": "origins:execute_command",
                    "command": "summon minecraft:armor_stand ~ ~ ~ {Invisible:1b,Invulnerable:1b,NoGravity:1b,Marker:1b,Tags:[\"switchtp\"]}",
                    "permission_level": 4
                },
                {
                    "type": "origins:execute_command",
                    "command": "particle minecraft:totem_of_undying ~ ~1 ~ 0.5 0.5 0.5 0.4 100",
                    "permission_level": 4
                },
                {
                    "type": "origins:execute_command",
                    "command": "playsound minecraft:item.totem.use player @a ~ ~ ~ 1 2",
                    "permission_level": 4
                },
                {
                    "type": "origins:set_fall_distance",
                    "fall_distance": 0
                },
                {
                    "type": "origins:execute_command",
                    "command": "execute at @a[tag=hunter] if score @p hunters = @s tracking run particle minecraft:totem_of_undying ~ ~1 ~ 0.5 0.5 0.5 0.4 100",
                    "permission_level": 4
                },
                {
                    "type": "origins:execute_command",
                    "command": "execute at @a[tag=hunter] if score @p hunters = @s tracking run playsound minecraft:item.totem.use player @a ~ ~ ~ 1 2",
                    "permission_level": 4
                },
                {
                    "type": "origins:execute_command",
                    "command": "execute at @a[tag=hunter] if score @p hunters = @s tracking run tp @s ~ ~ ~ ~ ~",
                    "permission_level": 4
                }
            ]
        }
    },
    "duration_down": {
        "type": "origins:action_over_time",
        "entity_action": {
            "type": "origins:change_resource",
            "resource": "manhunt:jester/switch/switch_duration",
            "change": -1
        },
        "interval": 1
    },
    "name": "Switch",
    "description": "Use hunter compasses to switch position with a hunter at your desire.",
    "badges": [
        {
            "type": "origins:tooltip",
            "sprite": "origins:textures/gui/badge/star.png",
            "text": "Right-click with a compass to select a hunter."
        },
        {
            "type": "origins:keybind",
            "sprite": "origins:textures/gui/badge/toggle.png",
            "text": "Switch with %s!"
        }
    ]
}