{
    "type": "origins:multiple",
    "detect": {
        "type": "origins:active_self",
        "entity_action": {
            "type": "origins:and",
            "actions": [
                {
                    "type": "origins:execute_command",
                    "command": "execute as @s at @s run function manhunt:sense"
                },
                {
                    "type": "origins:execute_command",
                    "command": "power grant @s manhunt:sanguis/sense/intuition"
                },
                {
                    "type": "origins:execute_command",
                    "command": "playsound minecraft:block.respawn_anchor.set_spawn player @s ~ ~ ~ 1 2"
                }
            ]
        },
        "key": {
            "key": "key.origins.secondary_active"
        },
        "cooldown": 3600,
        "hud_render": {
            "sprite_location": "origins:textures/gui/community/spiderkolo/resource_bar_02.png",
            "bar_index": 19,
            "should_render": true
        }
    },
    "name": "The Voices.",
    "description": "Let the voices speak to you and awaken your true intuition.",
    "badges": [
        {
            "type": "origins:tooltip",
            "sprite": "origins:textures/gui/badge/star.png",
            "text": "Upon using the ability, the voices will speak and you will be granted Hunter vision.\nIn your chat, the voices will speak.\nA §2green§r message indicates no hunters in a 100 block radius.\nAn §6orange§r message indicates a hunter player between 30 and 100 block radius.\nA §4red§r message indicates a hunter player in a 30 block radius.\nHunter Vision: Hunters glow in a 30 block radius."
        },
        {
            "type": "origins:keybind",
            "sprite": "origins:textures/gui/badge/toggle.png",
            "text": "Let the voices speak with %s!"
        },
        {
            "type": "origins:tooltip",
            "sprite": "manhunt:textures/icons/cooldown.png",
            "text": "Cooldown: 3m"
        }
    ]
}