{
    "type": "origins:self_action_on_kill",
    "entity_action": {
        "type": "origins:and",
        "actions": [
            {
                "type": "origins:if_else",
                "condition":  {
                    "type": "origins:resource",
                    "resource": "manhunt:sanguis/fury/fury_effects_duration",
                    "compare_to": 0,
                    "comparison": ">"
                },
                "if_action":  {
                    "type": "origins:apply_effect",
                    "effects": [
                        {
                            "effect": "minecraft:strength",
                            "duration": 140,
                            "is_ambient": false,
                            "show_particles": false,
                            "show_icon": true
                        },
                        {
                            "effect": "minecraft:regeneration",
                            "duration": 100,
                            "amplifier": 2,
                            "is_ambient": false,
                            "show_particles": false,
                            "show_icon": true
                        }
                    ]
                },
                "else_action":  {
                    "type": "origins:apply_effect",
                    "effects": [
                        {
                            "effect": "minecraft:strength",
                            "duration": 140,
                            "is_ambient": false,
                            "show_particles": false,
                            "show_icon": true
                        },
                        {
                            "effect": "minecraft:regeneration",
                            "duration": 100,
                            "amplifier": 1,
                            "is_ambient": false,
                            "show_particles": false,
                            "show_icon": true
                        }
                    ]
                }
            },
            {
                "type": "origins:feed",
                "food": 6,
                "saturation": 0
            },
            {
                "type": "origins:execute_command",
                "command": "playsound minecraft:entity.wither.hurt player @a[distance=..16] ~ ~ ~ 3 0.5 1",
                "permission_level": 4
            },
            {
                "type": "origins:execute_command",
                "command": "particle minecraft:dust 1 0 0 1 ~ ~1 ~ 0.4 0 0.4 1 100",
                "permission_level": 4
            }
        ]
    },
    "cooldown": 1,
    "hud_render": {
        "should_render": false,
        "sprite_location": "origins:textures/gui/community/spiderkolo/resource_bar_01.png",
        "bar_index": 5
    },
    "target_condition": {
        "type": "origins:entity_type",
        "entity_type": "minecraft:player"
    },
    "name": "Bloodlust",
    "description": "Killing a hunter feeds your rampant need for blood.",
    "badges": [
        {
            "type": "origins:tooltip",
            "sprite": "origins:textures/gui/community/silent/badge/shapes/shape_heart.png",
            "text": "Bloodlust: Strength I, Regeneration II and Saturation I for 7 seconds."
        }
    ]
}