{
    "type": "origins:multiple",

        "activate": {
                "type": "origins:active_self",
                "entity_action": {
                    "type": "origins:and",
                    "actions": [
                        {
                            "type": "origins:execute_command",
                            "command": "power grant @s manhunt:fury_effects"
                        },
                        {
                            "type": "origins:execute_command",
                            "command": "particle minecraft:cloud ~ ~1 ~ 0.3 0.3 0.3 0.5 100"
                        },
                        {
                            "type": "origins:execute_command",
                            "command": "particle minecraft:dust_color_transition 1 0 0 1.5 0.4 0 0 ~ ~1 ~ 0.4 0.1 0.4 0.1 100"
                        },
                        {
                            "type": "origins:execute_command",
                            "command": "particle minecraft:crimson_spore ~ ~1 ~ 0.3 0.3 0.3 1 100"
                        },
                        {
                            "type": "origins:execute_command",
                            "command": "playsound minecraft:block.beacon.power_select player @a[distance=..16] ~ ~ ~ 0.6 0.5 0.6"
                        },
                        {
                            "type": "origins:execute_command",
                            "command": "playsound minecraft:item.axe.scrape player @a[distance=..16] ~ ~ ~ 1 0.5 1"
                        },
                        {
                            "type": "origins:execute_command",
                            "command": "playsound minecraft:item.totem.use player @a[distance=..16] ~ ~ ~ 0.4 1.7 0.4"
                        }
                    ]
                    },
                "key": {
                    "key": "key.origins.primary_active"
                },
        "cooldown": 3600,
        "hud_render": {
            "sprite_location": "origins:textures/gui/community/huang/resource_bar_02.png",
            "bar_index": 1,
            "should_render": true
        }   
        },
        "name":"§l§nFury",
        "description":"Using your primary ability key, you can go into a fury, increasing the following : Attack speed (+0.2), Movement speed (20%) and Attack damage (+3). The fury lasts 15 seconds and every kill restarts the cooldown. Though, after the delay, you will be slower."
    }