{
    "type": "origins:modify_attribute",
    "attribute": "minecraft:generic.attack_damage",
    "modifiers": [
        {
            "operation": "add_base_early",
            "value": -1
        },
        {
            "operation": "min_total",
            "value": 1
        }
    ],
    "name": "WAA (Weak Ass Arms)",
    "description": "Engineers might be crafty but they definitely aren't the toughest.",
    "badges": [
        {
            "type": "origins:tooltip",
            "sprite": "origins:textures/gui/badge/star.png",
            "text": "§l§c-1§r Damage."
        }
    ]
}