{
    "type": "origins:multiple",
    "use": {
        "type": "origins:active_self",
        "entity_action": {
            "type": "origins:if_else",
            "condition": {
                "type": "origins:dimension",
                "dimension": "minecraft:the_nether"
            },
            "if_action": {
                "type": "origins:execute_command",
                "command": "power grant @a[distance=..10,tag=hunter] manhunt:captain/trained/trained_effects_lava"
            },
            "else_action": {
                "type": "origins:execute_command",
                "command": "power grant @a[distance=..10,tag=hunter] manhunt:captain/trained/trained_effects"
            }
        },
        "key": {
            "key": "key.origins.secondary_active"
        },
        "cooldown": 6000,
        "hud_render": {
            "sprite_location": "manhunt:textures/captain.png",
            "bar_index": 1,
            "should_render": true,
            "condition": {
                "type": "origins:power",
                "power": "manhunt:captain/trained/trained_effects",
                "inverted": true
            }
        },
        "condition":  {
            "type": "origins:riding",
            "bientity_condition": {
                "type": "origins:target_condition",
                "condition": {
                    "type": "origins:entity_type",
                    "entity_type": "minecraft:boat"
                }
            },
            "inverted": true
        }
    },
    "name": "Trained For The Sea",
    "description": "Grants water affinity to you and nearby hunters, and does work in the nether",
    "badges": [
        {
            "type": "origins:tooltip",
            "sprite": "origins:textures/gui/badge/star.png",
            "text": "Water Affinity: 30s of +30% swim speed, also in effect while in lava"
        },
        {
            "type": "origins:keybind",
            "sprite": "origins:textures/gui/badge/toggle.png",
            "text": "Trigger with %s!"
        },
        {
            "type": "origins:tooltip",
            "sprite": "manhunt:textures/icons/cooldown.png",
            "text": "Cooldown: 5m"
        }
    ]
}