{
    "type": "origins:multiple",
    "food": {
        "type": "origins:modify_exhaustion",
        "modifier": {
            "name": "Increased exhaustion",
            "operation": "multiply_base",
            "value": 2.0
        },
        "condition": {
            "type": "origins:dimension",
            "dimension": "minecraft:the_nether"
        }
    },
    "health":{
        "type": "origins:conditioned_attribute",
        "modifier": {
            "attribute": "minecraft:generic.max_health",
            "operation": "addition",
            "value": -2,
            "name": "Decreased health."
        },
        "tick_rate": 20,
        "condition":  {
            "type": "origins:dimension",
            "dimension": "minecraft:the_nether"
        }
    },
    "name": "No Water, No Captain",
    "description": "The lack of water in the Nether weakens your soul.",
    "badges": [
        {
            "type": "origins:tooltip",
            "sprite": "origins:textures/gui/badge/star.png",
            "text": "Nether-sick: §l§c-1§r heart and §l§c3x§r Exhaustion."
        }
    ]
}