{
    "type": "origins:multiple",
    "duration": {
        "type": "origins:resource",
        "min": 0,
        "max": 200,
        "start_value": 200,
        "hud_render": {
            "should_render": false
        },
        "min_action": {
            "type": "origins:and",
            "actions": [
                {
                    "type": "origins:action_on_set",
                    "set": "manhunt:engineer/pillars/pack_waves",
                    "bientity_action": {
                        "type": "origins:target_action",
                        "action": {
                            "type": "origins:execute_command",
                            "command": "kill @s",
                            "permission_level": 4
                        }
                    }
                },
                {
                    "type": "origins:execute_command",
                    "command": "execute on passengers run kill @s",
                    "permission_level": 4
                },
                {
                    "type": "origins:execute_command",
                    "command": "kill @s",
                    "permission_level": 4
                }
            ]
        }
    },
    "duration_down": {
        "type": "origins:action_over_time",
        "entity_action": {
            "type": "origins:change_resource",
            "resource": "manhunt:engineer/pillars/pack_duration",
            "change": -10
        },
        "interval": 10,
        "condition": {
            "type": "origins:on_block"
        }
    },
    "construct": {
        "type": "origins:resource",
        "min": 0,
        "max": 12,
        "start_value": 0,
        "hud_render": {
            "should_render": false
        },
        "max_action": {
            "type": "origins:and",
            "actions": [
                {
                    "type": "origins:execute_command",
                    "command": "playsound minecraft:entity.iron_golem.repair player @a ~ ~ ~ 1.5 1.8"
                },
                {
                    "type": "origins:execute_command",
                    "command": "particle minecraft:cloud ~ ~ ~ 0.2 0.2 0.2 0.1 10"
                }
            ]
        }
    },
    "constructing": {
        "type": "origins:action_over_time",
        "entity_action": {
            "type": "origins:and",
            "actions": [
                {
                    "type": "origins:if_else",
                    "condition": {
                        "type": "origins:resource",
                        "resource": "manhunt:engineer/pillars/pack_construct",
                        "comparison": "==",
                        "compare_to": 4
                    },
                    "if_action": {
                        "type": "origins:execute_command",
                        "command": "playsound minecraft:entity.iron_golem.repair player @a ~ ~ ~ 1.5 1.4"
                    }
                },
                {
                    "type": "origins:if_else",
                    "condition": {
                        "type": "origins:resource",
                        "resource": "manhunt:engineer/pillars/pack_construct",
                        "comparison": "==",
                        "compare_to": 8
                    },
                    "if_action": {
                        "type": "origins:execute_command",
                        "command": "playsound minecraft:entity.iron_golem.repair player @a ~ ~ ~ 1.5 1.5"
                    }
                },
                {
                    "type": "origins:change_resource",
                    "resource": "manhunt:engineer/pillars/pack_construct",
                    "change": 2
                },
                {
                    "type": "origins:execute_command",
                    "command": "particle minecraft:scrape ~ ~ ~ 0.05 0.05 0.05 5 4"
                }
            ]
        },
        "interval": 1,
        "condition": {
            "type": "origins:on_block"
        }
    },
    "wave_trigger": {
        "type": "origins:resource",
        "min": 0,
        "max": 20,
        "start_value": 19,
        "hud_render": {
            "should_render": false
        },
        "max_action": {
            "type": "origins:and",
            "actions": [
                {
                    "type": "origins:area_of_effect",
                    "radius": 8,
                    "shape": "sphere",
                    "bientity_action": {
                        "type": "origins:target_action",
                        "action": {
                            "type": "origins:if_else",
                            "condition": {
                                "type": "origins:power",
                                "power": "manhunt:engineer/pillars/slowed"
                            },
                            "if_action": {
                                "type": "origins:and",
                                "actions": [
                                    {
                                        "type": "origins:change_resource",
                                        "resource": "manhunt:engineer/pillars/slowed_levels",
                                        "change": 1
                                    },
                                    {
                                        "type": "origins:change_resource",
                                        "resource": "manhunt:engineer/pillars/slowed_duration",
                                        "change": 50,
                                        "operation": "set"
                                    }
                                ]
                            },
                            "else_action": {
                                "type": "origins:execute_command",
                                "command": "power grant @s manhunt:engineer/pillars/slowed",
                                "permission_level": 4
                            }
                        }
                    },
                    "bientity_condition": {
                        "type": "origins:target_condition",
                        "condition": {
                            "type": "origins:and",
                            "conditions": [
                                {
                                    "type": "origins:living"
                                },
                                {
                                    "type": "origins:entity_type",
                                    "entity_type": "minecraft:armor_stand",
                                    "inverted": true
                                },
                                {
                                    "type": "origins:origin",
                                    "origin": "manhunt:hunter",
                                    "layer": "origins:origin",
                                    "inverted": true
                                }
                            ]
                        }
                    }
                },
                {
                    "type": "origins:change_resource",
                    "resource": "manhunt:engineer/pillars/pack_wave_trigger",
                    "change": 0,
                    "operation": "set"
                },
                {
                    "type": "origins:execute_command",
                    "command": "playsound minecraft:entity.iron_golem.damage player @a ~ ~ ~ 0.5 0.7",
                    "permission_level": 4
                },
                {
                    "type": "origins:execute_command",
                    "command": "playsound minecraft:block.sculk_sensor.clicking_stop player @a ~ ~ ~ 2 0.5",
                    "permission_level": 4
                },
                {
                    "type": "origins:action_on_set",
                    "set": "manhunt:engineer/pillars/pack_waves",
                    "bientity_action": {
                        "type": "origins:target_action",
                        "action": {
                            "type": "origins:execute_command",
                            "command": "kill @s",
                            "permission_level": 4
                        }
                    }
                },
                {
                    "type": "origins:spawn_entity",
                    "entity_type": "minecraft:item_display",
                    "tag": "{start_interpolation:-1,Tags:[\"pillar_wave\"],item:{id:\"minecraft:cyan_dye\",Count:1b,tag:{CustomModelData:3}}}",
                    "entity_action": {
                        "type": "origins:and",
                        "actions": [
                            {
                                "type": "origins:execute_command",
                                "command": "tp @s ~ ~0.5 ~",
                                "permission_level": 4
                            },
                            {
                                "type": "origins:execute_command",
                                "command": "data modify entity @s Rotation set value [0f,90f]",
                                "permission_level": 4
                            },
                            {
                                "type": "origins:execute_command",
                                "command": "data modify entity @s interpolation_duration set value 16",
                                "permission_level": 4
                            },
                            {
                                "type": "origins:execute_command",
                                "command": "data modify entity @s transformation.scale set value [15f,15f,1f]",
                                "permission_level": 4
                            }
                        ]
                    },
                    "bientity_action": {
                        "type": "origins:add_to_set",
                        "set": "manhunt:engineer/pillars/pack_waves"
                    }
                }
            ]
        }
    },
    "wave_charge": {
        "type": "origins:action_over_time",
        "entity_action": {
            "type": "origins:change_resource",
            "resource": "manhunt:engineer/pillars/pack_wave_trigger",
            "change": 1
        },
        "interval": 1,
        "condition": {
            "type": "origins:resource",
            "resource": "manhunt:engineer/pillars/pack_construct",
            "comparison": "==",
            "compare_to": 12
        }
    },
    "waves": {
        "type": "apoli:entity_set"
    },
    "spin": {
        "type": "origins:resource",
        "min": 0,
        "max": 360,
        "start_value": 0,
        "hud_render": {
            "should_render": false
        },
        "max_action": {
            "type": "origins:change_resource",
            "resource": "manhunt:engineer/pillars/pack_spin",
            "change": 0,
            "operation": "set"
        }
    },
    "spinning": {
        "type": "origins:action_over_time",
        "entity_action": {
            "type": "origins:and",
            "actions": [
                {
                    "type": "origins:change_resource",
                    "resource": "manhunt:engineer/pillars/pack_spin",
                    "change": 18
                },
                {
                    "type": "origins:execute_command",
                    "command": "execute on passengers if entity @s[type=item_display] store result entity @s Rotation[0] float 1 run resource get @e[limit=1,sort=nearest,type=minecraft:armor_stand,tag=engineer_pillar] manhunt:engineer/pillars/pack_spin"
                }
            ]
        },
        "interval": 1,
        "condition": {
            "type": "origins:on_block",
            "inverted": true
        }
    },
    "hidden": true
}