{
    "type": "origins:multiple",
    "death": {
        "type": "origins:action_on_death",
        "bientity_action": {
            "type": "origins:target_action",
            "action": {
                "type": "origins:and",
                "actions": [
                    {
                        "type": "origins:execute_command",
                        "command": "tag @s add kick_bundle"
                    },
                    {
                        "type": "origins:selector_action",
                        "selector": "@a[tag=hunter]",
                        "bientity_action": {
                            "type": "origins:and",
                            "actions": [
                                {
                                    "type": "origins:target_action",
                                    "action": {
                                        "type": "origins:and",
                                        "actions": [
                                            {
                                                "type": "origins:execute_command",
                                                "command": "tp @s @p[tag=kick_bundle]"
                                            },
                                            {
                                                "type": "origins:random_teleport",
                                                "area_width": 5,
                                                "area_height": 1,
                                                "success_action": {
                                                    "type": "origins:spawn_particles",
                                                    "particle": "minecraft:witch",
                                                    "count": 8
                                                }
                                            },
                                            {
                                                "type": "origins:execute_command",
                                                "command": "power remove @s manhunt:courier/bag/bundled"
                                            }
                                        ]
                                    }
                                },
                                {
                                    "type": "origins:remove_from_set",
                                    "set": "manhunt:courier/bag/void_bag_contents"
                                }
                            ]
                        },
                        "bientity_condition": {
                            "type": "origins:in_set",
                            "set": "manhunt:courier/bag/void_bag_contents"
                        }
                    },
                    {
                        "type": "origins:execute_command",
                        "command": "tag @s remove kick_bundle"
                    }
                ]
            }
        }
    },
    "windup": {
        "type": "origins:resource",
        "min": 0,
        "max": 60,
        "start_value": 0,
        "hud_render": {
            "should_render": false
        },
        "min_action": {
            "type": "origins:and",
            "actions": [
                {
                    "type": "origins:spawn_entity",
                    "entity_type": "minecraft:item",
                    "tag": "{Age:-32768,PickupDelay:32768,Invulnerable:1b,Tags:[\"void_bag\"],Passengers:[{id:\"minecraft:armor_stand\",Invulnerable:1b,Marker:1b,Invisible:1b,Tags:[\"void_bag\"]}],Item:{id:\"minecraft:bundle\",Count:1b}}",
                    "entity_action": {
                        "type": "origins:and",
                        "actions": [
                            {
                                "type": "origins:execute_command",
                                "command": "execute on passengers run power grant @s manhunt:courier/bag/bundle",
                                "permission_level": 4
                            }
                        ]
                    },
                    "bientity_action": {
                        "type": "origins:add_to_set",
                        "set": "manhunt:courier/bag/void_bag_owner"
                    }
                },
                {
                    "type": "origins:execute_command",
                    "command": "forceload add ~ ~ ~ ~",
                    "permission_level": 4
                },
                {
                    "type": "origins:execute_command",
                    "command": "power grant @s manhunt:courier/bag/bundled",
                    "permission_level": 4
                },
                {
                    "type": "origins:execute_command",
                    "command": "execute in manhunt:courier unless loaded ~ ~ ~ run function manhunt:abilities/courier_dimension_setup",
                    "permission_level": 4
                },
                {
                    "type": "origins:execute_command",
                    "command": "execute in manhunt:courier positioned 0 3 0 run tp @s ~ ~ ~",
                    "permission_level": 4
                },
                {
                    "type": "origins:execute_command",
                    "command": "function manhunt:abilities/courier_dimension",
                    "permission_level": 4
                }
            ]
        }
    },
    "delay_windup":{
        "type": "origins:action_when_hit",
        "bientity_action": {
            "type": "origins:target_action",
            "action": {
                "type": "origins:change_resource",
                "resource": "manhunt:courier/bag/void_windup",
                "change": 20
            }
        },
        "cooldown": 7,
        "condition": {
            "type": "origins:resource",
            "resource": "manhunt:courier/bag/void_windup",
            "comparison": ">",
            "compare_to": 0
        }
    },
    "windup_ticking": {
        "type": "origins:action_over_time",
        "entity_action": {
            "type": "origins:and",
            "actions": [
                {
                    "type": "origins:change_resource",
                    "resource": "manhunt:courier/bag/void_windup",
                    "change": -1
                },
                {
                    "type": "origins:execute_command",
                    "command": "particle minecraft:witch ~ ~1 ~ 0.1 0.1 0.1 0.4 5"
                },
                {
                    "type": "origins:execute_command",
                    "command": "particle minecraft:dust_color_transition 0.7 0 1 1 1 0 1 ~ ~1 ~ 0.3 0.3 0.3 0.4 5"
                }
            ]
        },
        "interval": 1,
        "condition": {
            "type": "origins:resource",
            "resource": "manhunt:courier/bag/void_windup",
            "comparison": ">",
            "compare_to": 0
        }
    },
    "no_move": {
        "type": "origins:modify_velocity",
        "axes": [
            "x",
            "y",
            "z"
        ],
        "modifier": {
            "operation": "multiply_total",
            "value": -0.6
        },
        "condition": {
            "type": "origins:resource",
            "resource": "manhunt:courier/bag/void_windup",
            "comparison": ">",
            "compare_to": 0
        }
    },
    "bag_owner": {
        "type": "origins:entity_set"
    },
    "activate": {
        "type": "origins:active_self",
        "entity_action": {
            "type": "origins:and",
            "actions": [
                {
                    "type": "origins:if_else",
                    "condition": {
                        "type": "origins:dimension",
                        "dimension": "manhunt:courier",
                        "inverted": true
                    },
                    "if_action": {
                        "type": "origins:execute_command",
                        "command": "resource set @s manhunt:courier/bag/void_windup 100"
                    },
                    "else_action": {
                        "type": "origins:and",
                        "actions": [
                            {
                                "type": "origins:execute_command",
                                "command": "tag @s add tp_bundle"
                            },
                            {
                                "type": "origins:execute_command",
                                "command": "particle minecraft:witch ~ ~1 ~ 0.1 0.1 0.1 0.4 70"
                            },
                            {
                                "type": "origins:execute_command",
                                "command": "playsound minecraft:item.bundle.insert player @a ~ ~ ~ 1.5 0.7"
                            },
                            {
                                "type": "origins:selector_action",
                                "selector": "@e[type=item]",
                                "bientity_action": {
                                    "type": "origins:target_action",
                                    "action": {
                                        "type": "origins:execute_command",
                                        "command": "tp @p[tag=tp_bundle] @s"
                                    }
                                },
                                "bientity_condition": {
                                    "type": "origins:in_set",
                                    "set": "manhunt:courier/bag/void_bag_owner"
                                }
                            },
                            {
                                "type": "origins:execute_command",
                                "command": "tag @s remove tp_bundle"
                            },
                            {
                                "type": "origins:execute_command",
                                "command": "forceload remove ~ ~ ~ ~",
                                "permission_level": 4
                            },
                            {
                                "type": "origins:execute_command",
                                "command": "power remove @s manhunt:courier/bag/bundled"
                            },
                            {
                                "type": "origins:selector_action",
                                "selector": "@e[type=item]",
                                "bientity_action": {
                                    "type": "origins:target_action",
                                    "action": {
                                        "type": "origins:and",
                                        "actions": [
                                            {
                                                "type": "origins:execute_command",
                                                "command": "execute on passengers run kill @s"
                                            },
                                            {
                                                "type": "origins:execute_command",
                                                "command": "kill @s"
                                            }
                                        ]
                                    }
                                },
                                "bientity_condition": {
                                    "type": "origins:in_set",
                                    "set": "manhunt:courier/bag/void_bag_owner"
                                }
                            }
                        ]
                    }
                }
            ]
        },
        "key": {
            "key": "key.origins.primary_active"
        },
        "cooldown": 70,
        "hud_render": {
            "should_render": false
        },
        "condition": {
            "type": "origins:sneaking",
            "inverted": true
        }
    },
    "kick_out": {
        "type": "origins:active_self",
        "entity_action": {
            "type": "origins:and",
            "actions": [
                {
                    "type": "origins:execute_command",
                    "command": "tag @s add kick_bundle"
                },
                {
                    "type": "origins:selector_action",
                    "selector": "@a[tag=hunter]",
                    "bientity_action": {
                        "type": "origins:and",
                        "actions": [
                            {
                                "type": "origins:target_action",
                                "action": {
                                    "type": "origins:and",
                                    "actions": [
                                        {
                                            "type": "origins:execute_command",
                                            "command": "tp @s @p[tag=kick_bundle]"
                                        },
                                        {
                                            "type": "origins:random_teleport",
                                            "area_width": 5,
                                            "area_height": 1,
                                            "success_action": {
                                                "type": "origins:spawn_particles",
                                                "particle": "minecraft:witch",
                                                "count": 8
                                            }
                                        },
                                        {
                                            "type": "origins:execute_command",
                                            "command": "power remove @s manhunt:courier/bag/bundled"
                                        }
                                    ]
                                }
                            },
                            {
                                "type": "origins:remove_from_set",
                                "set": "manhunt:courier/bag/void_bag_contents"
                            }
                        ]
                    },
                    "bientity_condition": {
                        "type": "origins:in_set",
                        "set": "manhunt:courier/bag/void_bag_contents"
                    }
                },
                {
                    "type": "origins:execute_command",
                    "command": "tag @s remove kick_bundle"
                }
            ]
        },
        "key": {
            "key": "key.origins.primary_active"
        },
        "cooldown": 1,
        "hud_render": {
            "should_render": false
        },
        "condition": {
            "type": "origins:and",
            "conditions": [
                {
                    "type": "origins:dimension",
                    "dimension": "manhunt:courier",
                    "inverted": true
                },
                {
                    "type": "origins:sneaking"
                }
            ]
        }
    },
    "bag_contents": {
        "type": "origins:entity_set"
    },
    "snatch": {
        "type": "origins:action_on_entity_use",
        "bientity_action": {
            "type": "origins:and",
            "actions": [
                {
                    "type": "origins:add_to_set",
                    "set": "manhunt:courier/bag/void_bag_contents"
                },
                {
                    "type": "origins:target_action",
                    "action": {
                        "type": "origins:and",
                        "actions": [
                            {
                                "type": "origins:execute_command",
                                "command": "playsound minecraft:item.bundle.insert player @a ~ ~ ~ 1 1.3"
                            },
                            {
                                "type": "origins:execute_command",
                                "command": "particle minecraft:poof ~ ~1 ~ 0 0 0 0.1 10"
                            },
                            {
                                "type": "origins:execute_command",
                                "command": "power grant @s manhunt:courier/bag/bundled",
                                "permission_level": 4
                            },
                            {
                                "type": "origins:execute_command",
                                "command": "execute in manhunt:courier positioned 0 3 0 run tp @s ~ ~ ~",
                                "permission_level": 4
                            },
                            {
                                "type": "origins:execute_command",
                                "command": "execute in manhunt:courier unless loaded ~ ~ ~ run function manhunt:abilities/courier_dimension_setup",
                                "permission_level": 4
                            },
                            {
                                "type": "origins:execute_command",
                                "command": "function manhunt:abilities/courier_dimension",
                                "permission_level": 4
                            }
                        ]
                    }
                }
            ]
        },
        "bientity_condition": {
            "type": "origins:target_condition",
            "condition": {
                "type": "origins:origin",
                "origin": "manhunt:hunter",
                "layer": "origins:origin"
            }
        },
        "item_condition": {
            "type": "origins:empty"
        },
        "hands": [
            "main_hand"
        ],
        "condition": {
            "type": "origins:and",
            "conditions": [
                {
                    "type": "origins:sneaking"
                },
                {
                    "type": "origins:power",
                    "power": "manhunt:start",
                    "inverted": true
                }
            ]
        }
    },
    "name": "The Bag™",
    "description": "KIDNAPPING IS FAIR GAME WITH THE BAG™ (AS LONG AS THEY READ THE TERMS OF SERVICES!!1!1!)",
    "badges": [
        {
            "type": "origins:tooltip",
            "sprite": "origins:textures/gui/badge/star.png",
            "text": "You have your own dimension where you can safely live in.\nYou cannot use abilities or items but you can use and put blocks down.\nBeing hit increases by 1s the time it takes to enter THE BAG™"
        },
        {
            "type": "origins:tooltip",
            "sprite": "origins:textures/gui/badge/toggle.png",
            "text": [
                "Enter (or leave) the Bag™ with \"",
                {
                    "keybind": "key.origins.primary_active"
                },
                "\"\nTo kidnap others, sneak and \"",
                {
                    "keybind": "key.use"
                },
                "\"\nWhilst sneaking, press \"",
                {
                    "keybind": "key.origins.primary_active"
                },
                "\" to kick everyone out the backpack."
            ]
        },
        {
            "type": "origins:tooltip",
            "sprite": "manhunt:textures/icons/cooldown.png",
            "text": "Cooldown: 1m30s"
        }
    ]
}