{
    "name": "Blunderbuss",
    "description": "Load your next crossbow arrow with a TNT charge. Explodes when hitting entities or with remote detonating.",
    "badges": [
        {
            "type": "origins:tooltip",
            "text": "Press the key again to detonate if it lands on a block.\nAfter loading, you have 10 seconds to shoot or else you will explode yourself.",
            "sprite": "origins:textures/gui/badge/star.png"
        },
        {
            "type": "origins:tooltip",
            "text": "Hearts of the sea will make your loaded arrows have the additional effect of\nmaking any entity in a 24 block radius glow upon detonation.",
            "sprite": "minecraft:textures/item/heart_of_the_sea.png"
        },
        {
            "type": "origins:keybind",
            "text": "Load your crossbow with %s! Must be used on a arrow-loaded crossbow!",
            "sprite": "origins:textures/gui/badge/toggle.png"
        },
        {
            "type": "origins:tooltip",
            "text": "Cooldown: 45s",
            "sprite": "manhunt:textures/icons/cooldown.png"
        }
    ],
    "type": "origins:multiple",
    "hit": {
        "type": "origins:modify_projectile_damage",
        "damage_condition": {
            "type": "origins:projectile",
            "projectile_condition": {
                "type": "origins:and",
                "conditions": [
                    {
                        "type": "origins:entity_type",
                        "entity_type": "minecraft:arrow"
                    },
                    {
                        "type": "origins:nbt",
                        "nbt": "{Tags: ['bomb_arrow']}"
                    }
                ]
            }
        },
        "target_action": {
            "type": "origins:and",
            "actions": [
                {
                    "type": "origins:explode",
                    "power": 2,
                    "destruction_type": "break",
                    "damage_self": true,
                    "create_fire": true
                },
                {
                    "type": "origins:execute_command",
                    "command": "playsound minecraft:entity.generic.explode player @a ~ ~ ~ 1 2"
                },
                {
                    "type": "origins:execute_command",
                    "command": "particle minecraft:explosion ~ ~ ~ 0 0 0 1 1"
                },
                {
                    "type": "origins:execute_command",
                    "command": "kill @e[tag=tnt_tip,limit=1,sort=nearest]"
                },
                {
                    "type": "origins:execute_command",
                    "command": "kill @e[tag=bomb_arrow,limit=1,sort=nearest]"
                },
                {
                    "type": "origins:if_else",
                    "condition": {
                        "type": "origins:nbt",
                        "nbt": "{Tags: ['echo_arrow']}"
                    },
                    "if_action": {
                        "type": "origins:area_of_effect",
                        "radius": 24,
                        "bientity_action": {
                            "type": "origins:and",
                            "actions": [
                                {
                                    "type": "origins:target_action",
                                    "action": {
                                        "type": "origins:apply_effect",
                                        "effect": {
                                            "effect": "minecraft:glowing",
                                            "duration": 200,
                                            "amplifier": 0,
                                            "show_particles": true,
                                            "show_icon": true
                                        }
                                    }
                                },
                                {
                                    "type": "origins:actor_action",
                                    "action": {
                                        "type": "origins:and",
                                        "actions": [
                                            {
                                                "type": "origins:execute_command",
                                                "command": "particle minecraft:glow_squid_ink ~ ~ ~ 0.3 0.3 0.3 2 100"
                                            },
                                            {
                                                "type": "origins:execute_command",
                                                "command": "particle minecraft:dust_color_transition 0 1 0.5 1.5 1 1 1 ~ ~ ~ 3 2 3 1 100"
                                            },
                                            {
                                                "type": "origins:execute_command",
                                                "command": "playsound minecraft:block.conduit.attack.target player @a ~ ~ ~ 2 1.5"
                                            }
                                        ]
                                    }
                                }
                            ]
                        }
                    }
                }
            ]
        }
    },
    "echohit": {
        "type": "origins:modify_projectile_damage",
        "damage_condition": {
            "type": "origins:projectile",
            "projectile_condition": {
                "type": "origins:and",
                "conditions": [
                    {
                        "type": "origins:entity_type",
                        "entity_type": "minecraft:arrow"
                    },
                    {
                        "type": "origins:nbt",
                        "nbt": "{Tags: ['bomb_arrow']}"
                    },
                    {
                        "type": "origins:nbt",
                        "nbt": "{Tags: ['echo_arrow']}"
                    }
                ]
            }
        },
        "target_action": {
            "type": "origins:and",
            "actions": [
                {
                    "type": "origins:explode",
                    "power": 2,
                    "destruction_type": "break",
                    "damage_self": true,
                    "create_fire": true
                },
                {
                    "type": "origins:execute_command",
                    "command": "playsound minecraft:entity.generic.explode player @a ~ ~ ~ 1 2"
                },
                {
                    "type": "origins:execute_command",
                    "command": "particle minecraft:explosion ~ ~ ~ 0 0 0 1 1"
                },
                {
                    "type": "origins:execute_command",
                    "command": "kill @e[tag=tnt_tip,limit=1,sort=nearest]"
                },
                {
                    "type": "origins:execute_command",
                    "command": "kill @e[tag=bomb_arrow,limit=1,sort=nearest]"
                },
                {
                    "type": "origins:execute_command",
                    "command": "function manhunt:abilities/blunderbussglow"
                }
            ]
        }
    },
    "tag": {
        "type": "apugli:projectile_action_over_time",
        "rising_action": {
            "type": "origins:and",
            "actions": [
                {
                    "type": "origins:target_action",
                    "action": {
                        "type": "origins:and",
                        "actions": [
                            {
                                "type": "origins:execute_command",
                                "command": "tag @s add bomb_arrow"
                            },
                            {
                                "type": "origins:execute_command",
                                "command": "data modify entity @s pickup set value 0b"
                            },
                            {
                                "type": "origins:execute_command",
                                "command": "summon block_display ~ ~ ~ {Tags:[\"tnt_tip\"],transformation:{left_rotation:[0f,0f,0f,1f],right_rotation:[1f,0f,0f,1f],translation:[-0.1f,-0.8f,0f],scale:[0.1f,0.1f,0.1f]},block_state:{Name:\"minecraft:tnt\"}}"
                            },
                            {
                                "type": "origins:execute_command",
                                "command": "ride @e[limit=1,sort=nearest,type=minecraft:block_display,tag=tnt_tip] mount @s"
                            }
                        ]
                    }
                },
                {
                    "type": "origins:if_else",
                    "condition": {
                        "type": "origins:actor_condition",
                        "condition": {
                            "type": "origins:inventory",
                            "process_mode": "items",
                            "item_condition": {
                                "type": "origins:ingredient",
                                "ingredient": {
                                    "item": "minecraft:heart_of_the_sea"
                                }
                            },
                            "comparison": ">=",
                            "compare_to": 1
                        }
                    },
                    "if_action": {
                        "type": "origins:target_action",
                        "action": {
                            "type": "origins:execute_command",
                            "command": "tag @s add echo_arrow"
                        }
                    }
                },
                {
                    "type": "origins:actor_action",
                    "action": {
                        "type": "origins:and",
                        "actions": [
                            {
                                "type": "origins:change_resource",
                                "resource": "manhunt:captain/blunderbuss_loaded",
                                "change": -1
                            },
                            {
                                "type": "origins:change_resource",
                                "resource": "manhunt:captain/blunderbuss_loaded_timer",
                                "change": -200
                            },
                            {
                                "type": "origins:equipped_item_action",
                                "equipment_slot": "mainhand",
                                "action": {
                                    "type": "origins:and",
                                    "actions": [
                                        {
                                            "type": "origins:merge_nbt",
                                            "nbt": "{CustomModelData:2}"
                                        },
                                        {
                                            "type": "origins:damage",
                                            "amount": 25,
                                            "ignore_unbreaking": true
                                        }
                                    ]
                                }
                            }
                        ]
                    }
                }
            ]
        },
        "interval": 1,
        "bientity_condition": {
            "type": "origins:and",
            "conditions": [
                {
                    "type": "origins:target_condition",
                    "condition": {
                        "type": "origins:and",
                        "conditions": [
                            {
                                "type": "origins:entity_type",
                                "entity_type": "minecraft:arrow"
                            },
                            {
                                "type": "origins:nbt",
                                "nbt": "{Tags: ['bomb_arrow']}",
                                "inverted": true
                            },
                            {
                                "type": "origins:nbt",
                                "nbt": "{inGround:0b}"
                            }
                        ]
                    }
                },
                {
                    "type": "origins:actor_condition",
                    "condition": {
                        "type": "origins:and",
                        "conditions": [
                            {
                                "type": "origins:resource",
                                "resource": "manhunt:captain/blunderbuss_loaded",
                                "comparison": "==",
                                "compare_to": 1
                            },
                            {
                                "type": "origins:equipped_item",
                                "equipment_slot": "mainhand",
                                "item_condition": {
                                    "type": "origins:and",
                                    "conditions": [
                                        {
                                            "type": "origins:ingredient",
                                            "ingredient": {
                                                "item": "minecraft:crossbow"
                                            }
                                        },
                                        {
                                            "type": "origins:nbt",
                                            "nbt": "{CustomModelData:1}"
                                        }
                                    ]
                                }
                            }
                        ]
                    }
                }
            ]
        }
    },
    "loaded": {
        "type": "origins:resource",
        "min": 0,
        "max": 1,
        "start_value": 0,
        "hud_render": {
            "should_render": false
        }
    },
    "loaded_timer": {
        "type": "origins:resource",
        "min": 0,
        "max": 200,
        "start_value": 0,
        "hud_render": {
            "should_render": true,
            "sprite_location": "manhunt:textures/bars/captain/captain.png",
            "bar_index": 0,
            "condition": {
                "type": "origins:resource",
                "resource": "manhunt:captain/blunderbuss_loaded_timer",
                "comparison": ">",
                "compare_to": 0
            }
        },
        "min_action": {
            "type": "origins:if_else",
            "condition": {
                "type": "origins:resource",
                "resource": "manhunt:captain/blunderbuss_loaded",
                "comparison": "==",
                "compare_to": 1
            },
            "if_action": {
                "type": "origins:and",
                "actions": [
                    {
                        "type": "origins:modify_inventory",
                        "inventory_type": "inventory",
                        "item_action": {
                            "type": "origins:and",
                            "actions": [
                                {
                                    "type": "origins:merge_nbt",
                                    "nbt": "{CustomModelData:2}"
                                },
                                {
                                    "type": "origins:damage",
                                    "amount": 25,
                                    "ignore_unbreaking": true
                                }
                            ]
                        },
                        "item_condition": {
                            "type": "origins:and",
                            "conditions": [
                                {
                                    "type": "origins:ingredient",
                                    "ingredient": {
                                        "item": "minecraft:crossbow"
                                    }
                                },
                                {
                                    "type": "origins:nbt",
                                    "nbt": "{CustomModelData:1}"
                                }
                            ]
                        },
                        "slots": [],
                        "process_mode": "items",
                        "limit": 0
                    },
                    {
                        "type": "origins:explode",
                        "power": 2,
                        "destruction_type": "break",
                        "damage_self": true,
                        "create_fire": true
                    },
                    {
                        "type": "origins:execute_command",
                        "command": "playsound minecraft:entity.generic.explode player @a ~ ~ ~ 1 2"
                    },
                    {
                        "type": "origins:execute_command",
                        "command": "particle minecraft:explosion ~ ~ ~ 0 0 0 1 1"
                    },
                    {
                        "type": "origins:change_resource",
                        "resource": "manhunt:captain/blunderbuss_loaded",
                        "change": -1,
                        "operation": "add"
                    }
                ]
            }
        }
    },
    "duration_down": {
        "type": "origins:action_over_time",
        "interval": 2,
        "entity_action": {
            "type": "origins:change_resource",
            "resource": "manhunt:captain/blunderbuss_loaded_timer",
            "change": -2,
            "operation": "add"
        }
    },
    "activate": {
        "condition": {
            "type": "origins:equipped_item",
            "equipment_slot": "mainhand",
            "item_condition": {
                "type": "origins:and",
                "conditions": [
                    {
                        "type": "origins:ingredient",
                        "ingredient": {
                            "item": "minecraft:crossbow"
                        }
                    },
                    {
                        "type": "origins:nbt",
                        "nbt": "{Charged: 1b}"
                    }
                ]
            }
        },
        "type": "origins:active_self",
        "entity_action": {
            "type": "origins:and",
            "actions": [
                {
                    "type": "origins:change_resource",
                    "resource": "manhunt:captain/blunderbuss_loaded",
                    "change": 1,
                    "operation": "add"
                },
                {
                    "type": "origins:change_resource",
                    "resource": "manhunt:captain/blunderbuss_loaded_timer",
                    "change": 200,
                    "operation": "add"
                },
                {
                    "type": "origins:equipped_item_action",
                    "equipment_slot": "mainhand",
                    "action": {
                        "type": "origins:merge_nbt",
                        "nbt": "{CustomModelData:1}"
                    }
                },
                {
                    "type": "origins:execute_command",
                    "command": "playsound minecraft:item.flintandsteel.use player @a ~ ~ ~ 2 0.5"
                },
                {
                    "type": "origins:execute_command",
                    "command": "playsound minecraft:entity.tnt.primed player @a ~ ~ ~ 2 2"
                }
            ]
        },
        "cooldown": 900,
        "hud_render": {
            "should_render": true,
            "sprite_location": "manhunt:textures/bars/captain/captain.png",
            "bar_index": 0,
            "condition": {
                "type": "origins:resource",
                "resource": "manhunt:captain/blunderbuss_loaded_timer",
                "comparison": "==",
                "compare_to": 0
            }
        },
        "key": {
            "key": "key.origins.primary_active"
        }
    },
    "detonate": {
        "type": "origins:active_self",
        "entity_action": {
            "type": "origins:and",
            "actions": [
                {
                    "type": "origins:area_of_effect",
                    "radius": 64,
                    "bientity_condition": {
                        "type": "origins:and",
                        "conditions": [
                            {
                                "type": "origins:owner"
                            },
                            {
                                "type": "origins:target_condition",
                                "condition": {
                                    "type": "origins:and",
                                    "conditions": [
                                        {
                                            "type": "origins:entity_type",
                                            "entity_type": "minecraft:arrow"
                                        },
                                        {
                                            "type": "origins:nbt",
                                            "nbt": "{Tags: ['bomb_arrow']}"
                                        }
                                    ]
                                }
                            }
                        ]
                    },
                    "bientity_action": {
                        "type": "origins:target_action",
                        "action": {
                            "type": "origins:and",
                            "actions": [
                                {
                                    "type": "origins:explode",
                                    "power": 2,
                                    "destruction_type": "break",
                                    "damage_self": true,
                                    "create_fire": true
                                },
                                {
                                    "type": "origins:if_else",
                                    "condition": {
                                        "type": "origins:nbt",
                                        "nbt": "{Tags: ['echo_arrow']}"
                                    },
                                    "if_action": {
                                        "type": "origins:area_of_effect",
                                        "radius": 24,
                                        "bientity_action": {
                                            "type": "origins:actor_action",
                                            "action": {
                                                "type": "origins:execute_command",
                                                "command": "function manhunt:abilities/blunderbussglow"
                                            }
                                        }
                                    }
                                },
                                {
                                    "type": "origins:execute_command",
                                    "command": "playsound minecraft:entity.generic.explode player @a ~ ~ ~ 1 2"
                                },
                                {
                                    "type": "origins:execute_command",
                                    "command": "particle minecraft:explosion ~ ~ ~ 0 0 0 1 1"
                                },
                                {
                                    "type": "origins:execute_command",
                                    "command": "kill @e[tag=tnt_tip,limit=1,sort=nearest]"
                                },
                                {
                                    "type": "origins:execute_command",
                                    "command": "kill @e[tag=bomb_arrow,limit=1,sort=nearest]"
                                }
                            ]
                        }
                    }
                }
            ]
        },
        "cooldown": 4,
        "hud_render": {
            "should_render": false
        }
    },
    "tooltip_echo": {
        "condition": {
            "type": "origins:inventory",
            "process_mode": "items",
            "item_condition": {
                "type": "origins:ingredient",
                "ingredient": {
                    "item": "minecraft:heart_of_the_sea"
                }
            },
            "slots": [],
            "comparison": ">=",
            "compare_to": 1
        },
        "type": "origins:tooltip",
        "item_condition": {
            "type": "origins:ingredient",
            "ingredient": {
                "item": "minecraft:crossbow"
            }
        },
        "text": {
            "text": "You feel the Heart pulsating into the wooden body.",
            "color": "dark_aqua"
        }
    }
}
