{
    "type": "origins:multiple",
    "default": {
        "type": "origins:action_on_callback",
        "entity_action_gained": {
            "type": "origins:and",
            "actions": [
                {
                    "type": "origins:execute_command",
                    "command": "tag @s add hunter"
                },
                {
                    "type": "origins:execute_command",
                    "command": "team join Hunters"
                },
                {
                    "type": "origins:execute_command",
                    "command": "execute store result score @s hunters run execute if entity @a[tag=hunter]"
                }
            ]
        },
        "entity_action_lost": {
            "type": "origins:and",
            "actions": [
                {
                    "type": "origins:execute_command",
                    "command": "tag @s remove hunter"
                },
                {
                    "type": "origins:execute_command",
                    "command": "team leave Hunters"
                },
                {
                    "type": "origins:execute_command",
                    "command": "execute as @a[tag=hunter] if score @s hunters > @p hunters run scoreboard players remove @s hunters 1"
                },
                {
                    "type": "origins:execute_command",
                    "command": "scoreboard players reset @s hunters"
                },
                {
                    "type": "origins:execute_command",
                    "command": "scoreboard players reset @s tracking"
                }
            ]
        },
        "execute_chosen_when_orb": true
    },
    "glow": {
        "type": "origins:resource",
        "min": 0,
        "max": 1,
        "start_value": 0,
        "hud_render": {
            "should_render": false
        }
    },
    "glow_check": {
        "type": "origins:resource",
        "min": 0,
        "max": 2,
        "start_value": 0,
        "hud_render": {
            "should_render": false
        }
    },
    "glow_held": {
        "type": "origins:active_self",
        "entity_action": {
            "type": "origins:change_resource",
            "resource": "manhunt:hunter_effects_glow_check",
            "change": 2,
            "operation": "set"
        },
        "cooldown": 1,
        "hud_render": {
            "should_render": false
        },
        "key": {
            "key": "key.playerlist",
            "continuous": true
        },
        "condition": {
            "type": "origins:resource",
            "resource": "manhunt:hunter_effects_glow",
            "comparison": "==",
            "compare_to": 1
        }
    },
    "glow_stop": {
        "type": "origins:action_over_time",
        "entity_action": {
            "type": "origins:change_resource",
            "resource": "manhunt:hunter_effects_glow_check",
            "change": -1,
            "operation": "add"
        },
        "interval": 1
    },
    "glow_overlay": {
        "type": "origins:entity_glow",
        "bientity_condition": {
            "type": "origins:target_condition",
            "condition": {
                "type": "origins:origin",
                "origin": "manhunt:hunter",
                "layer": "origins:origin"
            }
        },
        "condition": {
            "type": "origins:and",
            "conditions": [
                {
                    "type": "origins:resource",
                    "resource": "manhunt:hunter_effects_glow_check",
                    "comparison": ">",
                    "compare_to": 0
                },
                {
                    "type": "origins:power",
                    "power": "manhunt:jester/madness/mad",
                    "inverted": true
                }
            ]
        },
        "use_teams": false,
        "red": 1.0,
        "green": 1.0,
        "blue": 1.0
    },
    "shaman": {
        "type": "origins:action_on_death",
        "bientity_action": {
            "type": "origins:target_action",
            "action": {
                "type": "origins:selector_action",
                "selector": "@a[tag = hunter]",
                "bientity_action": {
                    "type": "origins:actor_action",
                    "action": {
                        "type": "origins:and",
                        "actions": [
                            {
                                "type": "origins:spawn_entity",
                                "entity_type": "minecraft:armor_stand",
                                "tag": "{NoGravity:1b,Silent:1b,Invulnerable:1b,Marker:1b,Invisible:1b,Tags:[\"shaman_soul\"]}",
                                "entity_action": {
                                    "type": "origins:and",
                                    "actions": [
                                        {
                                            "type": "origins:execute_command",
                                            "command": "execute store result score @p soul run data get entity @p UUID[0] 1"
                                        },
                                        {
                                            "type": "origins:execute_command",
                                            "command": "execute store result score @s soul run data get entity @p UUID[0] 1"
                                        },
                                        {
                                            "type": "origins:execute_command",
                                            "command": "power grant @s manhunt:shaman/totem/soul"
                                        },
                                        {
                                            "type": "origins:execute_command",
                                            "command": "data modify entity @s Rotation set value [0f,0f]",
                                            "permission_level": 4
                                        }
                                    ]
                                }
                            }
                        ]
                    }
                },
                "bientity_condition": {
                    "type": "origins:and",
                    "conditions": [
                        {
                            "type": "origins:target_condition",
                            "condition": {
                                "type": "origins:origin",
                                "origin": "manhunt:hunters/shaman",
                                "layer": "manhunt:hunters"
                            }
                        },
                        {
                            "type": "origins:actor_condition",
                            "condition": {
                                "type": "origins:origin",
                                "origin": "manhunt:hunters/shaman",
                                "layer": "manhunt:hunters",
                                "inverted": true
                            }
                        }
                    ]
                }
            }
        }
    },
    "xolotl_tp": {
        "type": "origins:active_self",
        "entity_action": {
            "type": "origins:raycast",
            "distance": 152,
            "block": false,
            "entity": true,
            "shape_type": "visual",
            "fluid_handling": "none",
            "bientity_action": {
                "type": "origins:and",
                "actions": [
                    {
                        "type": "origins:invert",
                        "action": {
                            "type": "origins:add_to_set",
                            "set": "manhunt:xolotl/wolf/wolves_offered"
                        }
                    },
                    {
                        "type": "origins:target_action",
                        "action": {
                            "type": "origins:and",
                            "actions": [
                                {
                                    "type": "origins:change_resource",
                                    "resource": "manhunt:xolotl/wolf/wolves_life",
                                    "change": 20,
                                    "operation": "set"
                                },
                                {
                                    "type": "origins:change_resource",
                                    "resource": "manhunt:xolotl/wolf/wolves_howling",
                                    "change": 1,
                                    "operation": "set"
                                }
                            ]
                        }
                    },
                    {
                        "type": "origins:actor_action",
                        "action": {
                            "type": "origins:and",
                            "actions": [
                                {
                                    "type": "origins:equipped_item_action",
                                    "equipment_slot": "mainhand",
                                    "action": {
                                        "type": "origins:consume",
                                        "amount": 1
                                    }
                                },
                                {
                                    "type": "origins:execute_command",
                                    "command": "playsound minecraft:entity.generic.eat player @a ~ ~ ~ 1 0.5"
                                }
                            ]
                        }
                    }
                ]
            },
            "bientity_condition": {
                "type": "origins:target_condition",
                "condition": {
                    "type": "origins:and",
                    "conditions": [
                        {
                            "type": "origins:living"
                        },
                        {
                            "type": "origins:power",
                            "power": "manhunt:xolotl/wolf/wolves"
                        },
                        {
                            "type": "origins:resource",
                            "resource": "manhunt:xolotl/wolf/wolves_offering",
                            "comparison": "==",
                            "compare_to": 1
                        },
                        {
                            "type": "origins:set_size",
                            "set": "manhunt:xolotl/wolf/wolves_offered",
                            "comparison": "==",
                            "compare_to": 0
                        }
                    ]
                }
            },
            "command_step": 1
        },
        "condition": {
            "type": "origins:equipped_item",
            "equipment_slot": "mainhand",
            "item_condition": {
                "type": "origins:ingredient",
                "ingredient": {
                    "tag": "origins:meat"
                }
            }
        },
        "cooldown": 1,
        "hud_render": {
            "should_render": false
        },
        "key": "key.use"
    },
    "hidden": true
}