{
    "type": "origins:multiple",
    "duration": {
        "type": "origins:resource",
        "min": 0,
        "max": 200,
        "start_value": 200,
        "hud_render": {
            "should_render": true,
            "sprite_location": "origins:textures/gui/community/spiderkolo/resource_bar_02.png",
            "bar_index": 1
        },
        "min_action": {
            "type": "origins:and",
            "actions": [
                {
                    "type": "origins:execute_command",
                    "command": "power remove @s manhunt:ritualist/wrath/wrath_effects"
                }
            ]
        }
    },
    "duration_down": {
        "type": "origins:action_over_time",
        "entity_action": {
            "type": "origins:change_resource",
            "resource": "manhunt:ritualist/wrath/wrath_effects_duration",
            "change": -10
        },
        "interval": 10
    },
    "phase_duration": {
        "type": "origins:resource",
        "min": 0,
        "max": 15,
        "start_value": 15,
        "hud_render": {
            "should_render": false
        },
        "min_action": {
            "type": "origins:and",
            "actions": [
                {
                    "type": "origins:execute_command",
                    "command": "particle minecraft:dust_color_transition 0 0 0 1 0 0.5 0.9 ~ ~1 ~ 0.3 0.3 0.3 1 100"
                }
            ]
        }
    },
    "phase_usage": {
        "type": "origins:action_over_time",
        "entity_action": {
            "type": "origins:change_resource",
            "resource": "manhunt:ritualist/wrath/wrath_effects_phase_duration",
            "change": -1
        },
        "interval": 1
    },
    "shader": {
        "type": "origins:shader",
        "shader": "minecraft:shaders/post/desaturate.json",
        "condition": {
            "type":"origins:resource",
            "resource": "manhunt:ritualist/wrath/wrath_effects_phase_duration",
            "compare_to": 0,
            "comparison": ">"
        }
    },
    "invisibility": {
        "type": "origins:invisibility",
        "render_armor": false,
        "condition": {
            "type":"origins:resource",
            "resource": "manhunt:ritualist/wrath/wrath_effects_phase_duration",
            "compare_to": 0,
            "comparison": ">"
        }
    },
    "atk_speed": {
        "type": "origins:attribute",
        "modifier": {
            "attribute": "minecraft:generic.attack_speed",
            "operation": "addition",
            "value": 0.3,
            "name": "Increased attack speed."
        }
    },
    "speed": {
        "type": "origins:attribute",
        "modifier": {
            "attribute": "minecraft:generic.movement_speed",
            "operation": "multiply_total",
            "value": 0.4,
            "name": "Increased movement speed."
        }
    },
    "glow": {
        "type": "origins:self_glow",
        "use_teams": false,
        "red": 0,
        "green": 0,
        "blue": 0.4
    },
    "phase": {
        "type": "origins:self_action_on_hit",
        "entity_action": {
            "type": "origins:and",
            "actions": [
                {
                    "type": "origins:change_resource",
                    "resource": "manhunt:ritualist/wrath/wrath_effects_phase_duration",
                    "change": 15
                },
                {
                    "type": "origins:execute_command",
                    "command": "particle minecraft:dust_color_transition 0 0 0 1 0 0.5 0.9 ~ ~1 ~ 0.3 0.3 0.3 1 100"
                }
            ]
        },
        "damage_condition": {
            "type": "origins:amount",
            "comparison": ">=",
            "compare_to": 4
        },
        "cooldown": 20
    },
    "hidden": true
}