{
    "type": "origins:multiple",
    "throw": {
        "type": "origins:active_self",
        "entity_action": {
            "type": "origins:and",
            "actions": [
                {
                    "type": "origins:if_else",
                    "condition": {
                        "type": "origins:command",
                        "command": "execute if entity @s[name=CDN_28]",
                        "comparison": "==",
                        "compare_to": 1
                    },
                    "if_action": {
                        "type": "origins:fire_projectile",
                        "entity_type": "minecraft:armor_stand",
                        "divergence": 0,
                        "count": 1,
                        "speed": 2,
                        "tag": "{Silent:1b,Invulnerable:1b,Invisible:1b,Tags:[\"flashbang\"],DisabledSlots:4144959,Passengers:[{id:\"minecraft:item_display\",billboard:\"center\",Tags:[\"flashbang\"],transformation:{left_rotation:[0f,0f,0f,1f],right_rotation:[0f,0f,0f,1f],translation:[0f,-2f,0f],scale:[1f,1f,1f]},item:{id:\"minecraft:ender_eye\",Count:1b,tag:{CustomModelData:1}}}]}",
                        "projectile_action": {
                            "type": "origins:and",
                            "actions": [
                                {
                                    "type": "origins:execute_command",
                                    "command": "power grant @s manhunt:bomber/flash/special_flash_bang",
                                    "permission_level": 4
                                }
                            ]
                        }
                    },
                    "else_action": {
                        "type": "origins:fire_projectile",
                        "entity_type": "minecraft:armor_stand",
                        "divergence": 0,
                        "count": 1,
                        "speed": 2.5,
                        "tag": "{Silent:1b,Invulnerable:1b,Invisible:1b,Tags:[\"flashbang\"],DisabledSlots:4144959,Passengers:[{id:\"minecraft:item_display\",billboard:\"center\",Tags:[\"flashbang\"],transformation:{left_rotation:[0f,0f,0f,1f],right_rotation:[0f,0f,0f,1f],translation:[0f,-2f,0f],scale:[1f,1f,1f]},item:{id:\"minecraft:ender_eye\",Count:1b,tag:{CustomModelData:1}}}]}",
                        "projectile_action": {
                            "type": "origins:and",
                            "actions": [
                                {
                                    "type": "origins:execute_command",
                                    "command": "power grant @s manhunt:bomber/flash/flash_bang",
                                    "permission_level": 4
                                }
                            ]
                        }
                    }
                },
                {
                    "type": "origins:swing_hand",
                    "hand": "MAIN_HAND"
                },
                {
                    "type": "origins:execute_command",
                    "command": "playsound minecraft:item.shield.break player @a ~ ~ ~ 1 1.5",
                    "permission_level": 4
                }
            ]
        },
        "cooldown": 1200,
        "hud_render": {
            "should_render": true,
            "sprite_location": "manhunt:textures/bars/bomber/flash.png",
            "bar_index": 0
        },
        "condition": {
            "type": "apugli:key_pressed",
            "key": {
                "key": "key.origins.primary_active",
                "continuous": true
            }
        },
        "key": {
            "key": "key.use"
        }
    },
    "name": "Flashbang",
    "description": "THINK FAST, CHUCKLENUTS!",
    "badges": [
        {
            "type": "origins:tooltip",
            "sprite": "manhunt:textures/item/bomber/flashbang.png",
            "text": "§e§lFlashbang ✨§r§7\nYou can throw a flashbang that flashes §nall runners§r§7 in a §r§e32§r§7 block radius.\nLooking the opposite way will reduce the duration by §r§e0.9s§r§7.\n§r§8(Being too close will flash anyone, even hunters)§r\n\n§e⌛§r§7 Cooldown: §r§f1m§r§8\n\n§7§lActive Ability"
        },
        {
            "type": "origins:tooltip",
            "sprite": "origins:textures/gui/badge/toggle.png",
            "text": [
                "§7Hold §r[",
                {
                    "keybind": "key.origins.primary_active"
                },
                "]§7 and press §r[",
                {
                    "keybind": "key.use"
                },
                "]§7 to throw!"
            ]
        }
    ]
}