{
    "type": "origins:multiple",
    "energy": {
        "type": "origins:resource",
        "min": 0,
        "max": 140,
        "start_value": 140,
        "hud_render": {
            "should_render": true,
            "sprite_location": "origins:textures/gui/community/huang/resource_bar_01.png",
            "bar_index": 20
        },
        "min_action": {
            "type": "origins:execute_command",
            "command": "power grant @s manhunt:boots_exhausted"
        }
    },
    "lose_energy": {
        "type": "origins:action_over_time",
        "entity_action": {
            "type": "origins:change_resource",
            "resource": "manhunt:celeritas/boots/boots_energy",
            "change": -1
        },
        "interval": 1,
        "condition": {
            "type": "origins:and",
            "conditions": [
                {
                    "type": "apugli:key_pressed",
                    "key": {
                        "key": "key.origins.primary_active",
                        "continuous": true
                    }
                },
                {
                    "type": "origins:moving"
                }
            ]
        }
    },
    "replenish": {
        "type": "origins:action_over_time",
        "entity_action": {
            "type": "origins:change_resource",
            "resource": "manhunt:celeritas/boots/boots_energy",
            "change": 1
        },
        "interval": 1,
        "condition": {
            "type": "origins:and",
            "conditions": [
                {
                    "type": "apugli:key_pressed",
                    "key": {
                        "key": "key.origins.primary_active",
                        "continuous": true
                    },
                    "inverted": true
                },
                {
                    "type": "origins:moving",
                    "inverted": true
                },
                {
                    "type": "origins:on_block"
                }
            ]
        }
    },
    "walking": {
        "type": "origins:action_over_time",
        "entity_action": {
            "type": "origins:change_resource",
            "resource": "manhunt:celeritas/boots/boots_energy",
            "change": 1
        },
        "interval": 3,
        "condition": {
            "type": "origins:and",
            "conditions": [
                {
                    "type": "apugli:key_pressed",
                    "key": {
                        "key": "key.origins.primary_active",
                        "continuous": true
                    },
                    "inverted": true
                },
                {
                    "type": "origins:sprinting",
                    "inverted": true
                },
                {
                    "type": "origins:on_block"
                }
            ]
        }
    },
    "crit": {
        "type": "eggolib:action_on_critical_hit",
        "bientity_action": {
            "type": "apoli:actor_action",
            "action": {
                "type": "origins:change_resource",
                "resource": "manhunt:celeritas/boots/boots_energy",
                "change": 10
            }
        }
    },
    "speed": {
        "type": "origins:conditioned_attribute",
        "modifier": {
            "name": "Movement speed increase",
            "attribute": "minecraft:generic.movement_speed",
            "value": 0.65,
            "operation": "multiply_base"
        },
        "tick_rate": 1,
        "condition": {
            "type": "origins:and",
            "conditions": [
                {
                    "type": "apugli:key_pressed",
                    "key": {
                        "key": "key.origins.primary_active",
                        "continuous": true
                    }
                },
                {
                    "type": "origins:resource",
                    "resource": "manhunt:celeritas/boots/boots_energy",
                    "comparison": ">",
                    "compare_to": 0
                }
            ]
        }
    },
    "boots_water": {
        "type": "origins:walk_on_fluid",
        "fluid": "minecraft:water",
        "condition": {
            "type": "origins:and",
            "conditions": [
                {
                    "type": "origins:fluid_height",
                    "fluid": "minecraft:water",
                    "comparison": ">",
                    "compare_to": 0
                },
                {
                    "type": "apugli:key_pressed",
                    "key": {
                        "key": "key.origins.primary_active",
                        "continuous": true
                    }
                },
                {
                    "type": "origins:resource",
                    "resource": "manhunt:celeritas/boots/boots_energy",
                    "comparison": ">",
                    "compare_to": 0
                }
            ]
        }
    },
    "boots_lava": {
        "type": "origins:walk_on_fluid",
        "fluid": "minecraft:lava",
        "condition": {
            "type": "origins:and",
            "conditions": [
                {
                    "type": "origins:fluid_height",
                    "fluid": "minecraft:lava",
                    "comparison": ">",
                    "compare_to": 0
                },
                {
                    "type": "apugli:key_pressed",
                    "key": {
                        "key": "key.origins.primary_active",
                        "continuous": true
                    }
                },
                {
                    "type": "origins:resource",
                    "resource": "manhunt:celeritas/boots/boots_energy",
                    "comparison": ">",
                    "compare_to": 0
                }
            ]
        }
    },
    "fluid_speed_water": {
        "type": "origins:conditioned_attribute",
        "modifier": {
            "name": "Movement speed increase",
            "attribute": "minecraft:generic.movement_speed",
            "value": 0.75,
            "operation": "multiply_base"
        },
        "tick_rate": 4,
        "condition": {
            "type": "origins:and",
            "conditions": [
                {
                    "type": "origins:fluid_height",
                    "fluid": "minecraft:water",
                    "comparison": ">",
                    "compare_to": 0
                },
                {
                    "type": "apugli:key_pressed",
                    "key": {
                        "key": "key.origins.primary_active",
                        "continuous": true
                    }
                },
                {
                    "type": "origins:resource",
                    "resource": "manhunt:celeritas/boots/boots_energy",
                    "comparison": ">",
                    "compare_to": 0
                }
            ]
        }
    },
    "fluid_speed_lava": {
        "type": "origins:conditioned_attribute",
        "modifier": {
            "name": "Movement speed increase",
            "attribute": "minecraft:generic.movement_speed",
            "value": 0.75,
            "operation": "multiply_base"
        },
        "tick_rate": 4,
        "condition": {
            "type": "origins:and",
            "conditions": [
                {
                    "type": "origins:fluid_height",
                    "fluid": "minecraft:lava",
                    "comparison": ">",
                    "compare_to": 0
                },
                {
                    "type": "apugli:key_pressed",
                    "key": {
                        "key": "key.origins.primary_active",
                        "continuous": true
                    }
                },
                {
                    "type": "origins:resource",
                    "resource": "manhunt:celeritas/boots/boots_energy",
                    "comparison": ">",
                    "compare_to": 0
                }
            ]
        }
    },
    "air_speed": {
        "type": "origins:modify_velocity",
        "axes": [
            "z",
            "x"
        ],
        "modifier": {
            "operation": "multiply_total",
            "value": 0.3
        },
        "condition": {
            "type": "origins:and",
            "conditions": [
                {
                    "type": "origins:on_block",
                    "inverted": true
                },
                {
                    "type": "apugli:key_pressed",
                    "key": {
                        "key": "key.origins.primary_active",
                        "continuous": true
                    }
                },
                {
                    "type": "origins:resource",
                    "resource": "manhunt:celeritas/boots/boots_energy",
                    "comparison": ">",
                    "compare_to": 0
                }
            ]
        }
    },
    "less_fall_damage": {
        "condition": {
            "type": "origins:fall_distance",
            "comparison": "<=",
            "compare_to": 6
        },
        "type": "origins:modify_damage_taken",
        "damage_condition": {
            "type": "origins:name",
            "name": "fall"
        },
        "modifier": {
            "operation": "multiply_total",
            "value": -1
        },
        "particles": {
            "type": "origins:active_self",
            "entity_action": {
                "type": "origins:and",
                "actions": [
                    {
                        "type": "origins:execute_command",
                        "command": "particle minecraft:dust_color_transition 1 1 0 1.5 1 0.5 0 ~ ~ ~ 0.3 0 0.3 1 2",
                        "permission_level": 4
                    },
                    {
                        "type": "origins:execute_command",
                        "command": "particle minecraft:wax_off ~ ~ ~ 0.3 0 0.3 1 2",
                        "permission_level": 4
                    }
                ]
            },
            "cooldown": 1,
            "key": {
                "key": "key.origins.primary_active",
                "continuous": true
            },
            "hud_render": {
                "should_render": false
            },
            "condition": {
                "type": "origins:resource",
                "resource": "manhunt:celeritas/boots/boots_energy",
                "comparison": ">",
                "compare_to": 0
            }
        }
    },
        "name": "Legendary Boots",
        "description": "Your boots can make you faster and walk on water/lava.",
        "badges": [
            {
                "type": "origins:tooltip",
                "sprite": "origins:textures/gui/badge/star.png",
                "text": "There's a few ways to recharge:\nStand still: Fast recharge\nWalk: Mild recharge\nDeal a critical hit: Small recharge"
            },
            {
                "type": "origins:keybind",
                "sprite": "origins:textures/gui/badge/toggle.png",
                "text": "Use boots with %s!"
            }
        ]
}