{
	"providers": [
		{
			"type":"bitmap",
			"file":"minecraft:font/icons/hunter.png",
			"ascent":8,
			"height":8,
			"chars":["\uefa1"]
		},
		{
			"type":"bitmap",
			"file":"minecraft:font/icons/runner.png",
			"ascent":8,
			"height":8,
			"chars":["\uefa2"]
		},
		{
			"type":"bitmap",
			"file":"minecraft:font/icons/alchimia.png",
			"ascent":8,
			"height":8,
			"chars":["\uefa3"]
		},
		{
			"type":"bitmap",
			"file":"minecraft:font/icons/balatro.png",
			"ascent":8,
			"height":8,
			"chars":["\uefa4"]
		},
		{
			"type":"bitmap",
			"file":"minecraft:font/icons/bomber.png",
			"ascent":8,
			"height":8,
			"chars":["\uefa5"]
		},
		{
			"type":"bitmap",
			"file":"minecraft:font/icons/captain.png",
			"ascent":8,
			"height":8,
			"chars":["\uefa6"]
		},
		{
			"type":"bitmap",
			"file":"minecraft:font/icons/celeritas.png",
			"ascent":8,
			"height":8,
			"chars":["\uefa7"]
		},
		{
			"type":"bitmap",
			"file":"minecraft:font/icons/chef.png",
			"ascent":8,
			"height":8,
			"chars":["\uefa8"]
		},
		{
			"type":"bitmap",
			"file":"minecraft:font/icons/deleo.png",
			"ascent":8,
			"height":8,
			"chars":["\uefa9"]
		},
		{
			"type":"bitmap",
			"file":"minecraft:font/icons/enchanter.png",
			"ascent":8,
			"height":8,
			"chars":["\uefb1"]
		},
		{
			"type":"bitmap",
			"file":"minecraft:font/icons/engineer.png",
			"ascent":8,
			"height":8,
			"chars":["\uefb2"]
		},
		{
			"type":"bitmap",
			"file":"minecraft:font/icons/falconer.png",
			"ascent":8,
			"height":8,
			"chars":["\uefb3"]
		},
		{
			"type":"bitmap",
			"file":"minecraft:font/icons/fortis.png",
			"ascent":8,
			"height":8,
			"chars":["\uefb4"]
		},
		{
			"type":"bitmap",
			"file":"minecraft:font/icons/gambler.png",
			"ascent":8,
			"height":8,
			"chars":["\uefb5"]
		},
		{
			"type":"bitmap",
			"file":"minecraft:font/icons/geologist.png",
			"ascent":8,
			"height":8,
			"chars":["\uefb6"]
		},
		{
			"type":"bitmap",
			"file":"minecraft:font/icons/guardian.png",
			"ascent":8,
			"height":8,
			"chars":["\uefb7"]
		},
		{
			"type":"bitmap",
			"file":"minecraft:font/icons/imp.png",
			"ascent":8,
			"height":8,
			"chars":["\uefb8"]
		},
		{
			"type":"bitmap",
			"file":"minecraft:font/icons/piglin.png",
			"ascent":8,
			"height":8,
			"chars":["\uefb9"]
		},
		{
			"type":"bitmap",
			"file":"minecraft:font/icons/relentless.png",
			"ascent":8,
			"height":8,
			"chars":["\uefc1"]
		},
		{
			"type":"bitmap",
			"file":"minecraft:font/icons/sanguis.png",
			"ascent":8,
			"height":8,
			"chars":["\uefc2"]
		},
		{
			"type":"bitmap",
			"file":"minecraft:font/icons/scanner.png",
			"ascent":8,
			"height":8,
			"chars":["\uefc3"]
		},
		{
			"type":"bitmap",
			"file":"minecraft:font/icons/scout.png",
			"ascent":8,
			"height":8,
			"chars":["\uefc4"]
		},
		{
			"type":"bitmap",
			"file":"minecraft:font/icons/shaman.png",
			"ascent":8,
			"height":8,
			"chars":["\uefc5"]
		},
		{
			"type":"bitmap",
			"file":"minecraft:font/icons/sicarius.png",
			"ascent":8,
			"height":8,
			"chars":["\uefc6"]
		},
		{
			"type":"bitmap",
			"file":"minecraft:font/icons/reaper.png",
			"ascent":8,
			"height":8,
			"chars":["\uefc7"]
		},
		{
			"type":"bitmap",
			"file":"minecraft:font/icons/survivalist.png",
			"ascent":8,
			"height":8,
			"chars":["\uefc8"]
		},
		{
			"type":"bitmap",
			"file":"minecraft:font/icons/wisp.png",
			"ascent":8,
			"height":8,
			"chars":["\uefc9"]
		},
		{
			"type":"bitmap",
			"file":"minecraft:font/icons/xolotl.png",
			"ascent":8,
			"height":8,
			"chars":["\uefd1"]
		},
		{
			"type":"bitmap",
			"file":"minecraft:font/icons/angler.png",
			"ascent":8,
			"height":8,
			"chars":["\uefd2"]
		},
		{
			"type":"bitmap",
			"file":"minecraft:font/icons/berserker.png",
			"ascent":8,
			"height":8,
			"chars":["\uefd3"]
		},
		{
			"type":"bitmap",
			"file":"minecraft:font/icons/lurker.png",
			"ascent":8,
			"height":8,
			"chars":["\uefd4"]
		},
		{
			"type":"bitmap",
			"file":"minecraft:font/icons/inmortuae.png",
			"ascent":8,
			"height":8,
			"chars":["\uefd5"]
		},
		{
			"type":"bitmap",
			"file":"minecraft:font/icons/courier.png",
			"ascent":8,
			"height":8,
			"chars":["\uefd6"]
		},
		{
			"type":"bitmap",
			"file":"minecraft:font/icons/draco.png",
			"ascent":8,
			"height":8,
			"chars":["\uefd7"]
		}
	]
}