{
	"type": "origins:multiple",
	"projectiles": {
		"type": "origins:modify_projectile_damage",
		"damage_condition": {
			"type": "origins:projectile",
			"projectile_condition": {
				"type": "origins:or",
				"conditions": [
					{
						"type": "origins:entity_type",
						"entity_type": "minecraft:arrow"
					},
					{
						"type": "origins:entity_type",
						"entity_type": "minecraft:spectral_arrow"
					}
				]
			}
		},
		"target_action": {
			"type": "origins:apply_effect",
			"effects": [
				{
					"effect": "minecraft:glowing",
					"duration": 120,
					"is_ambient": false,
					"show_particles": false,
					"show_icon": true
				},
				{
					"effect": "minecraft:slowness",
					"duration": 120,
					"amplifier": 1,
					"is_ambient": false,
					"show_particles": false,
					"show_icon": true
				}
			]
		}
	},
	"name": "Hunter's Prowess",
	"description": "Your affinity with bows allow you to pull the most out of every shot.",
	"badges": [
		{
            "type": "origins:tooltip",
            "sprite": "origins:textures/gui/badge/arrow_up.png",
            "text": "§e§lProwess 🏹§r§7\nLanding a shot with a bow will apply §r§eGlowing§r§7 and §r§eSlowness II§r§7 for §r§e6s§r§7.\n\n§7§lPassive Ability"
        }
	]
}