{
	"type": "origins:multiple",
    "less_food":{
        "type": "origins:modify_food",
        "food_modifier": {
            "name": "Decreased food points",
            "operation": "multiply_total",
            "value": -0.35
        }
    },
	"name": "THE OSHA TAX",
	"description": "Osha is hungry too, ya know?",
	"badges": [
		{
            "type": "origins:tooltip",
            "sprite": "origins:textures/gui/community/silent/badge/shapes/arrow_down.png",
            "text": "§c§lTaxed 🍕§r§7\nAll food gives §r§c-35%§r§7 the expected amount of sustenance.\n§r§8(Saturation is NOT affected)§r§7\n\n§7§lPassive Ability"
        }
	]
}