{
    "type": "origins:multiple",
    "craft1": {
        "type": "origins:action_on_callback",
        "entity_action_added": {
            "type": "origins:and",
            "actions": [
                {
                    "type": "origins:execute_command",
                    "command": "recipe give @s manhunt:flint_trident",
                    "permission_level": 4
                },
                {
                    "type": "origins:execute_command",
                    "command": "power remove @s manhunt:pitchfork_craft1"
                }
            ]
        }
    },
    "craft2": {
        "type": "origins:modify_crafting",
        "recipe": "manhunt:flint_trident",
        "result": {
            "item": "minecraft:trident",
            "tag": "{Unbreakable:1,AttributeModifiers:[{AttributeName:\"generic.attack_damage\",Amount:4,Name:\"generic.attack_damage\",UUID:[I;-12241,37572,231927,-75144]},{AttributeName:\"generic.attack_speed\",Amount:-2.9,Name:\"generic.attack_speed\",UUID:[I;-122416,19396,185458,-38792]}],display:{Name:'[{\"text\":\"Ol\\'reliable ☆\",\"bold\":true,\"color\":\"dark_red\"}]',Lore:['[{\"text\":\"Dull Flint.\",\"italic\":false,\"color\":\"red\"}]']},Enchantments:[{id:vanishing_curse,lvl:1},{id:loyalty,lvl:1}],HideFlags:3}"
        },
        "entity_action": {
            "type": "origins:and",
            "actions": [
                {
                    "type": "origins:execute_command",
                    "command": "recipe take @s manhunt:flint_trident"
                },
                {
                    "type": "origins:execute_command",
                    "command": "power remove @s manhunt:pitchfork_craft2"
                }
            ]
        }
    },
    "damage_projectile": {
        "type": "origins:modify_projectile_damage",
        "damage_condition": {
            "type": "origins:projectile",
            "projectile": "minecraft:trident"
        },
        "modifier": {
            "operation": "addition",
            "value": -3
        }
    },
    "levels": {
        "type": "origins:resource",
        "min": 0,
        "max": 3,
        "start_value": 0,
        "hud_render": {
            "should_render": false
        }
    },
    "iron": {
        "type": "origins:item_on_item",
        "on_item_condition": {
            "type": "origins:nbt",
            "nbt": "{Unbreakable:1,AttributeModifiers:[{AttributeName:\"generic.attack_damage\",Amount:4,Name:\"generic.attack_damage\",UUID:[I;-12241,37572,231927,-75144]},{AttributeName:\"generic.attack_speed\",Amount:-2.9,Name:\"generic.attack_speed\",UUID:[I;-122416,19396,185458,-38792]}],display:{Name:'[{\"text\":\"Ol\\'reliable ☆\",\"bold\":true,\"color\":\"dark_red\"}]',Lore:['[{\"text\":\"Dull Flint.\",\"italic\":false,\"color\":\"red\"}]']},Enchantments:[{id:vanishing_curse,lvl:1},{id:loyalty,lvl:1}],HideFlags:3}"
        },
        "using_item_condition": {
            "type": "origins:ingredient",
            "ingredient": {
                "item": "minecraft:iron_ingot"
            }
        },
        "using_item_action": {
            "type": "origins:consume",
            "amount": 1
        },
        "on_item_action": {
            "type": "origins:consume",
            "amount": 1
        },
        "entity_action": {
            "type": "origins:and",
            "actions": [
                {
                    "type": "origins:execute_command",
                    "command": "give @s trident{Unbreakable:1,AttributeModifiers:[{AttributeName:\"generic.attack_damage\",Amount:6,Name:\"generic.attack_damage\",UUID:[I;-12241,37572,231927,-75144]},{AttributeName:\"generic.attack_speed\",Amount:-2.9,Name:\"generic.attack_speed\",UUID:[I;-122416,19396,185458,-38792]}],display:{Name:'[{\"text\":\"Ol\\'reliable ☆☆\",\"bold\":true,\"color\":\"dark_red\"}]',Lore:['[{\"text\":\"Sharpened Iron.\",\"italic\":false,\"color\":\"red\"}]']},Enchantments:[{id:vanishing_curse,lvl:1},{id:loyalty,lvl:1}],HideFlags:3} 1",
                    "permission_level": 4
                },
                {
                    "type": "origins:execute_command",
                    "command": "resource set @s manhunt:imp/pitchfork_levels 1",
                    "permission_level": 4
                }
            ]
        }
    },
    "dia": {
        "type": "origins:item_on_item",
        "on_item_condition": {
            "type": "origins:nbt",
            "nbt": "{Unbreakable:1,AttributeModifiers:[{AttributeName:\"generic.attack_damage\",Amount:6,Name:\"generic.attack_damage\",UUID:[I;-12241,37572,231927,-75144]},{AttributeName:\"generic.attack_speed\",Amount:-2.9,Name:\"generic.attack_speed\",UUID:[I;-122416,19396,185458,-38792]}],display:{Name:'[{\"text\":\"Ol\\'reliable ☆☆\",\"bold\":true,\"color\":\"dark_red\"}]',Lore:['[{\"text\":\"Sharpened Iron.\",\"italic\":false,\"color\":\"red\"}]']},Enchantments:[{id:vanishing_curse,lvl:1},{id:loyalty,lvl:1}],HideFlags:3}"
        },
        "using_item_condition": {
            "type": "origins:ingredient",
            "ingredient": {
                "item": "minecraft:diamond"
            }
        },
        "using_item_action": {
            "type": "origins:consume",
            "amount": 1
        },
        "on_item_action": {
            "type": "origins:consume",
            "amount": 1
        },
        "entity_action": {
            "type": "origins:and",
            "actions": [
                {
                    "type": "origins:execute_command",
                    "command": "give @s trident{Unbreakable:1,AttributeModifiers:[{AttributeName:\"generic.attack_damage\",Amount:8,Name:\"generic.attack_damage\",UUID:[I;-12241,37572,231927,-75144]},{AttributeName:\"generic.attack_speed\",Amount:-2.9,Name:\"generic.attack_speed\",UUID:[I;-122416,19396,185458,-38792]}],display:{Name:'[{\"text\":\"Ol\\'reliable ☆☆☆\",\"bold\":true,\"color\":\"dark_red\"}]',Lore:['[{\"text\":\"Diamond Perfection.\",\"italic\":false,\"color\":\"red\"}]']},Enchantments:[{id:vanishing_curse,lvl:1},{id:loyalty,lvl:2}],HideFlags:3} 1",
                    "permission_level": 4
                },
                {
                    "type": "origins:execute_command",
                    "command": "resource set @s manhunt:imp/pitchfork_levels 2",
                    "permission_level": 4
                }
            ]
        }
    },
    "netherite": {
        "type": "origins:item_on_item",
        "on_item_condition": {
            "type": "origins:nbt",
            "nbt": "{Unbreakable:1,AttributeModifiers:[{AttributeName:\"generic.attack_damage\",Amount:8,Name:\"generic.attack_damage\",UUID:[I;-12241,37572,231927,-75144]},{AttributeName:\"generic.attack_speed\",Amount:-2.9,Name:\"generic.attack_speed\",UUID:[I;-122416,19396,185458,-38792]}],display:{Name:'[{\"text\":\"Ol\\'reliable ☆☆☆\",\"bold\":true,\"color\":\"dark_red\"}]',Lore:['[{\"text\":\"Diamond Perfection.\",\"italic\":false,\"color\":\"red\"}]']},Enchantments:[{id:vanishing_curse,lvl:1},{id:loyalty,lvl:2}],HideFlags:3}"
        },
        "using_item_condition": {
            "type": "origins:ingredient",
            "ingredient": {
                "item": "minecraft:netherite_scrap"
            }
        },
        "using_item_action": {
            "type": "origins:consume",
            "amount": 1
        },
        "on_item_action": {
            "type": "origins:consume",
            "amount": 1
        },
        "entity_action": {
            "type": "origins:and",
            "actions": [
                {
                    "type": "origins:execute_command",
                    "command": "give @s trident{Unbreakable:1,AttributeModifiers:[{AttributeName:\"generic.attack_damage\",Amount:10,Name:\"generic.attack_damage\",UUID:[I;-12241,37572,231927,-75144]},{AttributeName:\"generic.attack_speed\",Amount:-2.9,Name:\"generic.attack_speed\",UUID:[I;-122416,19396,185458,-38792]}],display:{Name:'[{\"text\":\"Ol\\'reliable ☆☆☆☆\",\"bold\":true,\"color\":\"dark_red\"}]',Lore:['[{\"text\":\"Netherite Fright.\",\"italic\":false,\"color\":\"red\"}]']},Enchantments:[{id:vanishing_curse,lvl:1},{id:loyalty,lvl:3}],HideFlags:3} 1",
                    "permission_level": 4
                },
                {
                    "type": "origins:execute_command",
                    "command": "resource set @s manhunt:imp/pitchfork_levels 3",
                    "permission_level": 4
                }
            ]
        }
    },
    "iron_projectile_dmg": {
        "type": "origins:modify_projectile_damage",
        "damage_condition": {
            "type": "origins:and",
            "conditions": [
                {
                    "type": "origins:projectile",
                    "projectile": "minecraft:trident"
                },
                {
                    "type": "origins:attacker",
                    "entity_condition": {
                        "type": "origins:resource",
                        "resource": "manhunt:imp/pitchfork_levels",
                        "comparison": "==",
                        "compare_to": 1
                    }
                }
            ]
        },
        "modifier": {
            "operation": "addition",
            "value": 3.0
        }
    },
    "diamond_projectile_dmg": {
        "type": "origins:modify_projectile_damage",
        "damage_condition": {
            "type": "origins:and",
            "conditions": [
                {
                    "type": "origins:projectile",
                    "projectile": "minecraft:trident"
                },
                {
                    "type": "origins:attacker",
                    "entity_condition": {
                        "type": "origins:resource",
                        "resource": "manhunt:imp/pitchfork_levels",
                        "comparison": "==",
                        "compare_to": 2
                    }
                }
            ]
        },
        "modifier": {
            "operation": "addition",
            "value": 5.0
        }
    },
    "netherite_projectile_dmg": {
        "type": "origins:modify_projectile_damage",
        "damage_condition": {
            "type": "origins:and",
            "conditions": [
                {
                    "type": "origins:projectile",
                    "projectile": "minecraft:trident"
                },
                {
                    "type": "origins:attacker",
                    "entity_condition": {
                        "type": "origins:resource",
                        "resource": "manhunt:imp/pitchfork_levels",
                        "comparison": "==",
                        "compare_to": 3
                    }
                }
            ]
        },
        "modifier": {
            "operation": "addition",
            "value": 7.0
        }
    },
    "netherite_piercing": {
        "type": "origins:action_over_time",
        "entity_action": {
            "type": "origins:and",
            "actions": [
                {
                    "type": "origins:execute_command",
                    "command": "execute if entity @s[scores={trident=1..}] run data modify entity @e[limit=1,sort=nearest,type=minecraft:trident] PierceLevel set value 3"
                },
                {
                    "type": "origins:delay",
                    "ticks": 1,
                    "action": {
                        "type": "origins:execute_command",
                        "command": "execute if entity @s[scores={trident=1..}] run scoreboard players set @s trident 0"
                    }
                }
            ]
        },
        "interval": 1,
        "condition": {
            "type": "origins:resource",
            "resource": "manhunt:imp/pitchfork_levels",
            "comparison": "==",
            "compare_to": 3
        }
    },
    "scoreboard": {
        "type": "origins:action_on_callback",
        "entity_action_gained": {
            "type": "origins:execute_command",
            "command": "scoreboard objectives add trident minecraft.used:minecraft.trident"
        },
        "entity_action_respawned": {
            "type": "origins:execute_command",
            "command": "resource set @s manhunt:imp/pitchfork_levels 0",
            "permission_level": 4
        },
        "execute_chosen_when_orb": true,
        "hidden": true
    },
    "name": "Imp's Recipe",
    "description": "Craft a trident by putting a flint, and two sticks underneath in a crafting table's grid. This pitchfork can be upgraded with resources. (see badges)",
    "badges": [
        {
            "type": "origins:tooltip",
            "sprite": "origins:textures/gui/badge/star.png",
            "text": "To upgrade, simply right click with the material while hovering on the trident in your inventory.\n§7Iron Upgrade: 1 Iron Ingot\n§3Diamond Upgrade: 1 Diamond\n§6Netherite Upgrade: 1 Netherite Scrap§r\nUpgrades increase the damage of the trident (Netherite also has piercing)."
        },
        {
            "type": "origins:crafting_recipe",
            "sprite": "minecraft:textures/item/trident.png",
            "recipe": {
                "id": "manhunt:flint_trident",
                "type": "minecraft:crafting_shaped",
                "key": {
                    "X": {
                        "item": "minecraft:flint"
                    },
                    "#": {
                        "item": "minecraft:stick"
                    }
                },
                "pattern": [
                    " X ",
                    " # ",
                    " # "
                ],
                "result": {
                    "item": "minecraft:trident"
                }
            }
        }
    ]
}