{
    "type": "origins:multiple",
    "activate": {
        "type": "origins:active_self",
        "entity_action": {
            "type": "origins:and",
            "actions": [
                {
                    "type": "origins:execute_command",
                    "command": "playsound minecraft:block.end_portal_frame.fill player @a[tag=runner] ~ ~ ~ 10 0"
                },
                {
                    "type": "origins:execute_command",
                    "command": "power grant @a[tag=hunter,distance=..10] manhunt:cast"
                },
                {
                    "type": "origins:execute_command",
                    "command": "power grant @a[limit=1,sort=nearest,tag=runner,nbt={Dimension:\"minecraft:the_nether\"}] manhunt:stop_forceload"
                },
                {
                    "type": "origins:execute_command",
                    "command": "execute if entity @a[limit=1,sort=nearest,tag=runner,nbt={Dimension:\"minecraft:the_nether\"}] run summon armor_stand ~ ~ ~ {Invisible:1b,Invulnerable:1b,NoBasePlate:1b,NoGravity:1b,CustomName:'{\"text\":\"imp\"}'}",
                    "permission_level": 4
                },
                {
                    "type": "origins:execute_command",
                    "command": "execute if entity @a[limit=1,sort=nearest,tag=runner,nbt={Dimension:\"minecraft:the_nether\"}] run forceload add ~ ~ ~ ~",
                    "permission_level": 4
                },
                {
                    "type": "origins:and",
                    "actions": [
                        {
                            "type": "origins:execute_command",
                            "command": "execute if entity @p[tag=runner,nbt={Dimension:\"minecraft:overworld\"}] at @p[tag=runner] run particle minecraft:flame ~ 300 ~ 5 0 5 0.1 5000 force",
                            "permission_level": 4
                        },
                        {
                            "type": "origins:execute_command",
                            "command": "execute if entity @p[tag=runner,nbt={Dimension:\"minecraft:overworld\"}] at @p[tag=runner] run particle minecraft:soul_fire_flame ~ 300 ~ 5 0 5 0.1 5000 force",
                            "permission_level": 4
                        },
                        {
                            "type": "origins:execute_command",
                            "command": "playsound minecraft:block.note_block.basedrum player @a ~ ~ ~ 10 0.5",
                            "permission_level": 4
                        },
                        {
                            "type": "origins:delay",
                            "ticks": 20,
                            "action": {
                                "type": "origins:and",
                                "actions": [
                                    {
                                        "type": "origins:execute_command",
                                        "command": "execute if entity @p[tag=runner,nbt={Dimension:\"minecraft:overworld\"}] at @p[tag=runner] run particle minecraft:flame ~ 300 ~ 5 0 5 0.1 5000 force",
                                        "permission_level": 4
                                    },
                                    {
                                        "type": "origins:execute_command",
                                        "command": "execute if entity @p[tag=runner,nbt={Dimension:\"minecraft:overworld\"}] at @p[tag=runner] run particle minecraft:soul_fire_flame ~ 300 ~ 5 0 5 0.1 5000 force",
                                        "permission_level": 4
                                    },
                                    {
                                        "type": "origins:execute_command",
                                        "command": "playsound minecraft:block.note_block.basedrum player @a ~ ~ ~ 1 0.6 1",
                                        "permission_level": 4
                                    }
                                ]
                            }
                        },
                        {
                            "type": "origins:delay",
                            "ticks": 40,
                            "action": {
                                "type": "origins:and",
                                "actions": [
                                    {
                                        "type": "origins:execute_command",
                                        "command": "execute if entity @p[tag=runner,nbt={Dimension:\"minecraft:overworld\"}] at @p[tag=runner] run particle minecraft:flame ~ 300 ~ 5 0 5 0.1 5000 force",
                                        "permission_level": 4
                                    },
                                    {
                                        "type": "origins:execute_command",
                                        "command": "execute if entity @p[tag=runner,nbt={Dimension:\"minecraft:overworld\"}] at @p[tag=runner] run particle minecraft:soul_fire_flame ~ 300 ~ 5 0 5 0.1 5000 force",
                                        "permission_level": 4
                                    },
                                    {
                                        "type": "origins:execute_command",
                                        "command": "playsound minecraft:block.note_block.basedrum player @a ~ ~ ~ 1 0.7 1",
                                        "permission_level": 4
                                    }
                                ]
                            }
                        },
                        {
                            "type": "origins:delay",
                            "ticks": 60,
                            "action": {
                                "type": "origins:and",
                                "actions": [
                                    {
                                        "type": "origins:execute_command",
                                        "command": "execute if entity @p[tag=runner,nbt={Dimension:\"minecraft:overworld\"}] at @p[tag=runner] run particle minecraft:flame ~ 300 ~ 5 0 5 0.1 5000 force",
                                        "permission_level": 4
                                    },
                                    {
                                        "type": "origins:execute_command",
                                        "command": "execute if entity @p[tag=runner,nbt={Dimension:\"minecraft:overworld\"}] at @p[tag=runner] run particle minecraft:soul_fire_flame ~ 300 ~ 5 0 5 0.1 5000 force",
                                        "permission_level": 4
                                    },
                                    {
                                        "type": "origins:execute_command",
                                        "command": "playsound minecraft:block.note_block.basedrum player @a ~ ~ ~ 1 0.8 1",
                                        "permission_level": 4
                                    }
                                ]
                            }
                        },
                        {
                            "type": "origins:delay",
                            "ticks": 80,
                            "action": {
                                "type": "origins:and",
                                "actions": [
                                    {
                                        "type": "origins:execute_command",
                                        "command": "execute if entity @p[tag=runner,nbt={Dimension:\"minecraft:overworld\"}] at @p[tag=runner] run particle minecraft:flame ~ 300 ~ 5 0 5 0.1 5000 force",
                                        "permission_level": 4
                                    },
                                    {
                                        "type": "origins:execute_command",
                                        "command": "execute if entity @p[tag=runner,nbt={Dimension:\"minecraft:overworld\"}] at @p[tag=runner] run particle minecraft:soul_fire_flame ~ 300 ~ 5 0 5 0.1 5000 force",
                                        "permission_level": 4
                                    },
                                    {
                                        "type": "origins:execute_command",
                                        "command": "playsound minecraft:block.note_block.basedrum player @a ~ ~ ~ 1 0.9 1",
                                        "permission_level": 4
                                    }
                                ]
                            }
                        },
                        {
                            "type": "origins:delay",
                            "ticks": 100,
                            "action": {
                                "type": "origins:and",
                                "actions": [
                                    {
                                        "type": "origins:execute_command",
                                        "command": "execute if entity @p[tag=runner,nbt={Dimension:\"minecraft:overworld\"}] at @p[tag=runner] run particle minecraft:block_marker minecraft:nether_portal ~ 300 ~ 10 0 10 100 10000 force @a",
                                        "permission_level": 4
                                    },
                                    {
                                        "type": "origins:execute_command",
                                        "command": "playsound minecraft:block.note_block.basedrum player @a ~ ~ ~ 1 1 1",
                                        "permission_level": 4
                                    },
                                    {
                                        "type": "origins:execute_command",
                                        "command": "playsound minecraft:block.end_portal.spawn player @a[tag=hunter] ~ ~ ~ 2 0",
                                        "permission_level": 4
                                    }
                                ]
                            }
                        }
                    ]
                }
            ]
        },
        "key": {
            "key": "key.origins.secondary_active"
        },
        "cooldown": 24000,
        "hud_render": {
            "sprite_location": "origins:textures/gui/community/spiderkolo/resource_bar_03.png",
            "bar_index": 7,
            "should_render": true
        }
    },
    "name": "§l§nImp's Gateway",
    "description": "Using the secondary ability key, you can teleport you and any hunter in a 10 block radius of yourself near the runner. In the overworld, you'll be teleported high in the air overtop the runner and will descend slowly. In the Nether you will teleport close to the runner, but will temporarily turn into a spirit. If you are hit as a spirit, you'll be teleported back to the imp's original location."
}