{
    "name": "Sneaky Trickster",
    "description": "As a master of stealth you turn invisible amd move faster while sneaking for a short period of time.",
    "type": "origins:multiple",
    "resource": {
        "type": "origins:resource",
        "min": 0,
        "max": 10,
        "start_value": 10,
        "hud_render": {
			"should_render": true,
			"sprite_location": "origins:textures/gui/community/spiderkolo/resource_bar_01.png",
			"bar_index": 6
		}   
    },
    
    "resource_gain": {
        "type": "origins:action_over_time",
	        "entity_action": {
            "type": "origins:change_resource",
            "resource": "manhunt:imp/sneaky_resource",
            "change": 1
        },
    "interval": 200,
    "condition": {
        "type": "origins:and",
        "conditions": [
                {
                    "type": "origins:resource",
                    "resource": "manhunt:imp/sneaky_resource",
                    "comparison": "<",
                    "compare_to": 10
                },
                {
                    "type": "origins:sneaking",
                    "inverted": true
                }
            ]
        }
    },

    "resource_drain": {
        "type": "origins:action_over_time",
	        "entity_action": {
            "type": "origins:change_resource",
            "resource": "manhunt:imp/sneaky_resource",
            "change": -1
        },
    "interval": 20,
    "condition": {
        "type": "origins:and",
        "conditions": [
                {
                    "type": "origins:on_block"
                },
                {
                    "type": "origins:sneaking"
                }
            ]
        }
    },

    "invisibility": {
        "type": "origins:invisibility",
        "render_armor": false,
        "condition": {
        "type": "origins:and",
        "conditions": [
                {
                "type": "origins:on_block"
                },
                {
                "type": "origins:sneaking"
                },
                {
                    "type": "origins:resource",
                    "resource": "manhunt:imp/sneaky_resource",
                    "comparison": ">",
                    "compare_to": 0
                }
            ]
        }
    },
    "speed": {
        "type": "origins:conditioned_attribute",
        "modifier": {
            "attribute": "minecraft:generic.movement_speed",
            "operation": "addition",
            "value": 0.2,
            "name": "Increased sprinting speed"
        },
        "tick_rate": 5,
        "condition": {
            "type": "origins:and",
            "conditions": [
                    {
                    "type": "origins:on_block"
                    },
                    {
                    "type": "origins:sneaking"
                    },
                    {
                        "type": "origins:resource",
                        "resource": "manhunt:imp/sneaky_resource",
                        "comparison": ">",
                        "compare_to": 0
                }
            ]
        }
    },
    "damage": {
        "type": "origins:conditioned_attribute",
        "modifier": {
            "attribute": "minecraft:generic.attack_damage",
            "operation": "addition",
            "value": -6,
            "name": "Increased sprinting speed"
        },
        "tick_rate": 20,
        "condition": {
            "type": "origins:and",
            "conditions": [
                    {
                    "type": "origins:on_block"
                    },
                    {
                    "type": "origins:sneaking"
                    },
                    {
                        "type": "origins:resource",
                        "resource": "manhunt:imp/sneaky_resource",
                        "comparison": ">",
                        "compare_to": 0
                }
            ]
        }
    }    
}