{
    "type": "origins:multiple",
    "activate": {
        "type": "origins:active_self",
        "entity_action": {
            "type": "origins:and",
            "actions": [
                {
                    "type": "origins:spawn_entity",
                    "entity_type": "minecraft:armor_stand",
                    "tag": "{Marker:1b,Invisible:1b,Tags:[\"engineer_portal1\"],Passengers:[{id:\"minecraft:item_display\",view_range:10f,billboard:\"vertical\",Tags:[\"engineer_portal1\"],brightness:{sky:15,block:15},Rotation:[0f,0f],transformation:{left_rotation:[0f,0f,0f,1f],right_rotation:[0f,0f,0f,1f],translation:[0f,0f,0f],scale:[0.5f,1.0f,1.0f]},item:{id:\"minecraft:blue_dye\",Count:1b,tag:{CustomModelData:2,Enchantments:[{}]}}}]}",
                    "entity_action": {
                        "type": "origins:and",
                        "actions": [
                            {
                                "type": "origins:execute_command",
                                "command": "tp @s ~ ~1.5 ~",
                                "permission_level": 4
                            },
                            {
                                "type": "origins:execute_command",
                                "command": "execute on passengers run data modify entity @s Rotation[1] set value 0f",
                                "permission_level": 4
                            },
                            {
                                "type": "origins:execute_command",
                                "command": "power grant @s manhunt:engineer/portal/origin",
                                "permission_level": 4
                            }
                        ]
                    }
                },
                {
                    "type": "origins:selector_action",
                    "selector": "@p[tag=runner,nbt={Dimension:\"minecraft:overworld\"}]",
                    "bientity_action": {
                        "type": "origins:target_action",
                        "action": {
                            "type": "origins:spawn_entity",
                            "entity_type": "minecraft:armor_stand",
                            "tag": "{Marker:1b,Invisible:1b,Tags:[\"engineer_portal2\"],Passengers:[{id:\"minecraft:item_display\",view_range:10f,Tags:[\"engineer_portal2\"],brightness:{sky:15,block:15},Rotation:[0f,90f],transformation:{left_rotation:[0f,0f,0f,1f],right_rotation:[0f,0f,0f,1f],translation:[0f,0f,0f],scale:[15f,15f,1f]},item:{id:\"minecraft:blue_dye\",Count:1b,tag:{CustomModelData:2,Enchantments:[{}]}}}]}",
                            "entity_action": {
                                "type": "origins:and",
                                "actions": [
                                    {
                                        "type": "origins:selector_action",
                                        "selector": "@e[limit=1,sort=nearest,tag=engineer_portal1]",
                                        "bientity_action": {
                                            "type": "origins:invert",
                                            "action": {
                                                "type": "origins:add_to_set",
                                                "set": "manhunt:engineer/portal/origin_portal"
                                            }
                                        }
                                    },
                                    {
                                        "type": "origins:execute_command",
                                        "command": "tp @s ~ 300 ~",
                                        "permission_level": 4
                                    },
                                    {
                                        "type": "origins:execute_command",
                                        "command": "execute on passengers run data modify entity @s Rotation[1] set value 90f",
                                        "permission_level": 4
                                    }
                                ]
                            }
                        }
                    }
                }
            ]
        },
        "key": {
            "key": "key.origins.secondary_active"
        },
        "condition": {
            "type": "origins:exposed_to_sky"
        },
        "cooldown": 6000,
        "hud_render": {
            "sprite_location": "origins:textures/gui/community/spiderkolo/resource_bar_03.png",
            "bar_index": 7,
            "should_render": true
        }
    },
    "name": "VIP Rift\n(Virtual Imp Portal)",
    "description": "Open a digital that lets two entities seep through reality and teleport to the runner.",
    "badges": [
        {
            "type": "origins:tooltip",
            "sprite": "origins:textures/gui/badge/star.png",
            "text": "Open a simulated Imp portal that allows only two entity teleport.\nTo use, you need to be exposed to the sky and the runner must be in the overworld."
        },
        {
            "type": "origins:keybind",
            "sprite": "origins:textures/gui/badge/toggle.png",
            "text": "Craft the portal with \"%s\"!"
        },
        {
            "type": "origins:tooltip",
            "sprite": "manhunt:textures/icons/cooldown.png",
            "text": "Cooldown: 5m"
        }
    ]
}