{
    "type": "minecraft:fishing",
    "pools": [
      {
        "rolls": 2.0,
        "entries": [
          {
            "type": "minecraft:item",
            "functions": [
                {
                  "function": "minecraft:set_count",
                  "count": 2
                }
            ],
            "weight": 40,
            "name": "minecraft:cod"
          },
          {
            "type": "minecraft:item",
            "functions": [
                {
                  "function": "minecraft:set_count",
                  "count": 2
                }
            ],
            "weight": 35,
            "name": "minecraft:salmon"
          },
          {
            "type": "minecraft:item",
            "functions": [
                {
                  "function": "minecraft:set_count",
                  "count": 2
                }
            ],
            "weight": 10,
            "name": "minecraft:tropical_fish"
          },
          {
            "type": "minecraft:item",
            "functions": [
                {
                  "function": "minecraft:set_count",
                  "count": 2
                }
            ],
            "weight": 10,
            "name": "minecraft:pufferfish"
          },
          {
            "type": "minecraft:item",
            "functions": [
                {
                  "function": "minecraft:set_count",
                  "count": 2
                }
            ],
            "weight": 5,
            "name": "minecraft:pufferfish"
          }
        ]
      }
    ]
  }