{
	"type": "origins:multiple",
    "power":{
        "type": "origins:modify_enchantment_level",
        "enchantment": "minecraft:power",
        "modifier": {
            "operation": "addition",
            "value": 1
        }
    },
	"name": "True Weapon of a Hunter",
	"description": "Your affinity with bows allow you to pull the most out of every shot.",
	"badges": [
		{
			"type": "origins:tooltip",
			"sprite": "origins:textures/gui/badge/star.png",
			"text": "You have Power I by default."
		}
	]
}