{
    "type": "origins:multiple",
    "boots_water": {
        "type": "origins:walk_on_fluid",
        "fluid": "minecraft:water",
        "condition": {
            "type": "origins:and",
            "conditions": [
                {
                    "type": "origins:fluid_height",
                    "fluid": "minecraft:water",
                    "comparison": ">",
                    "compare_to": 0
                },
                {
                    "type": "apugli:key_pressed",
                    "key": {
                        "key": "key.origins.primary_active",
                        "continuous": true
                    }
                },
                {
                    "type": "origins:resource",
                    "resource": "manhunt:celeritas/boots/boots_energy",
                    "comparison": ">",
                    "compare_to": 0
                }
            ]
        }
    },
    "boots_lava": {
        "type": "origins:walk_on_fluid",
        "fluid": "minecraft:lava",
        "condition": {
            "type": "origins:and",
            "conditions": [
                {
                    "type": "origins:fluid_height",
                    "fluid": "minecraft:lava",
                    "comparison": ">",
                    "compare_to": 0
                },
                {
                    "type": "apugli:key_pressed",
                    "key": {
                        "key": "key.origins.primary_active",
                        "continuous": true
                    }
                },
                {
                    "type": "origins:resource",
                    "resource": "manhunt:celeritas/boots/boots_energy",
                    "comparison": ">",
                    "compare_to": 0
                }
            ]
        }
    },
    "energy": {
        "type": "origins:resource",
        "min": 0,
        "max": 140,
        "start_value": 140,
        "hud_render": {
            "should_render": true,
            "sprite_location": "origins:textures/gui/community/huang/resource_bar_01.png",
            "bar_index": 20
        },
        "min_action": {
            "type": "origins:execute_command",
            "command": "power grant @s manhunt:boots_exhausted"
        }
    },
    "lose_energy": {
        "type": "origins:action_over_time",
        "entity_action": {
            "type": "origins:change_resource",
            "resource": "manhunt:celeritas/boots/boots_energy",
            "change": -1
        },
        "interval": 1,
        "condition": {
            "type": "origins:and",
            "conditions": [
                {
                    "type": "apugli:key_pressed",
                    "key": {
                        "key": "key.origins.primary_active",
                        "continuous": true
                    }
                }
            ]
        }
    },
    "replenish": {
        "type": "origins:action_over_time",
        "entity_action": {
            "type": "origins:change_resource",
            "resource": "manhunt:celeritas/boots/boots_energy",
            "change": 1
        },
        "interval": 1,
        "condition": {
            "type": "origins:and",
            "conditions": [
                {
                    "type": "apugli:key_pressed",
                    "key": {
                        "key": "key.origins.primary_active",
                        "continuous": true
                    },
                    "inverted": true
                },
                {
                    "type": "origins:power",
                    "power": "manhunt:boots_exhausted",
                    "inverted": true
                },
                {
                    "type": "origins:sneaking"
                },
                {
                    "type": "origins:moving",
                    "inverted": true
                }
            ]
        }
    },
    "speed": {
        "type": "origins:conditioned_attribute",
        "modifier": {
            "name": "Movement speed increase",
            "attribute": "minecraft:generic.movement_speed",
            "value": 0.5,
            "operation": "multiply_base"
        },
        "tick_rate": 1,
        "condition": {
            "type": "origins:and",
            "conditions": [
                {
                    "type": "apugli:key_pressed",
                    "key": {
                        "key": "key.origins.primary_active",
                        "continuous": true
                    }
                },
                {
                    "type": "origins:resource",
                    "resource": "manhunt:celeritas/boots/boots_energy",
                    "comparison": ">",
                    "compare_to": 0
                }
            ]
        }
    },
    "fluid_speed_water": {
        "type": "origins:conditioned_attribute",
        "modifier": {
            "name": "Movement speed increase",
            "attribute": "minecraft:generic.movement_speed",
            "value": 0.75,
            "operation": "multiply_base"
        },
        "tick_rate": 4,
        "condition": {
            "type": "origins:and",
            "conditions": [
                {
                    "type": "origins:fluid_height",
                    "fluid": "minecraft:water",
                    "comparison": ">",
                    "compare_to": 0
                },
                {
                    "type": "apugli:key_pressed",
                    "key": {
                        "key": "key.origins.primary_active",
                        "continuous": true
                    }
                },
                {
                    "type": "origins:resource",
                    "resource": "manhunt:celeritas/boots/boots_energy",
                    "comparison": ">",
                    "compare_to": 0
                }
            ]
        }
    },
    "fluid_speed_lava": {
        "type": "origins:conditioned_attribute",
        "modifier": {
            "name": "Movement speed increase",
            "attribute": "minecraft:generic.movement_speed",
            "value": 0.75,
            "operation": "multiply_base"
        },
        "tick_rate": 4,
        "condition": {
            "type": "origins:and",
            "conditions": [
                {
                    "type": "origins:fluid_height",
                    "fluid": "minecraft:lava",
                    "comparison": ">",
                    "compare_to": 0
                },
                {
                    "type": "apugli:key_pressed",
                    "key": {
                        "key": "key.origins.primary_active",
                        "continuous": true
                    }
                },
                {
                    "type": "origins:resource",
                    "resource": "manhunt:celeritas/boots/boots_energy",
                    "comparison": ">",
                    "compare_to": 0
                }
            ]
        }
    },
    "air_speed": {
        "type": "origins:modify_air_speed",
        "modifier": {
            "operation": "multiply_total",
            "value": 0.4
        },
        "condition": {
            "type": "origins:and",
            "conditions": [
                {
                    "type": "apugli:key_pressed",
                    "key": {
                        "key": "key.origins.primary_active",
                        "continuous": true
                    }
                },
                {
                    "type": "origins:resource",
                    "resource": "manhunt:celeritas/boots/boots_energy",
                    "comparison": ">",
                    "compare_to": 0
                }
            ]
        }
    },
    "less_fall_damage": {
        "type": "origins:modify_damage_taken",
        "modifier": {
            "name": "More damage",
            "operation": "multiply_total",
            "value": -0.35
        },
        "damage_condition": {
            "type": "origins:name",
            "name": "fall"
        },
        "condition": {
            "type": "origins:and",
            "conditions": [
                {
                    "type": "apugli:key_pressed",
                    "key": {
                        "key": "key.origins.primary_active",
                        "continuous": true
                    }
                },
                {
                    "type": "origins:resource",
                    "resource": "manhunt:celeritas/boots/boots_energy",
                    "comparison": ">",
                    "compare_to": 0
                }
            ]
        }
    },
    "less_fall_damage_player": {
        "type": "origins:modify_damage_taken",
        "modifier": {
            "name": "More damage",
            "operation": "multiply_total",
            "value": -0.35
        },
        "damage_condition": {
            "type": "origins:name",
            "name": "fall.player"
        },
        "condition": {
            "type": "origins:and",
            "conditions": [
                {
                    "type": "apugli:key_pressed",
                    "key": {
                        "key": "key.origins.primary_active",
                        "continuous": true
                    }
                },
                {
                    "type": "origins:resource",
                    "resource": "manhunt:celeritas/boots/boots_energy",
                    "comparison": ">",
                    "compare_to": 0
                }
            ]
        }
    },
    "particles": {
        "type": "origins:action_over_time",
        "entity_action": {
            "type": "origins:and",
            "actions": [
                {
                    "type": "origins:execute_command",
                    "command": "particle minecraft:dust_color_transition 1 1 0 1.5 1 0.5 0 ~ ~ ~ 0.3 0 0.3 1 2",
                    "permission_level": 4
                },
                {
                    "type": "origins:execute_command",
                    "command": "particle minecraft:wax_off ~ ~ ~ 0.3 0 0.3 1 2",
                    "permission_level": 4
                }
            ]
        },
        "interval": 1,
        "condition": {
            "type": "origins:and",
            "conditions": [
                {
                    "type": "apugli:key_pressed",
                    "key": {
                        "key": "key.origins.primary_active",
                        "continuous": true
                    }
                },
                {
                    "type": "origins:resource",
                    "resource": "manhunt:celeritas/boots/boots_energy",
                    "comparison": ">",
                    "compare_to": 0
                }
            ]
        }
    },
    "name": "§l§nLegendary Boots",
    "description": "You wear special boots which grant you the ability to walk on fluids (Lava and water) and generally run faster, as well as reduce your fall damage by 35%. The Fluid Running can be toggled with the main ability key. But watch out; running will deplete the boots energy and at zero, will remove your movement speed upsides. Sneaking will refill the bar slowly."
}