{
    "type":"origins:multiple",

    "permanent":{
        "type": "origins:conditioned_attribute",
        "modifier": {
            "attribute": "minecraft:generic.movement_speed",
            "operation": "addition",
            "value": -0.3,
            "name": "Decreased movement"
        },
        "tick_rate": 20,
        "condition": {
            "type": "origins:fluid_height",
            "fluid": "minecraft:water",
            "comparison": ">=",
            "compare_to": 1
        }
    },
    "sink":{
        "type": "origins:ignore_water"
    },
    "no_jump":{
        "type": "origins:modify_jump",
        "modifier": {
            "operation": "addition",
            "value": -0.2
        },
        "condition": {
            "type": "origins:fluid_height",
            "fluid": "minecraft:water",
            "comparison": ">=",
            "compare_to": 1
        }
    },
    "name": "Cursed",
    "description": "Your cursed energy comes with a downside; You can't swim.",
    "badges": [
        {
            "type": "origins:tooltip",
            "sprite": "origins:textures/gui/badge/star.png",
            "text": "You sink in water and lose some movement."
        }
    ]
}