{
    "type": "origins:action_over_time",
	"entity_action": {
        "type": "origins:execute_command",
        "command": "effect give @e[distance=..10,tag=!runner] minecraft:slowness 10 0 true"
    },
    "interval": 30,
    "name":"Menacing Aura",
    "description":"You pulse with menacing energy.",
    "badges": [
        {
            "type": "origins:tooltip",
            "sprite": "origins:textures/gui/badge/star.png",
            "text": "Aura: Slowness I in a 10 block radius"
        }
    ]
}