{
    "type": "origins:multiple",
    "damage": {
        "type": "origins:modify_damage_taken",
        "damage_condition": {
            "type": "origins:in_tag",
            "tag": "minecraft:is_projectile"
        },
        "condition": {
            "type": "origins:using_item",
            "item_condition": {
                "type": "origins:ingredient",
                "ingredient": {
                    "item": "minecraft:shield"
                }
            },
            "inverted": true
        },
        "modifier": {
            "name": "Weak to projectiles",
            "operation": "multiply_base_multiplicative",
            "value": 0.25
        },
        "self_action": {
            "type": "origins:if_else",
            "condition": {
                "type": "origins:power",
                "power": "manhunt:draco/pierced/bleeding"
            },
            "if_action": {
                "type": "origins:change_resource",
                "resource": "manhunt:draco/pierced/bleeding_duration",
                "change": 60
            },
            "else_action": {
                "type": "origins:execute_command",
                "command": "power grant @s manhunt:draco/pierced/bleeding"
            }
        }
    },
    "name": "Not Projectile Proof",
    "description": "Your scales have the unusual issue of lacking protection against projectiles.",
    "badges": [
        {
            "type": "origins:tooltip",
            "sprite": "origins:textures/gui/badge/star.png",
            "text": "1.25x projectile damage. (tridents, arrows, etc). Also inflicts bleeding on hit."
        },
        {
            "type": "origins:tooltip",
            "sprite": "origins:textures/gui/badge/star.png",
            "text": "Bleeding: 1dps for 3 secs."
        }
    ]
}