{
    "type": "origins:multiple",
    "cooldown": {
        "type": "origins:resource",
        "min": 0,
        "max": 900,
        "start_value": 900,
        "hud_render": {
            "should_render": true,
            "sprite_location":"origins:textures/gui/community/huang/resource_bar_02.png",
            "bar_index": 1,
            "condition": {
                "type": "origins:resource",
                "resource": "manhunt:guardian/launch/launch_cooldown",
                "comparison": "<",
                "compare_to": 900
            }
        }
    },
    "cooldown_up": {
        "type": "origins:action_over_time",
        "entity_action": {
            "type": "origins:and",
            "actions": [
                {
                    "type": "origins:change_resource",
                    "resource": "manhunt:guardian/launch/launch_cooldown",
                    "change": 10
                }
            ]
        },
        "interval": 10
    },
    "activate": {
        "type": "origins:active_self",
        "entity_action": {
            "type": "origins:and",
            "actions": [
                {
                    "type": "origins:swing_hand",
                    "hand": "MAIN_HAND"
                },
                {
                    "type": "origins:swing_hand",
                    "hand": "OFF_HAND"
                },
                {
                    "type": "origins:passenger_action",
                    "action":  {
                        "type": "origins:and",
                        "actions": [
                            {
                                "type": "origins:execute_command",
                                "command": "tag @s add riding",
                                "permission_level": 4
                            },
                            {
                                "type": "origins:dismount"
                            }
                        ]
                    },
                    "recursive": true
                },
                {
                    "type": "origins:fire_projectile",
                    "entity_type": "minecraft:armor_stand",
                    "divergence": 0,
                    "count": 1,
                    "speed": 4,
                    "tag": "{Invulnerable:1b,Small:1b,Invisible:1b,Tags:[\"pickup\"],DisabledSlots:4144959}",
                    "projectile_action": {
                        "type": "origins:and",
                        "actions": [
                            {
                                "type": "origins:execute_command",
                                "command": "ride @e[limit=1,sort=nearest,tag=riding] mount @s",
                                "permission_level": 4
                            },
                            {
                                "type": "origins:execute_command",
                                "command": "power grant @e[limit=1,sort=nearest,tag=riding] manhunt:guardian/launch/thrown",
                                "permission_level": 4
                            },
                            {
                                "type": "origins:execute_command",
                                "command": "execute on passengers run tag @s remove riding",
                                "permission_level": 4
                            },
                            {
                                "type": "origins:execute_command",
                                "command": "power grant @s manhunt:guardian/launch/throw",
                                "permission_level": 4
                            }
                        ]
                    }
                },
                {
                    "type": "origins:execute_command",
                    "command": "playsound minecraft:block.anvil.place player @a ~ ~ ~ 3 2",
                    "permission_level": 4
                },
                {
                    "type": "origins:change_resource",
                    "resource": "manhunt:guardian/launch/launch_cooldown",
                    "change": -900
                }
            ]
        },
        "key": {
            "key": "key.origins.secondary_active"
        },
        "cooldown": 1,
        "hud_render": {
            "should_render": false
        },
        "condition": {
            "type": "origins:resource",
            "resource": "manhunt:guardian/launch/launch_cooldown",
            "comparison": "==",
            "compare_to": 900
        }
    },
    "name": "Chuck",
    "description": "Pick up and throw your fellow hunters.",
    "badges": [
        {
            "type": "origins:tooltip",
            "sprite": "origins:textures/gui/badge/star.png",
            "text": "Thrown hunters do not take fall damage."
        },
        {
            "type": "origins:keybind",
            "sprite": "origins:textures/gui/badge/toggle.png",
            "text": "Pickup by sneaking and interacting.\nThrow with %s!"
        },
        {
            "type": "origins:tooltip",
            "sprite": "manhunt:textures/icons/cooldown.png",
            "text": "Cooldown: 45s"
        }
    ]
}