{
    "type": "origins:multiple",
    "activate": {
        "type": "origins:action_on_entity_use",
        "bientity_action": {
            "type": "origins:invert",
            "action": {
                "type": "origins:mount"
            }
        },
        "bientity_condition": {
            "type": "origins:and",
            "conditions": [
                {
                    "type": "origins:riding",
                    "inverted": true
                },
                {
                    "type": "origins:actor_condition",
                    "condition": {
                        "type": "origins:passenger",
                        "compare_to": 0,
                        "comparison": "=="
                    }
                },
                {
                    "type": "origins:target_condition",
                    "condition": {
                        "type": "origins:and",
                        "conditions": [
                            {
                                "type": "origins:or",
                                "conditions": [
                                    {
                                        "type": "origins:living"
                                    },
                                    {
                                        "type": "origins:entity_type",
                                        "entity_type": "minecraft:tnt"
                                    },
                                    {
                                        "type": "origins:entity_type",
                                        "entity_type": "minecraft:boat"
                                    }
                                ]
                            },
                            {
                                "type": "origins:or",
                                "conditions": [
                                    {
                                        "type": "origins:power",
                                        "power": "manhunt:hunter_effects"
                                    },
                                    {
                                        "type": "origins:entity_type",
                                        "entity_type": "minecraft:player",
                                        "inverted": true
                                    }
                                ]
                            }
                        ]
                    }
                }
            ]
        },
        "item_condition": {
            "type": "origins:empty"
        },
        "hands": [
            "main_hand"
        ],
        "condition": {
            "type": "origins:sneaking",
            "inverted": false
        }
    },
    "hidden": true
}