{
    "type": "origins:multiple",
    "roar": {
        "type": "origins:resource",
        "min": 0,
        "max": 80,
        "start_value": 80,
        "hud_render": {
            "should_render": false
        }
    },
    "roar_down": {
        "type": "origins:action_over_time",
        "entity_action": {
            "type": "origins:change_resource",
            "resource": "manhunt:berserker/beast/beast_effects_roar",
            "change": -10
        },
        "interval": 10
    },
    "duration": {
        "type": "origins:resource",
        "min": 0,
        "max": 380,
        "start_value": 380,
        "hud_render": {
            "should_render": true,
            "sprite_location": "origins:textures/gui/community/spiderkolo/resource_bar_02.png",
            "bar_index": 4
        },
        "min_action": {
            "type": "origins:and",
            "actions": [
                {
                    "type": "origins:execute_command",
                    "command": "power remove @s manhunt:berserker/beast/beast_effects_unstoppable"
                },
                {
                    "type": "origins:if_else",
                    "condition": {
                        "type": "origins:resource",
                        "resource": "manhunt:berserker/beast/beast_effects_hits",
                        "comparison": "<",
                        "compare_to": 5
                    },
                    "if_action": {
                        "type": "origins:execute_command",
                        "command": "kill @s"
                    }
                },
                {
                    "type": "origins:execute_command",
                    "command": "power remove @s manhunt:berserker/beast/beast_effects"
                }
            ]
        }
    },
    "duration_down": {
        "type": "origins:action_over_time",
        "entity_action": {
            "type": "origins:change_resource",
            "resource": "manhunt:berserker/beast/beast_effects_duration",
            "change": -10
        },
        "interval": 10
    },
    "hits": {
        "type": "origins:resource",
        "min": 0,
        "max": 5,
        "start_value": 0,
        "hud_render": {
            "should_render": false
        }
    },
    "roar_immobile": {
        "type": "origins:modify_velocity",
        "axes": [
            "z",
            "x"
        ],
        "modifier": {
            "operation": "multiply_total",
            "value": -1
        },
        "condition": {
            "type": "origins:resource",
            "resource": "manhunt:berserker/beast/beast_effects_roar",
            "comparison": ">",
            "compare_to": 0
        }
    },
    "roar_camera": {
        "type": "eggolib:modify_mouse_sensitivity",
        "modifier": {
            "operation": "multiply_total_multiplicative",
            "value": -1
        },
        "condition": {
            "type": "origins:resource",
            "resource": "manhunt:berserker/beast/beast_effects_roar",
            "comparison": ">",
            "compare_to": 0
        }
    },
    "particle": {
        "type": "origins:action_over_time",
        "entity_action": {
            "type": "origins:and",
            "actions": [
                {
                    "type": "origins:execute_command",
                    "command": "particle minecraft:crimson_spore ~ ~1 ~ 0.1 0.1 0.1 1 10",
                    "permission_level": 4
                },
                {
                    "type": "origins:execute_command",
                    "command": "particle minecraft:poof ~ ~1 ~ 0.1 0.1 0.1 1 1",
                    "permission_level": 4
                },
                {
                    "type": "origins:area_of_effect",
                    "radius": 4,
                    "bientity_action": {
                        "type": "origins:add_velocity",
                        "z": 0.2
                    },
                    "bientity_condition": {
                        "type": "origins:can_see"
                    }
                }
            ]
        },
        "interval": 1,
        "condition": {
            "type": "origins:resource",
            "resource": "manhunt:berserker/beast/beast_effects_roar",
            "comparison": ">",
            "compare_to": 0
        }
    },
    "roar_waves": {
        "type": "origins:action_over_time",
        "entity_action": {
            "type": "origins:spawn_entity",
            "entity_type": "minecraft:armor_stand",
            "tag": "{NoGravity:1b,Silent:1b,Invulnerable:1b,Marker:1b,Invisible:1b,Tags:[\"roar\"],Passengers:[{id:\"minecraft:item_display\",billboard:\"vertical\",start_interpolation:-1,Tags:[\"roar\"],transformation:{left_rotation:[0f,0f,0f,1f],right_rotation:[0f,0f,0f,1f],translation:[0f,2.4f,0f],scale:[0.5f,0.5f,1f]},item:{id:\"minecraft:redstone\",Count:1b,tag:{CustomModelData:1}}}]}",
            "entity_action": {
                "type": "origins:and",
                "actions": [
                    {
                        "type": "origins:execute_command",
                        "command": "power grant @s manhunt:berserker/beast/delete_wave",
                        "permission_level": 4
                    },
                    {
                        "type": "origins:execute_command",
                        "command": "execute on passengers run data modify entity @s Rotation set value [0f,0f]",
                        "permission_level": 4
                    },
                    {
                        "type": "origins:execute_command",
                        "command": "execute on passengers run data modify entity @s interpolation_duration set value 10",
                        "permission_level": 4
                    },
                    {
                        "type": "origins:execute_command",
                        "command": "execute on passengers run data modify entity @s transformation.scale set value [5f,5f,1f]",
                        "permission_level": 4
                    }
                ]
            }
        },
        "interval": 4,
        "condition": {
            "type": "origins:resource",
            "resource": "manhunt:berserker/beast/beast_effects_roar",
            "comparison": ">",
            "compare_to": 0
        }
    },
    "unstoppable": {
        "type": "origins:modify_damage_taken",
        "modifier": {
            "name": "no death",
            "operation": "multiply_total",
            "value": -1
        }
    },
    "movement_speed": {
        "type": "origins:conditioned_attribute",
        "modifier": {
            "name": "Increase movement speed",
            "attribute": "minecraft:generic.movement_speed",
            "value": 0.3,
            "operation": "multiply_total"
        },
        "condition": {
            "type": "origins:resource",
            "resource": "manhunt:berserker/beast/beast_effects_roar",
            "comparison": "==",
            "compare_to": 0
        }
    },
    "air_speed": {
        "type": "origins:modify_velocity",
        "axes": [
            "z",
            "x"
        ],
        "modifier": {
            "operation": "multiply_total",
            "value": 0.15
        },
        "condition": {
            "type": "origins:and",
            "conditions": [
                {
                    "type": "origins:on_block",
                    "inverted": true
                },
                {
                    "type": "origins:resource",
                    "resource": "manhunt:berserker/beast/beast_effects_roar",
                    "comparison": "==",
                    "compare_to": 0
                }
            ]
        }
    },
    "more_damage": {
        "type": "origins:modify_damage_dealt",
        "modifier": {
            "operation": "addition",
            "value": 3
        },
        "condition": {
            "type": "origins:resource",
            "resource": "manhunt:berserker/beast/beast_effects_roar",
            "comparison": "==",
            "compare_to": 0
        }
    },
    "no_heal": {
        "type": "origins:modify_healing",
        "modifier": {
            "operation": "multiply_total",
            "value": -1
        }
    },
    "axe_hit": {
        "type": "origins:action_on_hit",
        "bientity_action": {
            "type": "origins:and",
            "actions": [
                {
                    "type": "origins:actor_action",
                    "action": {
                        "type": "origins:and",
                        "actions": [
                            {
                                "type": "origins:change_resource",
                                "resource": "manhunt:berserker/beast/beast_effects_hits",
                                "change": 1
                            }
                        ]
                    }
                }
            ]
        },
        "bientity_condition": {
            "type": "origins:and",
            "conditions": [
                {
                    "type": "origins:actor_condition",
                    "condition": {
                        "type": "origins:equipped_item",
                        "equipment_slot": "mainhand",
                        "item_condition": {
                            "type": "origins:ingredient",
                            "ingredient": {
                                "tag": "manhunt:axes"
                            }
                        }
                    }
                },
                {
                    "type": "origins:target_condition",
                    "condition": {
                        "type": "origins:origin",
                        "origin": "manhunt:runner",
                        "layer": "origins:origin"
                    }
                }
            ]
        },
        "cooldown": 5
    },
    "particles": {
        "type": "origins:particle",
        "particle": "minecraft:crimson_spore",
        "frequency": 1
    },
    "hidden": true
}