{
    "type": "origins:multiple",
    "spectator": {
        "type": "origins:action_over_time",
        "rising_action": {
            "type": "origins:and",
            "actions": [
                {
                    "type": "origins:execute_command",
                    "command": "execute as @a[tag=!playing] run origin set @s origins:origin manhunt:spectator"
                },
                {
                    "type": "origins:execute_command",
                    "command": "execute as @a[tag=!playing,tag=!spectating] run tellraw @s \"A run is currently ongoing. Feel free to spectate!\""
                },
                {
                    "type": "origins:execute_command",
                    "command": "execute as @a[tag=!playing,tag=!spectating] run tag @s add spectating"
                }
            ]
        },
        "interval": 5,
        "condition": {
            "type": "origins:and",
            "conditions": [
                {
                    "type": "origins:command",
                    "command": "execute if entity @a[tag=!playing,tag=!spectating]",
                    "comparison": ">=",
                    "compare_to": 1
                },
                {
                    "type": "origins:command",
                    "command": "execute if entity @s[tag=!hunter_joinup]",
                    "comparison": ">=",
                    "compare_to": 1
                }
            ]
        }
    },
    "hunter": {
        "type": "origins:action_over_time",
        "rising_action": {
            "type": "origins:and",
            "actions": [
                {
                    "type": "origins:execute_command",
                    "command": "execute as @a[tag=!playing,tag=!spectating] run origin set @s origins:origin manhunt:hunter"
                },
                {
                    "type": "origins:execute_command",
                    "command": "execute as @a[tag=!playing] run origin gui @s origins:hunters"
                },
                {
                    "type": "origins:execute_command",
                    "command": "execute as @a[tag=!playing,tag=!spectating] run tag @s add playing"
                },
                {
                    "type": "origins:execute_command",
                    "command": "execute as @a[tag=!playing,tag=!spectating] run recipe give @s *"
                }
            ]
        },
        "interval": 1,
        "condition": {
            "type": "origins:and",
            "conditions": [
                {
                    "type": "origins:command",
                    "command": "execute if entity @a[tag=!playing,tag=!spectating]",
                    "comparison": ">=",
                    "compare_to": 1
                },
                {
                    "type": "origins:command",
                    "command": "execute if entity @s[tag=hunter_joinup]",
                    "comparison": ">=",
                    "compare_to": 1
                }
            ]
        }
    }
}