{
    "type": "origins:multiple",
    "duration": {
        "type": "origins:resource",
        "min": 0,
        "max": 30,
        "start_value": 30,
        "hud_render": {
            "should_render": false
        },
        "min_action": {
            "type": "origins:and",
            "actions": [
                {
                    "type": "origins:execute_command",
                    "command": "particle minecraft:end_rod ~ ~1 ~ 0.4 0.4 0.4 0.5 10",
                    "permission_level": 4
                },
                {
                    "type": "origins:execute_command",
                    "command": "execute on vehicle run kill @s"
                },
                {
                    "type": "origins:execute_command",
                    "command": "kill @s"
                }
            ]
        }
    },
    "duration_down": {
        "type": "origins:action_over_time",
        "entity_action": {
            "type": "origins:change_resource",
            "resource": "manhunt:guardian/protector/shield_icon_duration",
            "change": -10
        },
        "interval": 10
    },
    "move_up": {
        "type": "origins:action_over_time",
        "entity_action": {
            "type": "origins:and",
            "actions": [
                {
                    "type": "origins:execute_command",
                    "command": "execute on vehicle as @s at @s run tp @s ~ ~0.05 ~ ~ ~",
                    "permission_level": 4
                },
                {
                    "type": "origins:execute_command",
                    "command": "particle minecraft:end_rod ~ ~1 ~ 0.4 0.4 0.4 0.2 1",
                    "permission_level": 4
                }
            ]
        },
        "interval": 1
    },
    "hidden": true
}