{
    "type": "origins:multiple",
    "name": "Binding Vows (get it)",
    "description": "Your immense cursed energy dabbles in eternity and keep the dead partly intact... at your expense.",
    "badges": [
        {
            "type": "origins:tooltip",
            "sprite": "origins:textures/gui/badge/star.png",
            "text": "Hunters you kill have a §adelayed§r respawn but\nthey §ckeep§r their armors and tools/weapons.\nAdditionally, kept items have Curse of Deterioration applied."
        },
        {
            "type": "origins:tooltip",
            "sprite": "manhunt:textures/item/icons/deleo_icon.png",
            "text": "Curse of Deterioration: Items equipped/held lose durability over time and exhaust you."
        }
    ]
}