{
	"powers": [
		"manhunt:roles/pillar",
		"manhunt:courier/courier",
		"manhunt:courier/bag/void",
        "manhunt:courier/snatch/snatch",
        "manhunt:courier/crafter",
        "manhunt:courier/keen",
        "manhunt:courier/weighted",
		"manhunt:courier/hands"
	],
	"icon": {
		"item": "minecraft:bundle",
		"tag": "{Enchantments:[{}],CustomModelData:1}"
	},
	"order": 10,
	"impact": 2,
	"name": "Courier",
	"description": "         [§7PILLAR 回§r]\n\"HAVE YOU EVER NEEDED TO TRANSPORT SOMETHING?\"\n\"LIKE YOUR FRIEND?\"\n\"WELL WAIT NO MORE!\"\n\"WITH THE BAG™, YOU CAN TURN YOUR DREAMS INTO BAGGED REALITIES!\"."
}
