{
	"powers": [
		"manhunt:roles/pacekeeper",
		"manhunt:scout/scout",
		"manhunt:scout/speed",
		"manhunt:scout/dash",
		"manhunt:scout/bouncepad/bouncepad",
		"manhunt:scout/spyglass/spyglass",
		"manhunt:scout/fall_reduction",
		"manhunt:scout/weak",
		"manhunt:scout/achilles"
	],
	"icon": {
		"item": "minecraft:feather",
		"tag": "{Enchantments:[{}],CustomModelData:1}"
	},
	"order": 10,
	"impact": 1,
	"name": "Scout",
	"description": "      [§bPACEKEEPER ╬§r]\nWhile not as formidable as the others, the Scout pursues runners at a constant pace with their athletics and lookout abilities for allies."
}
