{
    "type": "origins:multiple",
    "cooldown":{
        "type": "origins:resource",
        "min": 0,
        "max": 600,
        "start_value": 600,
        "hud_render": {
            "should_render": true
        }
    },
    "cooldown_down": {
        "type": "origins:action_over_time",
        "entity_action": {
            "type": "origins:change_resource",
            "resource": "manhunt:alchimia/cape_cooldown",
            "change": 10
        },
        "interval": 10,
        "condition": {
            "type": "origins:resource",
            "resource": "manhunt:alchimia/cape_cooldown",
            "comparison": "<",
            "compare_to": 600
    },
    "key_check": {
        "type": "origins:resource",
        "min": 0,
        "max": 3,
        "start_value": 0,
        "hud_render": {
            "should_render": false
        }
    },
    "key_held": {
        "type": "origins:active_self",
        "entity_action": {
            "type": "origins:and",
            "actions": [
                {
                    "type": "origins:change_resource",
                    "resource": "manhunt:alchimia/cape_key_check",
                    "change": 3,
                    "operation": "set"
                },
                {
                    "type": "origins:execute_command",
                    "command": "particle minecraft:witch 0 0.4 0.2 1.2 0 0.5 0.6 ~ ~1 ~ 0.3 0.3 0.3 1 2"
                }
            ]
        },
        "cooldown": 1,
        "hud_render": {
            "should_render": false
        },
        "key": {
            "key": "key.origins.secondary_active",
            "continuous": true
        },
        "condition": {
            "type": "origins:resource",
            "resource": "manhunt:alchimia/cape_cooldown",
            "comparison": "==",
            "compare_to": 600
        }
    },
    "key_stop": {
        "type": "origins:action_over_time",
        "entity_action": {
            "type": "origins:change_resource",
            "resource": "manhunt:alchimia/cape_key_check",
            "change": -1
        },
        "interval": 1
    },
    "windup_up": {
        "type": "origins:action_over_time",
        "entity_action": {
            "type": "origins:change_resource",
            "resource": "manhunt:alchimia/cape_windup",
            "change": 1
        },
        "interval": 1,
        "condition": {
            "type": "origins:resource",
            "resource": "manhunt:alchimia/cape_key_check",
            "comparison": ">",
            "compare_to": 0
        }
    },
    "windup_down": {
        "type": "origins:action_over_time",
        "rising_action": {
            "type": "origins:change_resource",
            "resource": "manhunt:alchimia/cape_windup",
            "change": 0,
            "operation": "set"
        },
        "interval": 1,
        "condition": {
            "type": "origins:resource",
            "resource": "manhunt:alchimia/cape_key_check",
            "comparison": "==",
            "compare_to": 0
        }
    },
    "windup": {
        "type": "origins:resource",
        "min": 0,
        "max": 15,
        "start_value": 0,
        "hud_render": {
            "should_render": false
        },
        "max_action": {
            "type": "origins:and",
            "actions": [
                {
                    "type": "origins:change_resource",
                    "resource": "manhunt:alchimia/cape_cooldown",
                    "change": 0,
                    "operation": "set"
                },
                {
                    "type": "origins:execute_command",
                    "command": "particle minecraft:witch 0 0.4 0.2 1.2 0 0.5 0.6 ~ ~1 ~ 0.3 0.3 0.3 1 2"
                }
            ]
        }
    },
    "name": "Self-Made Cape",
    "description": "Deploy your self-made cape to glide around like a flying rodent.",
    "badges": [
        {
            "type": "origins:tooltip",
            "sprite": "origins:textures/gui/badge/star.png",
            "text": "Takes 0.45s to deploy your cape before it reduces your fall."
        },
        {
            "type": "origins:tooltip",
            "sprite": "manhunt:textures/icons/cooldown.png",
            "text": "5 seconds worth of gliding.\nRecharge your cape fully after 50s."
        },
        {
            "type": "origins:keybind",
            "sprite": "origins:textures/gui/badge/toggle.png",
            "text": "Hold \"%s\" to deploy your cape!"
        }
    ]
}