{
    "type": "origins:multiple",
    "no_interact": {
        "type": "origins:prevent_being_used",
        "bientity_condition": {
            "type": "origins:actor_condition",
            "condition": {
                "type": "origins:origin",
                "origin": "manhunt:hunters/chef",
                "layer": "manhunt:hunters"
            }
        }
    },
    "phase": {
        "type": "origins:phasing",
        "blacklist": false,
        "render_type": "blindness",
        "view_distance": 10
    },
    "no_damage": {
        "type": "origins:modify_damage_taken",
        "damage_condition": {
            "type": "origins:attacker",
            "entity_condition": {
                "type": "origins:origin",
                "origin": "manhunt:hunter",
                "layer": "origins:origin"
            }
        },
        "modifier": {
            "name": "Immune to Hunters",
            "operation": "multiply_total",
            "value": -1
        }
    },
    "dirt_eaten": {
        "type": "origins:resource",
        "min": 0,
        "max": 64,
        "start_value": 0
    },
    "dirt_digest": {
        "type": "origins:action_over_time",
        "entity_action": {
            "type": "origins:and",
            "actions": [
                {
                    "type": "origins:change_resource",
                    "resource": "manhunt:chef/frog/froggy_dirt_eaten",
                    "change": -16
                },
                {
                    "type": "origins:execute_command",
                    "command": "summon item ~ ~0.2 ~ {Item:{id:slime_ball,tag:{display:{Name:'[\"\",{\"text\":\"Chef\\'s Fricassée\",\"italic\":false,\"color\":\"dark_green\"}]',Lore:['[\"\",{\"text\":\"Edible for all!\",\"italic\":false,\"color\":\"green\"}]','[\"\",{\"text\":\"(+3 food)\",\"italic\":false,\"color\":\"gray\"}]']},Enchantments:[{}],Tags:frog_food},Count:1}}",
                    "permission_level": 4
                },
                {
                    "type": "origins:execute_command",
                    "command": "playsound minecraft:entity.frog.lay_spawn player @a ~ ~ ~ 1 0.5",
                    "permission_level": 4
                }
            ]
        },
        "interval": 1,
        "condition": {
            "type": "origins:resource",
            "resource": "manhunt:chef/frog/froggy_dirt_eaten",
            "comparison": ">=",
            "compare_to": 16
        }
    },
    "rotate_head": {
        "type": "origins:action_over_time",
        "entity_action": {
            "type": "origins:execute_command",
            "command": "data modify entity @s Rotation set from entity @p Rotation",
            "permission_level": 4
        },
        "interval": 1,
        "condition": {
            "type": "origins:riding"
        }
    },
    "death": {
        "type": "origins:action_on_death",
        "bientity_action": {
            "type": "origins:and",
            "actions": [
                {
                    "type": "origins:target_action",
                    "action": {
                        "type": "origins:and",
                        "actions": [
                            {
                                "type": "origins:riding_action",
                                "action": {
                                    "type": "origins:change_resource",
                                    "resource": "manhunt:chef/frog/activate_cooldown",
                                    "change": 0,
                                    "operation": "set"
                                }
                            },
                            {
                                "type": "origins:execute_command",
                                "command": "data modify entity @s Silent set value 1b",
                                "permission_level": 4
                            },
                            {
                                "type": "origins:execute_command",
                                "command": "effect give @s minecraft:invisibility infinite 0 true",
                                "permission_level": 4
                            },
                            {
                                "type": "origins:modify_death_ticks",
                                "modifier": {
                                    "operation": "set_total",
                                    "value": 20
                                }
                            }
                        ]
                    }
                }
            ]
        },
        "damage_condition": {
            "type": "origins:attacker",
            "entity_condition": {
                "type": "origins:exists"
            }
        }
    },
    "eat": {
        "type": "origins:action_on_being_used",
        "bientity_action": {
            "type": "origins:if_else",
            "condition": {
                "type": "origins:actor_condition",
                "condition": {
                    "type": "origins:and",
                    "conditions": [
                        {
                            "type": "origins:sneaking"
                        },
                        {
                            "type": "origins:equipped_item",
                            "equipment_slot": "mainhand",
                            "item_condition": {
                                "type": "origins:amount",
                                "comparison": ">=",
                                "compare_to": 16
                            }
                        }
                    ]
                }
            },
            "if_action": {
                "type": "origins:and",
                "actions": [
                    {
                        "type": "origins:actor_action",
                        "action": {
                            "type": "origins:equipped_item_action",
                            "equipment_slot": "mainhand",
                            "action": {
                                "type": "origins:consume",
                                "amount": 16
                            }
                        }
                    },
                    {
                        "type": "origins:target_action",
                        "action": {
                            "type": "origins:change_resource",
                            "resource": "manhunt:chef/frog/froggy_dirt_eaten",
                            "change": 16
                        }
                    }
                ]
            },
            "else_action": {
                "type": "origins:and",
                "actions": [
                    {
                        "type": "origins:actor_action",
                        "action": {
                            "type": "origins:equipped_item_action",
                            "equipment_slot": "mainhand",
                            "action": {
                                "type": "origins:consume",
                                "amount": 1
                            }
                        }
                    },
                    {
                        "type": "origins:target_action",
                        "action": {
                            "type": "origins:change_resource",
                            "resource": "manhunt:chef/frog/froggy_dirt_eaten",
                            "change": 1
                        }
                    }
                ]
            }
        },
        "bientity_condition": {
            "type": "origins:actor_condition",
            "condition": {
                "type": "origins:and",
                "conditions": [
                    {
                        "type": "origins:origin",
                        "origin": "manhunt:hunter",
                        "layer": "origins:origin"
                    },
                    {
                        "type": "origins:equipped_item",
                        "equipment_slot": "mainhand",
                        "item_condition": {
                            "type": "origins:ingredient",
                            "ingredient": {
                                "item": "minecraft:dirt"
                            }
                        }
                    }
                ]
            }
        }
    },
    "hidden": true
}