{
    "type": "origins:multiple",
    "craft_helmet": {
        "type": "origins:recipe",
        "recipe":{
            "type": "minecraft:crafting_shaped",
            "id": "manhunt:chainmail_helmet",
            "pattern": [
                "###",
                "y y"
            ],
            "key": {
                "y": {
                    "item": "minecraft:iron_nugget"
                },
                "#": {
                    "item": "minecraft:iron_ingot"
                }
            },
            "result": {
                "item": "minecraft:chainmail_helmet"
            }
        }
    },
    "craft_chestplate": {
        "type": "origins:recipe",
        "recipe":{
            "type": "minecraft:crafting_shaped",
            "id": "manhunt:chainmail_chestplate",
            "pattern": [
                "y y",
                "#y#",
                "###"
            ],
            "key": {
                "y": {
                    "item": "minecraft:iron_nugget"
                },
                "#": {
                    "item": "minecraft:iron_ingot"
                }
            },
            "result": {
                "item": "minecraft:chainmail_chestplate"
            }
        }
    },
    "craft_leggings": {
        "type": "origins:recipe",
        "recipe":{
            "type": "minecraft:crafting_shaped",
            "id": "manhunt:chainmail_leggings",
            "pattern": [
                "###",
                "# #",
                "y y"
            ],
            "key": {
                "y": {
                    "item": "minecraft:iron_nugget"
                },
                "#": {
                    "item": "minecraft:iron_ingot"
                }
            },
            "result": {
                "item": "minecraft:chainmail_leggings"
            }
        }
    },
    "craft_boots": {
        "type": "origins:recipe",
        "recipe":{
            "type": "minecraft:crafting_shaped",
            "id": "manhunt:chainmail_boots",
            "pattern": [
                "# #",
                "y y"
            ],
            "key": {
                "y": {
                    "item": "minecraft:iron_nugget"
                },
                "#": {
                    "item": "minecraft:iron_ingot"
                }
            },
            "result": {
                "item": "minecraft:chainmail_boots"
            }
        }
    },
    "helmet":{
        "type": "origins:modify_crafting",
        "recipe": "manhunt:chainmail_helmet",
        "item_action": {
            "type": "origins:modify",
            "modifier": "manhunt:engineer/helmet"
        }
    },
    "chestplate":{
        "type": "origins:modify_crafting",
        "recipe": "manhunt:chainmail_chestplate",
        "item_action": {
            "type": "origins:modify",
            "modifier": "manhunt:engineer/chestplate"
        }
    },
    "leggings":{
        "type": "origins:modify_crafting",
        "recipe": "manhunt:chainmail_leggings",
        "item_action": {
            "type": "origins:modify",
            "modifier": "manhunt:engineer/leggings"
        }
    },
    "boots":{
        "type": "origins:modify_crafting",
        "recipe": "manhunt:chainmail_boots",
        "item_action": {
            "type": "origins:modify",
            "modifier": "manhunt:engineer/boots"
        }
    },
    "name": "Engineering",
    "description": "You've engineered ways to make special chainmail",
    "badges": [
        {
            "type": "origins:crafting_recipe",
            "sprite": "minecraft:textures/item/chainmail_helmet.png",
            "prefix": "§9+0.5 Armor§r§7 on helmet.",
            "recipe": {
                "type": "minecraft:crafting_shaped",
                "id": "manhunt:chainmail_helmet",
                "pattern": [
                    "###",
                    "y y"
                ],
                "key": {
                    "y": {
                        "item": "minecraft:iron_nugget"
                    },
                    "#": {
                        "item": "minecraft:iron_ingot"
                    }
                },
                "result": {
                    "item": "minecraft:chainmail_helmet"
                }
            }
        },
        {
            "type": "origins:crafting_recipe",
            "sprite": "minecraft:textures/item/chainmail_chestplate.png",
            "prefix": "§9+1 Armor§r§7 on chestplate.",
            "recipe": {
                "type": "minecraft:crafting_shaped",
                "id": "manhunt:chainmail_chestplate",
                "pattern": [
                    "y y",
                    "#y#",
                    "###"
                ],
                "key": {
                    "y": {
                        "item": "minecraft:iron_nugget"
                    },
                    "#": {
                        "item": "minecraft:iron_ingot"
                    }
                },
                "result": {
                    "item": "minecraft:chainmail_chestplate"
                }
            }
        },
        {
            "type": "origins:crafting_recipe",
            "sprite": "minecraft:textures/item/chainmail_leggings.png",
            "prefix": "§9+1 Armor§r§7 on leggings.",
            "recipe": {
                "type": "minecraft:crafting_shaped",
                "id": "manhunt:chainmail_leggings",
                "pattern": [
                    "###",
                    "# #",
                    "y y"
                ],
                "key": {
                    "y": {
                        "item": "minecraft:iron_nugget"
                    },
                    "#": {
                        "item": "minecraft:iron_ingot"
                    }
                },
                "result": {
                    "item": "minecraft:chainmail_leggings"
                }
            }
        },
        {
            "type": "origins:crafting_recipe",
            "sprite": "minecraft:textures/item/chainmail_boots.png",
            "prefix": "§9+0.5 Armor§r§7 on boots.",
            "recipe": {
                "type": "minecraft:crafting_shaped",
                "id": "manhunt:chainmail_boots",
                "pattern": [
                    "# #",
                    "y y"
                ],
                "key": {
                    "y": {
                        "item": "minecraft:iron_nugget"
                    },
                    "#": {
                        "item": "minecraft:iron_ingot"
                    }
                },
                "result": {
                    "item": "minecraft:chainmail_boots"
                }
            }
        }
    ]
}