{
    "type":"origins:active_self",
    "entity_action":{
        "type":"origins:and",
        "actions":[
            {
                "type":"origins:execute_command",
                "command":"power grant @p[distance=..10,tag=!engineer,tag=hunter] manhunt:nanobots_effects",
                "permission_level":4
            },
            {
                "type": "origins:execute_command",
                "command": "playsound minecraft:block.brewing_stand.brew player @a[distance=..50] ~ ~ ~ 3 0.6",
                "permission_level": 4
            }
        ]
    },
    "cooldown": 3000,
    "hud_render":{
        "should_render":true,
        "sprite_location":"origins:textures/gui/community/spiderkolo/resource_bar_02.png",
        "bar_index": 9
    },    
    "key":{
        "key":"key.origins.primary_active"
    },
    "name":"§l§nNanobot Healing",
    "description":"Using a nanoswarm of robots, you can give them to the closest player to heal them quickly."
}