{
    "type": "origins:multiple",
    "tag": {
        "type": "origins:action_on_callback",
        "entity_action_gained": {
            "type": "origins:execute_command",
            "command": "tag @s add engineer"
        },
        "entity_action_removed": {
            "type": "origins:execute_command",
            "command": "tag @s remove engineer"
        },
        "execute_chosen_when_orb": true
    },
    "activate": {
        "type": "origins:active_self",
        "entity_action": {
            "type": "origins:and",
            "actions": [
                {
                    "type": "origins:execute_command",
                    "command": "summon armor_stand ~ ~ ~ {NoGravity:1b,Silent:1b,Marker:1b,Invulnerable:1b,Invisible:1b,NoBasePlate:1b,Tags:[\"turret\"],ArmorItems:[{},{},{},{id:\"minecraft:observer\",Count:1b,tag:{Enchantments:[{}]}}]}"
                },
                {
                    "type": "origins:execute_command",
                    "command": "summon falling_block ~ ~1 ~ {BlockState:{Name:\"minecraft:hopper\"},NoGravity:1b,Silent:1b,Time:-999999,DropItem:0b,HurtEntities:0b}"
                },
                {
                    "type": "origins:execute_command",
                    "command": "summon falling_block ~ ~ ~ {BlockState:{Name:\"minecraft:anvil\"},NoGravity:1b,Silent:1b,Time:-999999,DropItem:0b,HurtEntities:0b}"
                },
                {
                    "type": "origins:execute_command",
                    "command": "forceload add ~ ~ ~ ~",
                    "permission_level": 4
                },
                {
                    "type": "origins:delay",
                    "ticks": 1,
                    "action": {
                        "type": "origins:and",
                        "actions": [
                            {
                                "type": "origins:execute_command",
                                "command": "power grant @e[limit=1,sort=nearest,tag=turret] manhunt:turret_powers",
                                "permission_level": 4
                            }
                        ]
                    }
                }
            ]
        },
        "key": {
            "key": "key.origins.secondary_active"
        },
        "condition": {
            "type": "origins:sneaking",
            "inverted": true
        },
        "cooldown": 3600,
        "hud_render": {
            "sprite_location": "origins:textures/gui/community/huang/resource_bar_01.png",
            "bar_index": 0,
            "should_render": true
        }
    },
    "name": "§l§nStun Turret",
    "description": "Using the secondary ability key, you can construct a Stun Automated Turret (SAT for short) that will shoot stun darts to the runner if they are in a 8 blocks radius of the turret. The dart reduces their damage by 40%, their attack speed by 0.3 and 20% less movement speed."
}