{
    "type": "origins:multiple",
    "xp_gain": {
        "type": "origins:modify_xp_gain",
        "modifier": {
            "operation": "multiply_base",
            "value": 2.0
        }
    },
    "enchant_stone": {
        "type": "origins:action_on_callback",
        "entity_action_gained": {
            "type": "origins:execute_command",
            "command": "give @s amethyst_shard{CustomModelData:1,Tags:[\"enchanter_stone\"],display:{Name:'[{\"text\":\"Encha\",\"italic\":false,\"color\":\"dark_blue\"},{\"text\":\"nter\",\"color\":\"blue\"},{\"text\":\"\\'s St\",\"color\":\"light_purple\"},{\"text\":\"one\",\"color\":\"dark_purple\"}]',Lore:['[{\"text\":\"Only a few can read this.\",\"italic\":false,\"obfuscated\":true}]']},Enchantments:[{}]} 1"
        },
        "entity_action_respawned": {
            "type": "origins:execute_command",
            "command": "give @s amethyst_shard{CustomModelData:1,Tags:[\"enchanter_stone\"],display:{Name:'[{\"text\":\"Encha\",\"italic\":false,\"color\":\"dark_blue\"},{\"text\":\"nter\",\"color\":\"blue\"},{\"text\":\"\\'s St\",\"color\":\"light_purple\"},{\"text\":\"one\",\"color\":\"dark_purple\"}]',Lore:['[{\"text\":\"Only a few can read this.\",\"italic\":false,\"obfuscated\":true}]']},Enchantments:[{}]} 1"
        },
        "entity_action_lost": {
            "type": "origins:execute_command",
            "command": "clear @s minecraft:amethyst_shard{Tags:[\"enchanter_stone\"]}"
        },
        "execute_chosen_when_orb": true
    },
    "energy": {
        "type": "origins:resource",
        "min": 0,
        "max": 100,
        "hud_render": {
            "should_render": false
        }
    },
    "energy_up": {
        "type": "origins:action_over_time",
        "entity_action": {
            "type": "origins:and",
            "actions": [
                {
                    "type": "origins:change_resource",
                    "resource": "manhunt:enchanter/arcane_energy",
                    "change": 1
                },
                {
                    "type": "origins:execute_command",
                    "command": "execute store result score @s enchanter_stone_energy run resource get @s manhunt:enchanter/arcane_energy",
                    "permission_level": 4
                }
            ]
        },
        "interval": 20,
        "condition": {
            "type": "origins:and",
            "conditions": [
                {
                    "type": "origins:resource",
                    "resource": "manhunt:enchanter/arcane_energy",
                    "comparison": "<",
                    "compare_to": 100
                },
                {
                    "type": "origins:inventory",
                    "process_mode": "items",
                    "item_condition": {
                        "type": "origins:and",
                        "conditions": [
                            {
                                "type": "origins:ingredient",
                                "ingredient": {
                                    "item": "minecraft:amethyst_shard"
                                }
                            },
                            {
                                "type": "origins:nbt",
                                "nbt": "{Tags:[\"enchanter_stone\"]}"
                            }
                        ]
                    },
                    "comparison": ">",
                    "compare_to": 0
                }
            ]
        }
    },
    "tooltip_stone": {
        "type": "eggolib:tooltip",
        "item_condition": {
            "type": "origins:and",
            "conditions": [
                {
                    "type": "origins:ingredient",
                    "ingredient": {
                        "item": "minecraft:amethyst_shard"
                    }
                },
                {
                    "type": "origins:nbt",
                    "nbt": "{Tags:[\"enchanter_stone\"]}"
                }
            ]
        },
        "text": [
            {
                "text": "Energy:",
                "color": "dark_purple"
            },
            {
                "score": {
                    "name": "@s",
                    "objective": "enchanter_stone_energy"
                },
                "color": "light_purple",
                "bold": true
            },
            {
                "text": "%",
                "color": "light_purple",
                "bold": true
            }
        ],
        "tick_rate": 1
    },
    "name": "Knowledge of the Unseen",
    "description": "\"I never understood how others don't see the energy that inhabits the 'inanimate'... What a conundrum.\"",
    "badges": [
        {
            "type": "origins:tooltip",
            "sprite": "minecraft:textures/mob_effect/absorption.png",
            "text": "Taking damage from hunters or hitting a damage cap from Majestic Guard:\n\nAbility cooldowns: -5s\n+30% Stamina meter"
        },
        {
            "type": "origins:tooltip",
            "sprite": "origins:textures/gui/badge/star.png",
            "text": "+40+ Invincibility frames"
        }
    ]
}