{
    "type": "origins:multiple",
    "health": {
        "type": "origins:attribute",
        "modifier": {
            "name": "Max health decrease",
            "attribute": "minecraft:generic.max_health",
            "value": -6,
            "operation": "addition"
        }
    },
    "crystal_hearts":{
        "type": "origins:status_bar_texture",
        "texture": "manhunt:textures/gui/enchanter_hearts.png"
    },
    "name": "Fragile Reality",
    "description": "\"Urgh... I should maybe go to the gym soon...\"",
    "badges": [
        {
            "type": "origins:tooltip",
            "sprite": "origins:textures/gui/badge/star.png",
            "text": "-3 §l§c❤§r overall."
        }
    ]
}