{
    "type": "origins:modify_damage_taken",
    "modifier": {
        "name": "Explosion Armor",
        "operation": "multiply_total",
        "value": -0.9
        },
    "damage_condition":{
        "type":"origins:or",
        "conditions":[
          {
            "type": "origins:name",
            "name": "explosion"
          },
          {
            "type": "origins:name",
            "name": "explosion.player"
          },
          {
            "type": "origins:name",
            "name": "fireworks"
          }
        ]
      },
      "name": "Explosion-Proof Armor",
      "description": "Being the maniac of bombs you are, you have an innate resistance to explosions.",
      "badges": [
        {
          "type": "origins:tooltip",
          "sprite": "origins:textures/gui/badge/star.png",
          "text": "90% blast damage mitigation."
      }
      ]
  }