{
    "type": "origins:multiple",
    "fog": {
        "type": "moborigins:fog",
        "red": 0,
        "green": 0,
        "blue": 0,
        "start": -1,
        "end": 6
    },
    "teleporting": {
        "type": "origins:resource",
        "min": 0,
        "max": 1,
        "start_value": 0,
        "hud_render": {
            "should_render": false
        }
    },
    "particles": {
        "type": "origins:action_over_time",
        "entity_action": {
            "type": "origins:execute_command",
            "command": "particle minecraft:soul ~ ~1 ~ 0.1 0.1 0.1 0.4 2"
        },
        "interval": 1
    },
    "no_atk_speed": {
        "type": "origins:attribute",
        "modifier": {
            "name": "Decrease speed",
            "attribute": "minecraft:generic.attack_speed",
            "value": -3,
            "operation": "multiply_total"
        }
    },
    "no_ability": {
        "type": "eggolib:prevent_key_use",
        "key": "key.origins.primary_active"
    },
    "no_move": {
        "type": "origins:modify_velocity",
        "modifier": {
            "value": -1,
            "operation": "multiply_total"
        },
        "axes": [
            "x",
            "y",
            "z"
        ]
    },
    "preying": {
        "type": "origins:active_self",
        "entity_action": {
            "type": "origins:and",
            "actions": [
                {
                    "type": "origins:raycast",
                    "distance": 96,
                    "block": false,
                    "entity": true,
                    "shape_type": "visual",
                    "fluid_handling": "any",
                    "bientity_action": {
                        "type": "origins:and",
                        "actions": [
                            {
                                "type": "origins:target_action",
                                "action": {
                                    "type": "origins:and",
                                    "actions": [
                                        {
                                            "type": "origins:execute_command",
                                            "command": "power grant @s manhunt:ritualist/ritual/preyed"
                                        },
                                        {
                                            "type": "origins:execute_command",
                                            "command": "playsound minecraft:block.sculk_catalyst.bloom player @a ~ ~ ~ 3 2"
                                        }
                                    ]
                                }
                            },
                            {
                                "type": "origins:actor_action",
                                "action": {
                                    "type": "origins:and",
                                    "actions": [
                                        {
                                            "type": "origins:change_resource",
                                            "resource": "manhunt:ritualist/sacrifice_souls",
                                            "change": -7
                                        }
                                    ]
                                }
                            }
                        ]
                    },
                    "bientity_condition": {
                        "type": "origins:and",
                        "conditions": [
                            {
                                "type": "origins:target_condition",
                                "condition": {
                                    "type": "origins:and",
                                    "conditions": [
                                        {
                                            "type": "origins:origin",
                                            "origin": "manhunt:runner",
                                            "layer": "origins:origin"
                                        }
                                    ]
                                }
                            },
                            {
                                "type": "origins:actor_condition",
                                "condition": {
                                    "type": "origins:resource",
                                    "resource": "manhunt:ritualist/sacrifice_souls",
                                    "comparison": ">=",
                                    "compare_to": 7
                                }
                            },
                            {
                                "type": "origins:distance",
                                "comparison": "<=",
                                "compare_to": 96
                            }
                        ]
                    },
                    "command_step": 1,
                    "command_along_ray_only_on_hit": true
                }
            ]
        },
        "key": {
            "key": "key.attack"
        },
        "cooldown": 1,
        "hud_render": {
            "should_render": false
        }
    },
    "teleport": {
        "type": "origins:active_self",
        "entity_action": {
            "type": "origins:and",
            "actions": [
                {
                    "type": "origins:raycast",
                    "distance": 96,
                    "block": false,
                    "entity": true,
                    "shape_type": "visual",
                    "fluid_handling": "any",
                    "bientity_action": {
                        "type": "origins:and",
                        "actions": [
                            {
                                "type": "origins:actor_action",
                                "action": {
                                    "type": "origins:and",
                                    "actions": [
                                        {
                                            "type": "origins:execute_command",
                                            "command": "tag @s add ritual"
                                        },
                                        {
                                            "type": "origins:execute_command",
                                            "command": "execute store result score @s ritual run data get entity @s UUID[0] 1",
                                            "permission_level": 4
                                        },
                                        {
                                            "type": "origins:change_resource",
                                            "resource": "manhunt:ritualist/ritual/ritual_teleporting",
                                            "change": 1
                                        },
                                        {
                                            "type": "origins:execute_command",
                                            "command": "playsound minecraft:entity.warden.listening_angry player @s ~ ~ ~ 2 2",
                                            "permission_level": 4
                                        }
                                    ]
                                }
                            },
                            {
                                "type": "origins:target_action",
                                "action": {
                                    "type": "origins:and",
                                    "actions": [
                                        {
                                            "type": "origins:execute_command",
                                            "command": "execute store result score @s ritual run data get entity @p[tag=ritual] UUID[0] 1",
                                            "permission_level": 4
                                        },
                                        {
                                            "type": "origins:execute_command",
                                            "command": "power grant @s manhunt:ritualist/ritual/vessel"
                                        },
                                        {
                                            "type": "origins:execute_command",
                                            "command": "playsound minecraft:block.sculk_catalyst.bloom player @a ~ ~ ~ 3 2"
                                        }
                                    ]
                                }
                            },
                            {
                                "type": "origins:actor_action",
                                "action": {
                                    "type": "origins:execute_command",
                                    "command": "tag @s remove ritual"
                                }
                            }
                        ]
                    },
                    "bientity_condition": {
                        "type": "origins:and",
                        "conditions": [
                            {
                                "type": "origins:target_condition",
                                "condition": {
                                    "type": "origins:and",
                                    "conditions": [
                                        {
                                            "type": "origins:living"
                                        },
                                        {
                                            "type": "origins:entity_type",
                                            "entity_type": "minecraft:armor_stand",
                                            "inverted": true
                                        },
                                        {
                                            "type": "origins:entity_type",
                                            "entity_type": "minecraft:player",
                                            "inverted": true
                                        },
                                        {
                                            "type": "apugli:entity_in_radius",
                                            "condition": {
                                                "type": "origins:and",
                                                "conditions": [
                                                    {
                                                        "type": "origins:power",
                                                        "power": "manhunt:ritualist/ritual/preyed"
                                                    },
                                                    {
                                                        "type": "origins:origin",
                                                        "origin": "manhunt:runner",
                                                        "layer": "origins:origin"
                                                    }
                                                ]
                                            },
                                            "radius": 24.0,
                                            "comparison": ">=",
                                            "compare_to": 1
                                        }
                                    ]
                                }
                            },
                            {
                                "type": "origins:actor_condition",
                                "condition": {
                                    "type": "origins:resource",
                                    "resource": "manhunt:ritualist/ritual/ritual_teleporting",
                                    "comparison": "==",
                                    "compare_to": 0
                                }
                            },
                            {
                                "type": "origins:distance",
                                "comparison": "<=",
                                "compare_to": 96
                            }
                        ]
                    },
                    "command_step": 1,
                    "command_along_ray_only_on_hit": true
                }
            ]
        },
        "key": {
            "key": "key.attack"
        },
        "cooldown": 1,
        "hud_render": {
            "should_render": false
        }
    },
    "glow": {
        "type": "origins:entity_glow",
        "bientity_condition": {
            "type": "origins:and",
            "conditions": [
                {
                    "type": "origins:target_condition",
                    "condition": {
                        "type": "origins:and",
                        "conditions": [
                            {
                                "type": "origins:origin",
                                "origin": "manhunt:runner",
                                "layer": "origins:origin"
                            }
                        ]
                    }
                },
                {
                    "type": "origins:distance",
                    "comparison": "<=",
                    "compare_to": 96
                }
            ]
        },
        "use_teams": false,
        "red": 0.6,
        "green": 0.0,
        "blue": 1.0
    },
    "glow_entities": {
        "type": "origins:entity_glow",
        "bientity_condition": {
            "type": "origins:and",
            "conditions": [
                {
                    "type": "origins:actor_condition",
                    "condition": {
                        "type": "origins:resource",
                        "resource": "manhunt:ritualist/ritual/ritual_teleporting",
                        "comparison": "==",
                        "compare_to": 0
                    }
                },
                {
                    "type": "origins:target_condition",
                    "condition": {
                        "type": "origins:and",
                        "conditions": [
                            {
                                "type": "origins:living"
                            },
                            {
                                "type": "origins:entity_type",
                                "entity_type": "minecraft:armor_stand",
                                "inverted": true
                            },
                            {
                                "type": "apugli:entity_in_radius",
                                "condition": {
                                    "type": "origins:and",
                                    "conditions": [
                                        {
                                            "type": "origins:power",
                                            "power": "manhunt:ritualist/ritual/preyed"
                                        },
                                        {
                                            "type": "origins:origin",
                                            "origin": "manhunt:runner",
                                            "layer": "origins:origin"
                                        }
                                    ]
                                },
                                "radius": 24.0,
                                "comparison": ">=",
                                "compare_to": 1
                            }
                        ]
                    }
                },
                {
                    "type": "origins:distance",
                    "comparison": "<=",
                    "compare_to": 96
                }
            ]
        },
        "use_teams": false,
        "red": 0.6,
        "green": 0.0,
        "blue": 1.0
    },
    "hidden": true
}