{
    "type": "origins:multiple",
    "craft1": {
        "type": "origins:action_on_callback",
        "entity_action_added": {
            "type": "origins:and",
            "actions": [
                {
                    "type": "origins:execute_command",
                    "command": "recipe give @s manhunt:candle",
                    "permission_level": 4
                }
            ]
        }
    },
    "craft2": {
        "type": "origins:modify_crafting",
        "recipe": "manhunt:candle",
        "result": {
            "item": "minecraft:gray_candle",
            "tag": "{CustomModelData:1,display:{Name:'[{\"text\":\"Ritualist Candle\",\"italic\":false,\"color\":\"gray\"}]'},Enchantments:[{}]} 1"
        }
    },
    "activate": {
        "type": "origins:active_self",
        "entity_action": {
            "type": "origins:and",
            "actions": [
                {
                    "type": "origins:change_resource",
                    "resource": "manhunt:ritualist/ritual/ritual_windup",
                    "change": 7
                },
                {
                    "type": "origins:if_else",
                    "condition": {
                        "type": "origins:power",
                        "power": "manhunt:ritualist/ritual/ritual_effects",
                        "inverted": true
                    },
                    "if_action": {
                        "type": "origins:and",
                        "actions": [
                            {
                                "type": "origins:execute_command",
                                "command": "tp @s ~ ~0.05 ~"
                            },
                            {
                                "type": "origins:execute_command",
                                "command": "tp @e[limit=1,sort=nearest,tag=candle] @s"
                            }
                        ]
                    }
                },
                {
                    "type": "origins:execute_command",
                    "command": "playsound minecraft:particle.soul_escape player @s ~ ~ ~ 3 0.5"
                },
                {
                    "type": "origins:execute_command",
                    "command": "playsound minecraft:entity.warden.heartbeat player @s ~ ~ ~ 3 2"
                },
                {
                    "type": "origins:if_else",
                    "condition": {
                        "type": "origins:command",
                        "command": "execute if entity @e[limit=1,sort=nearest,tag=candle,distance=..0.1]",
                        "comparison": "==",
                        "compare_to": 0
                    },
                    "if_action": {
                        "type": "origins:spawn_entity",
                        "entity_type": "minecraft:armor_stand",
                        "tag": "{Invulnerable:1b,Marker:1b,Invisible:1b,Rotation:[0f,-90f],Tags:[\"candle\"]}",
                        "entity_action": {
                            "type": "origins:and",
                            "actions": [
                                {
                                    "type": "origins:execute_command",
                                    "command": "power grant @s manhunt:ritualist/ritual/candle"
                                },
                                {
                                    "type": "origins:execute_command",
                                    "command": "data modify entity @s Rotation set value [0f,-90f]",
                                    "permission_level": 4
                                }
                            ]
                        }
                    }
                },
                {
                    "type": "origins:block_action_at",
                    "block_action": {
                        "type": "origins:offset",
                        "action": {
                            "type": "origins:and",
                            "actions": [
                                {
                                    "type": "origins:execute_command",
                                    "command": "particle minecraft:witch ~ ~ ~ 0.3 0.3 0.3 0 1"
                                },
                                {
                                    "type": "origins:modify_block_state",
                                    "property": "lit",
                                    "value": "true"
                                }
                            ]
                        },
                        "z": 2
                    }
                },
                {
                    "type": "origins:block_action_at",
                    "block_action": {
                        "type": "origins:offset",
                        "action": {
                            "type": "origins:and",
                            "actions": [
                                {
                                    "type": "origins:execute_command",
                                    "command": "particle minecraft:witch ~ ~ ~ 0.3 0.3 0.3 0 1"
                                },
                                {
                                    "type": "origins:modify_block_state",
                                    "property": "lit",
                                    "value": "true"
                                }
                            ]
                        },
                        "z": -2
                    }
                },
                {
                    "type": "origins:block_action_at",
                    "block_action": {
                        "type": "origins:offset",
                        "action": {
                            "type": "origins:and",
                            "actions": [
                                {
                                    "type": "origins:execute_command",
                                    "command": "particle minecraft:witch ~ ~ ~ 0.3 0.3 0.3 0 1"
                                },
                                {
                                    "type": "origins:modify_block_state",
                                    "property": "lit",
                                    "value": "true"
                                }
                            ]
                        },
                        "x": 2
                    }
                },
                {
                    "type": "origins:block_action_at",
                    "block_action": {
                        "type": "origins:offset",
                        "action": {
                            "type": "origins:and",
                            "actions": [
                                {
                                    "type": "origins:execute_command",
                                    "command": "particle minecraft:witch ~ ~ ~ 0.3 0.3 0.3 0 1"
                                },
                                {
                                    "type": "origins:modify_block_state",
                                    "property": "lit",
                                    "value": "true"
                                }
                            ]
                        },
                        "x": -2
                    }
                }
            ]
        },
        "key": {
            "key": "key.origins.primary_active",
            "continuous": true
        },
        "condition": {
            "type": "origins:and",
            "conditions": [
                {
                    "type": "origins:resource",
                    "resource": "manhunt:ritualist/sacrifice_souls",
                    "comparison": ">=",
                    "compare_to": 1
                },
                {
                    "type": "origins:command",
                    "command": "execute if block ~ ~ ~2 minecraft:gray_candle",
                    "comparison": "==",
                    "compare_to": 1
                },
                {
                    "type": "origins:command",
                    "command": "execute if block ~ ~ ~-2 minecraft:gray_candle",
                    "comparison": "==",
                    "compare_to": 1
                },
                {
                    "type": "origins:command",
                    "command": "execute if block ~2 ~ ~ minecraft:gray_candle",
                    "comparison": "==",
                    "compare_to": 1
                },
                {
                    "type": "origins:command",
                    "command": "execute if block ~-2 ~ ~ minecraft:gray_candle",
                    "comparison": "==",
                    "compare_to": 1
                },
                {
                    "type": "origins:command",
                    "command": "execute if block ~ ~1 ~ minecraft:air",
                    "comparison": "==",
                    "compare_to": 1
                },
                {
                    "type": "origins:command",
                    "command": "execute if block ~ ~2 ~ minecraft:air",
                    "comparison": "==",
                    "compare_to": 1
                }
            ]
        },
        "cooldown": 7,
        "hud_render": {
            "should_render": false
        }
    },
    "windup": {
        "type": "origins:resource",
        "min": 0,
        "max": 70,
        "start_value": 70,
        "hud_render": {
            "should_render": false
        },
        "max_action": {
            "type": "origins:and",
            "actions": [
                {
                    "type": "origins:execute_command",
                    "command": "power grant @s manhunt:ritualist/ritual/ritual_effects"
                },
                {
                    "type": "origins:change_resource",
                    "resource": "manhunt:ritualist/ritual/ritual_windup",
                    "change": -70
                }
            ]
        }
    },
    "windup_stop": {
        "type": "origins:action_over_time",
        "rising_action": {
            "type": "origins:and",
            "actions": [
                {
                    "type": "origins:change_resource",
                    "resource": "manhunt:ritualist/ritual/ritual_windup",
                    "change": -70
                },
                {
                    "type": "origins:execute_command",
                    "command": "kill @e[tag=candle,distance=..0.1]"
                },
                {
                    "type": "origins:execute_command",
                    "command": "power remove @s manhunt:ritualist/ritual/ritual_effects"
                },
                {
                    "type": "origins:block_action_at",
                    "block_action": {
                        "type": "origins:offset",
                        "action": {
                            "type": "origins:and",
                            "actions": [
                                {
                                    "type": "origins:modify_block_state",
                                    "property": "lit",
                                    "value": "false"
                                }
                            ]
                        },
                        "z": 2
                    }
                },
                {
                    "type": "origins:block_action_at",
                    "block_action": {
                        "type": "origins:offset",
                        "action": {
                            "type": "origins:and",
                            "actions": [
                                {
                                    "type": "origins:modify_block_state",
                                    "property": "lit",
                                    "value": "false"
                                }
                            ]
                        },
                        "z": -2
                    }
                },
                {
                    "type": "origins:block_action_at",
                    "block_action": {
                        "type": "origins:offset",
                        "action": {
                            "type": "origins:and",
                            "actions": [
                                {
                                    "type": "origins:modify_block_state",
                                    "property": "lit",
                                    "value": "false"
                                }
                            ]
                        },
                        "x": 2
                    }
                },
                {
                    "type": "origins:block_action_at",
                    "block_action": {
                        "type": "origins:offset",
                        "action": {
                            "type": "origins:and",
                            "actions": [
                                {
                                    "type": "origins:modify_block_state",
                                    "property": "lit",
                                    "value": "false"
                                }
                            ]
                        },
                        "x": -2
                    }
                }
            ]
        },
        "interval": 1,
        "condition": {
            "type": "apugli:key_pressed",
            "key": {
                "key": "key.origins.primary_active",
                "continuous": true
            },
            "inverted": true
        }
    },
    "no_move": {
        "type": "origins:modify_velocity",
        "modifier": {
            "value": -1,
            "operation": "multiply_total"
        },
        "axes": [
            "x",
            "y",
            "z"
        ],
        "condition": {
            "type": "origins:resource",
            "resource": "manhunt:ritualist/ritual/ritual_windup",
            "compare_to": 0,
            "comparison": ">"
        }
    },
    "name": "Ritual",
    "description": "Using candles, you can make a ritual that allows you to prey on a runner.",
    "badges": [
        {
            "type": "origins:tooltip",
            "sprite": "origins:textures/gui/badge/star.png",
            "text": "To form a ritual circle, put candles 2 blocks away from you in each cardinal direction.\n(See crafting recipe below on how to craft candles)"
        },
        {
            "type": "origins:tooltip",
            "sprite": "origins:textures/gui/badge/star.png",
            "text": "Preyed: Runners affected by Prey drop an extra soul on critical hit.\nAdditionally, they take 50% more damage from Ritualists.\n(Preyed duration: 15s)"
        },
        {
			"type": "origins:keybind",
			"sprite": "origins:textures/gui/badge/toggle.png",
			"text": "Hold %s to start the ritual!"
		},
        {
            "type": "origins:crafting_recipe",
            "sprite": "minecraft:textures/item/gray_candle.png",
            "recipe": {
                "id": "manhunt:candle",
                "type": "minecraft:crafting_shaped",
                "key": {
                    "X": {
                        "item": "minecraft:gunpowder"
                    },
                    "#": {
                        "item": "minecraft:bone"
                    }
                },
                "pattern": [
                    " X ",
                    " # "
                ],
                "result": {
                    "item": "minecraft:gray_candle"
                }
            }
        }
    ]
}