{
    "type": "origins:multiple",
    "attack_speed": {
        "type": "origins:attribute",
        "modifier": {
            "attribute": "minecraft:generic.attack_speed",
            "operation": "addition",
            "value": -0.15,
            "name": "Decreased attack speed."
        }
    },
    "break":{
        "type": "origins:modify_break_speed",
        "modifier": {
            "operation": "multiply_total",
            "value": -0.45
        },
        "hardness_modifiers": [
            {
                "operation": "min_total",
                "value": 0
            }
        ]
    },
    "name": "Steady and Slow",
    "description": "More of a turtle type than a hare, but I will still always win the race",
    "badges": [
        {
            "type": "origins:tooltip",
            "sprite": "origins:textures/gui/badge/star.png",
            "text": "Steady: §l§c-0.15§r Attack Speed value.\n§l§c-45%§r Mining Speed."
        }
    ]
}