{
    "type": "origins:multiple",
    "admiring": {
        "type": "origins:resource",
        "min": 0,
        "max": 40,
        "start_value": 0,
        "hud_render": {
            "should_render": false
        },
        "min_action": {
            "type": "origins:if_else",
            "condition": {
                "type": "origins:equipped_item",
                "equipment_slot": "mainhand",
                "item_condition": {
                    "type": "origins:ingredient",
                    "ingredient": {
                        "item": "minecraft:gold_ingot"
                    }
                }
            },
            "if_action": {
                "type": "origins:and",
                "actions": [
                    {
                        "type": "origins:equipped_item_action",
                        "equipment_slot": "mainhand",
                        "action": {
                            "type": "origins:consume",
                            "amount": 1
                        }
                    },
                    {
                        "type": "origins:execute_command",
                        "command": "loot give @s loot minecraft:gameplay/piglin_bartering",
                        "permission_level": 4
                    },
                    {
                        "type": "origins:execute_command",
                        "command": "playsound minecraft:entity.piglin.celebrate player @a ~ ~ ~ 1 1",
                        "permission_level": 4
                    }
                ]
            },
            "else_action": {
                "type": "origins:execute_command",
                "command": "playsound minecraft:entity.piglin.angry player @a ~ ~ ~ 1 0.7",
                "permission_level": 4
            }
        }
    },
    "admiring_down": {
        "type": "origins:action_over_time",
        "entity_action": {
            "type": "origins:change_resource",
            "resource": "manhunt:piglin/gold_admiring",
            "change": -1
        },
        "falling_action": {
            "type": "origins:change_resource",
            "resource": "manhunt:piglin/gold_admiring",
            "change": 0,
            "operation": "set"
        },
        "interval": 1,
        "condition": {
            "type": "origins:and",
            "conditions": [
                {
                    "type": "origins:resource",
                    "resource": "manhunt:piglin/gold_admiring",
                    "comparison": ">",
                    "compare_to": 0
                },
                {
                    "type": "origins:equipped_item",
                    "equipment_slot": "mainhand",
                    "item_condition": {
                        "type": "origins:ingredient",
                        "ingredient": {
                            "item": "minecraft:gold_ingot"
                        }
                    }
                }
            ]
        }
    },
    "no_mouse": {
        "type": "eggolib:modify_mouse_sensitivity",
        "modifier": {
            "operation": "multiply_total_multiplicative",
            "value": -1
        },
        "condition": {
            "type": "origins:resource",
            "resource": "manhunt:piglin/gold_admiring",
            "comparison": ">",
            "compare_to": 0
        }
    },
    "barter": {
        "type": "origins:active_self",
        "entity_action": {
            "type": "origins:and",
            "actions": [
                {
                    "type": "origins:change_resource",
                    "resource": "manhunt:piglin/gold_admiring",
                    "change": 40
                },
                {
                    "type": "origins:execute_command",
                    "command": "tp @s ~ ~ ~ ~ 40",
                    "permission_level": 4
                },
                {
                    "type": "origins:execute_command",
                    "command": "playsound minecraft:entity.piglin.admiring_item player @a ~ ~ ~ 1 1",
                    "permission_level": 4
                }
            ]
        },
        "cooldown": 600,
        "hud_render": {
            "should_render": true,
            "bar_index": 0,
            "sprite_location": "manhunt:textures/bars/piglin/piglin.png"
        },
        "key": "key.use",
        "condition": {
            "type": "origins:equipped_item",
            "equipment_slot": "mainhand",
            "item_condition": {
                "type": "origins:ingredient",
                "ingredient": {
                    "item": "minecraft:gold_ingot"
                }
            }
        }
    },
    "no_movement":{
        "type": "origins:conditioned_attribute",
        "modifier": {
            "attribute": "minecraft:generic.movement_speed",
            "operation": "multiply_total",
            "value": -1,
            "name": "No movement"
        },
        "tick_rate": 1,
        "condition":  {
            "type": "origins:resource",
            "resource": "manhunt:piglin/gold_admiring",
            "comparison": ">",
            "compare_to": 0
        }
    },
    "no_jump":{
        "type": "eggolib:prevent_key_use",
        "key": "key.jump",
        "condition":  {
            "type": "origins:resource",
            "resource": "manhunt:piglin/gold_admiring",
            "comparison": ">",
            "compare_to": 0
        }
    },
    "helmet":{
        "type": "origins:conditioned_attribute",
        "modifier": {
            "attribute": "minecraft:generic.armor",
            "operation": "addition",
            "value": 1,
            "name": "Increased armor"
        },
        "tick_rate": 20,
        "condition": {
            "type": "origins:equipped_item",
            "equipment_slot": "head",
            "item_condition":  {
                "type": "origins:ingredient",
                "ingredient": {
                    "item": "minecraft:golden_helmet"
                }
            }
        }
    },
    "chestplate":{
        "type": "origins:conditioned_attribute",
        "modifier": {
            "attribute": "minecraft:generic.armor",
            "operation": "addition",
            "value": 2,
            "name": "Increased armor"
        },
        "tick_rate": 20,
        "condition": {
            "type": "origins:equipped_item",
            "equipment_slot": "chest",
            "item_condition":  {
                "type": "origins:ingredient",
                "ingredient": {
                    "item": "minecraft:golden_chestplate"
                }
            }
        }
    },
    "leggings":{
        "type": "origins:conditioned_attribute",
        "modifier": {
            "attribute": "minecraft:generic.armor",
            "operation": "addition",
            "value": 2,
            "name": "Increased armor"
        },
        "tick_rate": 20,
        "condition": {
            "type": "origins:equipped_item",
            "equipment_slot": "legs",
            "item_condition":  {
                "type": "origins:ingredient",
                "ingredient": {
                    "item": "minecraft:golden_leggings"
                }
            }
        }
    },
    "boots":{
        "type": "origins:conditioned_attribute",
        "modifier": {
            "attribute": "minecraft:generic.armor",
            "operation": "addition",
            "value": 1,
            "name": "Increased armor"
        },
        "tick_rate": 20,
        "condition": {
            "type": "origins:equipped_item",
            "equipment_slot": "feet",
            "item_condition":  {
                "type": "origins:ingredient",
                "ingredient": {
                    "item": "minecraft:golden_boots"
                }
            }
        }
    },
    "name": "24K Magic",
    "description": "There's nothing shinier and better than gold.",
    "badges": [
        {
            "type": "origins:tooltip",
            "sprite": "minecraft:textures/item/golden_chestplate.png",
            "text": "Gold Armor gives you additional armor.\n(+1 armor from boots and helmets)\n(+2 armor from chestplate and leggings)"
        },
        {
            "type": "origins:keybind",
            "sprite": "minecraft:textures/item/gold_ingot.png",
            "text": "Barter by holding a gold ingot and pressing \"%s\"!"
        }
    ]
}