{
	"type": "origins:multiple",
	"use": {
		"type": "origins:active_self",
		"entity_action": {
			"type": "origins:and",
			"actions": [
                {
                    "type": "origins:change_resource",
                    "resource": "manhunt:chronos/time/slow_duration",
                    "change": 30
                },
				{
                    "type": "origins:execute_command",
                    "command": "playsound minecraft:block.respawn_anchor.deplete player @a ~ ~ ~ 100 0.5",
                    "permission_level": 4
                },
                {
                    "type": "origins:execute_command",
                    "command": "power grant @a[tag=runner] manhunt:chronos/time/sped",
                    "permission_level": 4
                },
				{
                    "type": "origins:execute_command",
                    "command": "power grant @a[tag=hunter] manhunt:chronos/time/slowed",
                    "permission_level": 4
                },
                {
                    "type": "origins:execute_command",
                    "command": "carpet setDefault smoothClientAnimations true",
                    "permission_level": 4
                },
                {
                    "type": "origins:execute_command",
                    "command": "tick rate 10",
                    "permission_level": 4
                }
			]
		},
		"key": {
			"key": "key.origins.primary_active"
		},
		"cooldown": 400,
		"hud_render": {
			"should_render": false
		}
	},
    "duration": {
        "type": "origins:resource",
        "min": 0,
        "max": 30,
        "start_value": 0,
        "hud_render": {
            "should_render": false
        },
        "min_action": {
            "type": "origins:and",
            "actions": [
                {
                    "type": "origins:execute_command",
                    "command": "carpet setDefault smoothClientAnimations false",
                    "permission_level": 4
                },
                {
                    "type": "origins:execute_command",
                    "command": "tick rate 20",
                    "permission_level": 4
                }
            ]
        }
    },
    "duration_down": {
        "type": "origins:action_over_time",
        "entity_action": {
            "type": "origins:change_resource",
            "resource": "manhunt:chronos/time/slow_duration",
            "change": -1
        },
        "interval": 1,
        "condition": {
            "type":"origins:resource",
            "resource": "manhunt:chronos/time/slow_duration",
            "compare_to": 0,
            "comparison": ">"
        }
    },
	"name": "Time: Slow",
	"description": "Teleport yourself forward at the cost of three souls.",
	"badges": [
		{
			"type": "origins:tooltip",
			"sprite": "origins:textures/gui/badge/star.png",
			"text": "Teleport distance: 5 blocks.\nDuring \"Wrath\", your teleport is set on a 1.5s cooldown but doesn't consume souls."
		},
		{
            "type": "origins:tooltip",
            "sprite": "origins:textures/gui/badge/toggle.png",
            "text": [
                "Hold \"",
                {
                    "keybind": "key.origins.primary_active"
                },
                "\" and \"",
                {
                    "keybind": "key.attack"
                },
                "\" to teleport!"
            ]
        },
		{
			"type": "origins:tooltip",
			"sprite": "manhunt:textures/icons/cooldown.png",
			"text": "Requires 1 souls."
		}
	]
}