{
    "type": "origins:multiple",
    "duration": {
        "type": "origins:resource",
        "min": 0,
        "max": 300,
        "start_value": 300,
        "hud_render": {
            "should_render": true,
            "sprite_location": "origins:textures/gui/resource_bar.png",
            "bar_index": 2
        },
        "min_action": {
            "type": "origins:and",
            "actions": [
                {
                    "type": "origins:change_resource",
                    "resource": "manhunt:celeritas/boots/boots_energy",
                    "change": 140
                },
                {
                    "type": "origins:execute_command",
                    "command": "playsound minecraft:block.bell.resonate player @s ~ ~ ~ 1 0.8",
                    "permission_level": 4
                },
                {
                    "type": "origins:execute_command",
                    "command": "particle minecraft:end_rod ~ ~1 ~ 0 0 0 0.1 100 force @a",
                    "permission_level": 4
                },
                {
                    "type": "origins:execute_command",
                    "command": "particle minecraft:poof ~ ~1 ~ 0 0 0 0 10 force @a",
                    "permission_level": 4
                },
                {
                    "type": "origins:execute_command",
                    "command": "execute as @e[type=minecraft:armor_stand,tag=recall] if score @s recall = @p recall run tp @p @s",
                    "permission_level": 4
                },
                {
                    "type": "origins:execute_command",
                    "command": "execute as @e[type=minecraft:armor_stand,tag=recall] if score @s recall = @p recall run kill @s",
                    "permission_level": 4
                },
                {
                    "type": "origins:execute_command",
                    "command": "playsound minecraft:block.bell.resonate player @s ~ ~ ~ 1 0.8",
                    "permission_level": 4
                },
                {
                    "type": "origins:execute_command",
                    "command": "particle minecraft:end_rod ~ ~1 ~ 0 0 0 0.1 100 force @a",
                    "permission_level": 4
                },
                {
                    "type": "origins:execute_command",
                    "command": "particle minecraft:poof ~ ~1 ~ 0 0 0 0 10 force @a",
                    "permission_level": 4
                },
                {
                    "type": "origins:execute_command",
                    "command": "power remove @s manhunt:celeritas/checkpoint/checkpoint_effects"
                }
            ]
        }
    },
    "duration_down": {
        "type": "origins:action_over_time",
        "entity_action": {
            "type": "origins:change_resource",
            "resource": "manhunt:celeritas/checkpoint/checkpoint_effects_duration",
            "change": -10
        },
        "interval": 10
    },
    "trigger_early": {
        "type": "origins:active_self",
        "entity_action": {
            "type": "origins:and",
            "actions": [
                {
                    "type": "origins:execute_command",
                    "command": "resource set @s manhunt:celeritas/checkpoint/checkpoint_effects_duration 20"
                },
                {
                    "type": "origins:execute_command",
                    "command": "power remove @s manhunt:celeritas/checkpoint/checkpoint_effects_trigger_early"
                },
                {
                    "type": "origins:execute_command",
                    "command": "playsound minecraft:block.note_block.chime player @s ~ ~ ~ 1 0.6",
                    "permission_level": 4
                }
            ]
        },
        "key": {
            "key": "key.origins.secondary_active"
        },
        "cooldown": 1,
        "hud_render": {
            "should_render": false
        }
    },
    "overlay": {
        "type": "origins:overlay",
        "texture": "manhunt:textures/gui/celeritas.png",
        "strength": 0.6,
        "red": 1.0,
        "green": 1.0,
        "blue": 1.0,
        "draw_mode": "texture",
        "draw_phase": "below_hud",
        "hide_with_hud": false,
        "visible_in_third_person": false
    },
    "swirl1":{
        "type": "apugli:energy_swirl",
        "texture_location": "manhunt:textures/swirls/tearing.png",
        "speed": 0.01,
        "condition": {
            "type": "origins:and",
            "conditions": [
                {
                    "type": "origins:resource",
                    "resource": "manhunt:celeritas/checkpoint/checkpoint_effects_duration",
                    "comparison": ">=",
                    "compare_to": 40
                },
                {
                    "type": "origins:resource",
                    "resource": "manhunt:celeritas/checkpoint/checkpoint_effects_duration",
                    "comparison": "<=",
                    "compare_to": 50
                }
            ]
        }     
    },
    "swirl2":{
        "type": "apugli:energy_swirl",
        "texture_location": "manhunt:textures/swirls/tearing.png",
        "speed": 0.02,
        "condition": {
            "type": "origins:and",
            "conditions": [
                {
                    "type": "origins:resource",
                    "resource": "manhunt:celeritas/checkpoint/checkpoint_effects_duration",
                    "comparison": ">=",
                    "compare_to": 30
                },
                {
                    "type": "origins:resource",
                    "resource": "manhunt:celeritas/checkpoint/checkpoint_effects_duration",
                    "comparison": "<",
                    "compare_to": 40
                }
            ]
        }     
    },
    "swirl3":{
        "type": "apugli:energy_swirl",
        "texture_location": "manhunt:textures/swirls/tearing.png",
        "speed": 0.04,
        "condition": {
            "type": "origins:and",
            "conditions": [
                {
                    "type": "origins:resource",
                    "resource": "manhunt:celeritas/checkpoint/checkpoint_effects_duration",
                    "comparison": ">=",
                    "compare_to": 20
                },
                {
                    "type": "origins:resource",
                    "resource": "manhunt:celeritas/checkpoint/checkpoint_effects_duration",
                    "comparison": "<",
                    "compare_to": 30
                }
            ]
        }     
    },
    "swirl4":{
        "type": "apugli:energy_swirl",
        "texture_location": "manhunt:textures/swirls/tearing.png",
        "speed": 0.08,
        "condition": {
            "type": "origins:and",
            "conditions": [
                {
                    "type": "origins:resource",
                    "resource": "manhunt:celeritas/checkpoint/checkpoint_effects_duration",
                    "comparison": ">=",
                    "compare_to": 10
                },
                {
                    "type": "origins:resource",
                    "resource": "manhunt:celeritas/checkpoint/checkpoint_effects_duration",
                    "comparison": "<",
                    "compare_to": 20
                }
            ]
        }     
    },
    "swirl5":{
        "type": "apugli:energy_swirl",
        "texture_location": "manhunt:textures/swirls/tearing.png",
        "speed": 0.16,
        "condition": {
            "type": "origins:and",
            "conditions": [
                {
                    "type": "origins:resource",
                    "resource": "manhunt:celeritas/checkpoint/checkpoint_effects_duration",
                    "comparison": "<",
                    "compare_to": 10
                },
                {
                    "type": "origins:resource",
                    "resource": "manhunt:celeritas/checkpoint/checkpoint_effects_duration",
                    "comparison": ">",
                    "compare_to": 0
                }
            ]
        }     
    },
    "hidden": true
}