{
    "type": "origins:multiple",
    "no_sprint":{
        "type": "origins:prevent_sprinting",
        "condition": {
            "type": "origins:food_level",
            "compare_to": 12,
            "comparison": "<="
        }
    },
    "more_exhaust":{
        "type": "origins:modify_exhaustion",
        "modifier": {
            "name": "Increased exhaustion",
            "operation": "multiply_base",
            "value": 1.0
        }
    },
    "name": "Low Stamina",
    "description": "You exhaust much quicker and can't sprint with 6 or less full hunger shanks.",
    "badges": [
        {
            "type": "origins:tooltip",
            "sprite": "origins:textures/gui/community/silent/badge/shapes/arrow_down.png",
            "text": "§c§lLow Stamina 🌬§r§7\n§c2x§r§7 Exhaustion for any action executed\n\n§7§lPassive Ability"
        }
    ]
}