{
    "type": "origins:multiple",
    "titlecard": {
        "type": "origins:action_on_callback",
        "entity_action_gained": {
            "type": "origins:and",
            "actions": [
                {
                    "type": "origins:execute_command",
                    "command": "playsound minecraft:entity.ender_dragon.shoot player @s ~ ~ ~ 3 0.5"
                },
                {
                    "type": "moborigins:show_floating_item",
                    "item_stack": {
                        "item": "minecraft:diamond",
                        "tag": "{CustomModelData:1}"
                    }
                }
            ]
        },
        "execute_chosen_when_orb": true
    },
    "timer": {
        "type": "origins:resource",
        "min": 0,
        "max": 100,
        "start_value": 100,
        "hud_render": {
            "should_render": false
        }
    },
    "tick_timer": {
        "type": "origins:action_over_time",
        "entity_action": {
            "type": "origins:change_resource",
            "resource": "manhunt:start_timer",
            "change": -10
        },
        "interval": 10
    },
    "ready": {
        "type": "origins:resource",
        "min": 0,
        "max": 1,
        "start_value": 0,
        "hud_render": {
            "should_render": false
        }
    },
    "sound2": {
        "type": "origins:action_over_time",
        "rising_action": {
            "type": "origins:execute_command",
            "command": "playsound minecraft:block.beacon.power_select player @s ~ ~ ~ 3 1.4"
        },
        "interval": 1,
        "condition": {
            "type": "origins:resource",
            "resource": "manhunt:start_timer",
            "comparison": "==",
            "compare_to": 90
        }
    },
    "msg1": {
        "type": "origins:action_over_time",
        "rising_action": {
            "type": "origins:and",
            "actions": [
                {
                    "type": "origins:execute_command",
                    "command": "playsound minecraft:block.note_block.pling player @s"
                },
                {
                    "type": "origins:execute_command",
                    "command": "tellraw @s [\"\",\"Welcome to \",{\"text\":\"MANHUNT+\",\"bold\":true,\"color\":\"gold\"},\"!\"]"
                }
            ]
        },
        "interval": 1,
        "condition": {
            "type": "origins:resource",
            "resource": "manhunt:start_timer",
            "comparison": "==",
            "compare_to": 60
        }
    },
    "msg2": {
        "type": "origins:action_over_time",
        "rising_action": {
            "type": "origins:and",
            "actions": [
                {
                    "type": "origins:execute_command",
                    "command": "playsound minecraft:block.note_block.pling player @s"
                },
                {
                    "type": "origins:execute_command",
                    "command": "tellraw @s \"Please select your role.\""
                }
            ]
        },
        "interval": 1,
        "condition": {
            "type": "origins:resource",
            "resource": "manhunt:start_timer",
            "comparison": "==",
            "compare_to": 30
        }
    },
    "origin_gui": {
        "type": "origins:action_over_time",
        "rising_action": {
            "type": "origins:execute_command",
            "command": "origin gui @s"
        },
        "interval": 1,
        "condition": {
            "type": "origins:resource",
            "resource": "manhunt:start_timer",
            "comparison": "==",
            "compare_to": 10
        }
    },
    "choosing": {
        "type": "eggolib:modify_label_render",
        "text": [
            {
                "selector": "@s"
            },
            {
                "text": " ["
            },
            {
                "text": "...",
                "color": "gray"
            },
            {
                "text": "]"
            }
        ],
        "condition": {
            "type": "origins:and",
            "conditions": [
                {
                    "type": "origins:resource",
                    "resource": "manhunt:start_timer",
                    "comparison": "<=",
                    "compare_to": 10
                },
                {
                    "type": "origins:or",
                    "conditions": [
                        {
                            "type": "origins:origin",
                            "origin": "origins:empty",
                            "layer": "origins:runners"
                        },
                        {
                            "type": "origins:origin",
                            "origin": "origins:empty",
                            "layer": "origins:hunters"
                        }
                    ]
                }
            ]
        }
    },
    "chose_unready": {
        "type": "eggolib:modify_label_render",
        "text": [
            {
                "selector": "@s"
            },
            {
                "text": " ["
            },
            {
                "text": "✔",
                "color": "gray"
            },
            {
                "text": "]"
            }
        ],
        "condition": {
            "type": "origins:and",
            "conditions": [
                {
                    "type": "origins:resource",
                    "resource": "manhunt:start_timer",
                    "comparison": "<=",
                    "compare_to": 10
                },
                {
                    "type": "origins:resource",
                    "resource": "manhunt:start_ready",
                    "comparison": "==",
                    "compare_to": 0
                },
                {
                    "type": "origins:or",
                    "conditions": [
                        {
                            "type": "origins:origin",
                            "origin": "origins:empty",
                            "layer": "origins:runners",
                            "inverted": true
                        },
                        {
                            "type": "origins:origin",
                            "origin": "origins:empty",
                            "layer": "origins:hunters",
                            "inverted": true
                        }
                    ]
                }
            ]
        }
    },
    "chose_ready_hunter": {
        "type": "eggolib:modify_label_render",
        "text": [
            {
                "selector": "@s"
            },
            {
                "text": " ["
            },
            {
                "text": "✔",
                "color": "green"
            },
            {
                "text": "]"
            }
        ],
        "condition": {
            "type": "origins:and",
            "conditions": [
                {
                    "type": "origins:resource",
                    "resource": "manhunt:start_timer",
                    "comparison": "<=",
                    "compare_to": 10
                },
                {
                    "type": "origins:resource",
                    "resource": "manhunt:start_ready",
                    "comparison": "==",
                    "compare_to": 1
                },
                {
                    "type": "origins:or",
                    "conditions": [
                        {
                            "type": "origins:origin",
                            "origin": "origins:empty",
                            "layer": "origins:hunters",
                            "inverted": true
                        }
                    ]
                }
            ]
        }
    },
    "chose_ready_runner": {
        "type": "eggolib:modify_label_render",
        "text": [
            {
                "selector": "@s"
            },
            {
                "text": " ["
            },
            {
                "text": "✔",
                "color": "dark_red"
            },
            {
                "text": "]"
            }
        ],
        "condition": {
            "type": "origins:and",
            "conditions": [
                {
                    "type": "origins:resource",
                    "resource": "manhunt:start_timer",
                    "comparison": "<=",
                    "compare_to": 10
                },
                {
                    "type": "origins:resource",
                    "resource": "manhunt:start_ready",
                    "comparison": "==",
                    "compare_to": 1
                },
                {
                    "type": "origins:or",
                    "conditions": [
                        {
                            "type": "origins:origin",
                            "origin": "origins:empty",
                            "layer": "origins:runners",
                            "inverted": true
                        }
                    ]
                }
            ]
        }
    },
    "repick": {
        "type": "origins:action_over_time",
        "rising_action": {
            "type": "origins:and",
            "actions": [
                {
                    "type": "origins:execute_command",
                    "command": "tellraw @s [\"\",\"Click [\",{\"keybind\":\"key.jump\",\"bold\":true,\"color\":\"gold\"},\"] to repick your role.\"]"
                },
                {
                    "type": "origins:execute_command",
                    "command": "playsound minecraft:block.note_block.pling player @s"
                }
            ]
        },
        "interval": 1,
        "condition": {
            "type": "origins:and",
            "conditions": [
                {
                    "type": "origins:resource",
                    "resource": "manhunt:start_timer",
                    "comparison": "<=",
                    "compare_to": 10
                },
                {
                    "type": "origins:or",
                    "conditions": [
                        {
                            "type": "origins:origin",
                            "origin": "origins:empty",
                            "layer": "origins:runners",
                            "inverted": true
                        },
                        {
                            "type": "origins:origin",
                            "origin": "origins:empty",
                            "layer": "origins:hunters",
                            "inverted": true
                        }
                    ]
                }
            ]
        }
    },
    "readyup": {
        "type": "origins:action_over_time",
        "entity_action": {
            "type": "origins:and",
            "actions": [
                {
                    "type": "origins:execute_command",
                    "command": "title @s actionbar [\"\",\"Click [\",{\"keybind\":\"key.swapOffhand\",\"bold\":true,\"color\":\"gold\"},\"] to ready up!\"]"
                }
            ]
        },
        "interval": 10,
        "condition": {
            "type": "origins:and",
            "conditions": [
                {
                    "type": "origins:resource",
                    "resource": "manhunt:start_timer",
                    "comparison": "<=",
                    "compare_to": 10
                },
                {
                    "type": "origins:or",
                    "conditions": [
                        {
                            "type": "origins:origin",
                            "origin": "origins:empty",
                            "layer": "origins:runners",
                            "inverted": true
                        },
                        {
                            "type": "origins:origin",
                            "origin": "origins:empty",
                            "layer": "origins:hunters",
                            "inverted": true
                        }
                    ]
                },
                {
                    "type": "origins:command",
                    "command": "execute if entity @s[tag=!ready]",
                    "comparison": "==",
                    "compare_to": 1
                }
            ]
        }
    },
    "repick_key": {
        "type": "origins:active_self",
        "entity_action": {
            "type": "origins:and",
            "actions": [
                {
                    "type": "origins:execute_command",
                    "command": "origin gui @s"
                },
                {
                    "type": "origins:execute_command",
                    "command": "tag @s remove ready"
                },
                {
                    "type": "origins:change_resource",
                    "resource": "manhunt:start_ready",
                    "change": -1
                },
                {
                    "type": "origins:execute_command",
                    "command": "clear @s minecraft:compass"
                }
            ]
        },
        "cooldown": 10,
        "key": {
            "key": "key.jump"
        },
        "hud_render": {
            "should_render": false
        },
        "condition": {
            "type": "origins:resource",
            "resource": "manhunt:start_timer",
            "comparison": "<=",
            "compare_to": 10
        }
    },
    "ready_key": {
        "type": "origins:active_self",
        "entity_action": {
            "type": "origins:and",
            "actions": [
                {
                    "type": "origins:if_else",
                    "condition": {
                        "type": "origins:command",
                        "command": "execute if entity @s[tag=!ready]",
                        "comparison": "==",
                        "compare_to": 1
                    },
                    "if_action": {
                        "type": "origins:and",
                        "actions": [
                            {
                                "type": "origins:execute_command",
                                "command": "tag @s add ready"
                            },
                            {
                                "type": "origins:change_resource",
                                "resource": "manhunt:start_ready",
                                "change": 1
                            }
                        ]
                    },
                    "else_action": {
                        "type": "origins:and",
                        "actions": [
                            {
                                "type": "origins:execute_command",
                                "command": "tag @s remove ready"
                            },
                            {
                                "type": "origins:change_resource",
                                "resource": "manhunt:start_ready",
                                "change": -1
                            }
                        ]
                    }
                },
                {
                    "type": "origins:execute_command",
                    "command": "playsound minecraft:block.note_block.pling player @s"
                }
            ]
        },
        "cooldown": 10,
        "key": {
            "key": "key.swapOffhand"
        },
        "hud_render": {
            "should_render": false
        },
        "condition": {
            "type": "origins:resource",
            "resource": "manhunt:start_timer",
            "comparison": "<=",
            "compare_to": 10
        }
    },
    "no_move": {
        "type": "origins:modify_velocity",
        "modifier": {
            "value": -1,
            "operation": "multiply_total"
        },
        "axes": [
            "x",
            "y",
            "z"
        ]
    },
    "no_atk_speed": {
        "type": "origins:attribute",
        "modifier": {
            "name": "Decrease speed",
            "attribute": "minecraft:generic.attack_speed",
            "value": -1,
            "operation": "multiply_total"
        }
    },
    "no_attack": {
        "type": "origins:modify_damage_dealt",
        "modifier": {
            "operation": "multiply_total",
            "value": -1
        }
    },
    "no_damage": {
        "type": "origins:modify_damage_taken",
        "modifier": {
            "name": "No damage",
            "operation": "multiply_total",
            "value": -1
        }
    },
    "prevent_item": {
        "type": "origins:prevent_item_use"
    },
    "no_exhaust": {
        "type": "origins:modify_exhaustion",
        "modifier": {
            "name": "No exhaustion",
            "operation": "multiply_total",
            "value": -1
        }
    },
    "no_abilities": {
        "type": "eggolib:prevent_key_use",
        "keys": [
            "key.origins.primary_active",
            "key.origins.secondary_active",
            "key.drop",
            "key.inventory"
        ]
    },
    "no_pickup": {
        "type": "origins:prevent_item_pickup"
    },
    "mobs_ignore": {
        "type": "apugli:mobs_ignore"
    },
    "no_break": {
        "type": "origins:modify_break_speed",
        "modifier": {
            "operation": "multiply_total",
            "value": -1
        }
    },
    "hidden": true
}