{
    "type": "origins:multiple",
    "duration": {
        "type": "origins:resource",
        "min": 0,
        "max": 180,
        "start_value": 180,
        "hud_render": {
            "should_render": false
        },
        "min_action": {
            "type": "origins:execute_command",
            "command": "power remove @s manhunt:herald/bark/bark_effects"
        }
    },
    "regeneration": {
        "type": "origins:action_over_time",
        "entity_action": {
            "type": "origins:and",
            "actions": [
                {
                    "type": "origins:change_resource",
                    "resource": "manhunt:herald/bark/bark_effects_duration",
                    "change": -30
                },
                {
                    "type": "origins:heal",
                    "amount": 2
                }
            ]
        },
        "interval": 30
    },
    "particles": {
        "type": "origins:action_over_time",
        "entity_action": {
            "type": "origins:and",
            "actions": [
                {
                    "type": "origins:execute_command",
                    "command": "particle minecraft:dust_color_transition 0.1 0.1 0.1 1 0 1 0 ~ ~1 ~ 0.2 0.4 0.2 1 40"
                },
                {
                    "type": "origins:execute_command",
                    "command": "particle minecraft:block minecraft:oak_log ~ ~1 ~ 0.2 0.4 0.2 1 100"
                },
                {
                    "type": "origins:execute_command",
                    "command": "playsound minecraft:block.wood.break player @a ~ ~ ~ 1 0.5 1"
                }
            ]
        },
        "interval": 30
    },
    "defense": {
        "type": "origins:attribute",
        "modifier": {
            "attribute": "minecraft:generic.armor",
            "operation": "addition",
            "value": 4,
            "name": "Increased armor."
        },
        "tick_rate": 1
    },
    "overlay": {
        "type": "origins:overlay",
        "texture": "minecraft:textures/misc/forcefield.png",
        "strength": 0.2,
        "red": 0.1,
        "green": 0.8,
        "blue": 0.1,
        "draw_mode": "texture",
        "draw_phase": "below_hud",
        "hide_with_hud": false,
        "visible_in_third_person": false
    },
    "hidden": true
}