{
    "type": "origins:multiple",
    "no_pledge": {
        "type": "origins:resource",
        "min": 0,
        "max": 4,
        "start_value": 4,
        "hud_render": {
            "should_render": false
        },
        "min_action": {
            "type": "origins:and",
            "actions": [
                {
                    "type": "origins:execute_command",
                    "command": "execute on passengers run kill @s"
                },
                {
                    "type": "origins:execute_command",
                    "command": "kill @s"
                }
            ]
        }
    },
    "no_pledge_down": {
        "type": "origins:action_over_time",
        "entity_action": {
            "type": "origins:change_resource",
            "resource": "manhunt:guardian/bulwark/shield_icon_no_pledge",
            "change": -1
        },
        "interval": 1,
        "condition": {
            "type": "origins:riding",
            "inverted": true
        }
    },
    "rotation": {
        "type": "origins:resource",
        "min": 0,
        "max": 360,
        "start_value": 0,
        "hud_render": {
            "should_render": false
        },
        "max_action": {
            "type": "origins:change_resource",
            "resource": "manhunt:guardian/bulwark/shield_icon_rotation",
            "change": -360
        }
    },
    "rotate": {
        "type": "origins:action_over_time",
        "entity_action": {
            "type": "origins:and",
            "actions": [
                {
                    "type": "origins:change_resource",
                    "resource": "manhunt:guardian/bulwark/shield_icon_rotation",
                    "change": 4
                },
                {
                    "type": "origins:execute_command",
                    "command": "execute on passengers store result entity @s Rotation[0] float 1 run resource get @e[limit=1,sort=nearest,type=armor_stand] manhunt:guardian/bulwark/shield_icon_rotation"
                },
                {
                    "type": "origins:execute_command",
                    "command": "particle minecraft:end_rod ~ ~1.5 ~ 0 0 0 0.05 1 force @a"
                }
            ]
        },
        "interval": 1
    },
    "rejoin": {
        "type": "origins:action_over_time",
        "rising_action": {
            "type": "origins:and",
            "actions": [
                {
                    "type": "origins:selector_action",
                    "selector": "@a[tag=hunter]",
                    "bientity_action": {
                        "type": "origins:target_action",
                        "action": {
                            "type": "origins:action_on_set",
                            "set": "manhunt:guardian/bulwark/active_shield_set",
                            "bientity_action": {
                                "type": "origins:invert",
                                "action": {
                                    "type": "origins:mount"
                                }
                            }
                        }
                    },
                    "bientity_condition": {
                        "type": "origins:invert",
                        "condition": {
                            "type": "origins:in_set",
                            "set": "manhunt:guardian/bulwark/active_shield_set"
                        }
                    }
                }
            ]
        },
        "interval": 1,
        "condition": {
            "type": "origins:riding",
            "inverted": true
        }
    }
}