{
    "type": "origins:multiple",
    "invis": {
        "type": "origins:invisibility",
        "render_armor": false
    },
    "held_item": {
        "type": "origins:prevent_feature_render",
        "features": [
            "armor",
            "held_item"
        ]
    },
    "disable": {
        "type": "origins:action_on_callback",
        "entity_action_gained": {
            "type": "origins:and",
            "actions": [
                {
                    "type": "origins:selector_action",
                    "selector": "@p[tag=shield_disable]",
                    "bientity_action": {
                        "type": "origins:and",
                        "actions": [
                            {
                                "type": "origins:damage",
                                "amount": 0.001,
                                "damage_type": "minecraft:player_attack"
                            },
                            {
                                "type": "origins:target_action",
                                "action": {
                                    "type": "origins:add_velocity",
                                    "x": 0,
                                    "y": 0,
                                    "z": 0,
                                    "space": "velocity_horizontal"
                                }
                            }
                        ]
                    },
                    "bientity_condition": {
                        "type": "origins:target_condition",
                        "condition": {
                            "type": "origins:and",
                            "conditions": [
                                {
                                    "type": "origins:living"
                                },
                                {
                                    "type": "origins:origin",
                                    "origin": "manhunt:hunter",
                                    "layer": "origins:origin"
                                }
                            ]
                        }
                    }
                },
                {
                    "type": "origins:execute_command",
                    "command": "kill @s",
                    "permission_level": 4
                }
            ]
        }
    }
}