{
    "type": "origins:multiple",
    "create_book": {
        "type": "origins:item_on_item",
        "on_item_condition": {
            "type": "origins:ingredient",
            "ingredient": {
                "item": "minecraft:book"
            }
        },
        "using_item_condition": {
            "type": "origins:and",
            "conditions": [
                {
                    "type": "origins:ingredient",
                    "ingredient": {
                        "item": "minecraft:amethyst_shard"
                    }
                },
                {
                    "type": "origins:nbt",
                    "nbt": "{Tags:[\"enchanter_stone\"]}"
                }
            ]
        },
        "entity_action": {
            "type": "origins:and",
            "actions": [
                {
                    "type": "origins:give",
                    "stack": {
                        "item": "minecraft:enchanted_book",
                        "amount": 1,
                        "tag": "{CustomModelData:1,Tags:[\"recalling_book\"],display:{Lore:['[{\"text\":\"Recalling\",\"italic\":false,\"color\":\"gray\"}]']},Enchantments:[{}]}"
                    },
                    "item_action": {
                        "type": "origins:modify",
                        "modifier": "manhunt:enchanter/recall"
                    },
                    "preferred_slot": "mainhand"
                },
                {
                    "type": "origins:execute_command",
                    "command": "xp add @s -55 points"
                },
                {
                    "type": "origins:execute_command",
                    "command": "particle minecraft:dust_color_transition 0.1 0 0.9 1.2 0.5 0 1 ~ ~1 ~ 0.4 0.4 0.4 1 30"
                },
                {
                    "type": "origins:execute_command",
                    "command": "particle minecraft:enchanted_hit ~ ~1 ~ 0 0 0 1 10"
                },
                {
                    "type": "origins:execute_command",
                    "command": "playsound minecraft:entity.player.levelup player @a ~ ~1 ~ 3 2"
                }
            ]
        },
        "click_type": "primary",
        "on_item_action": {
            "type": "origins:consume",
            "amount": 1
        },
        "condition": {
            "type": "origins:xp_points",
            "comparison": ">=",
            "compare_to": 55
        }
    },
    "resonance": {
        "type": "origins:entity_glow",
        "bientity_condition": {
            "type": "origins:target_condition",
            "condition": {
                "type": "origins:power",
                "power": "manhunt:enchanter/recall/enchanted"
            }
        },
        "condition": {
            "type": "origins:equipped_item",
            "equipment_slot": "mainhand",
            "item_condition": {
                "type": "origins:and",
                "conditions": [
                    {
                        "type": "origins:ingredient",
                        "ingredient": {
                            "item": "minecraft:amethyst_shard"
                        }
                    },
                    {
                        "type": "origins:nbt",
                        "nbt": "{Tags:[\"enchanter_stone\"]}"
                    }
                ]
            }
        },
        "use_teams": false,
        "red": 0.5,
        "green": 0.0,
        "blue": 1.0
    },
    "recalling": {
        "type": "origins:active_self",
        "entity_action": {
            "type": "origins:and",
            "actions": [
                {
                    "type": "origins:execute_command",
                    "command": "tag @s add enchanted_recall"
                },
                {
                    "type": "origins:change_resource",
                    "resource": "manhunt:enchanter/arcane_energy",
                    "change": 0,
                    "operation": "set"
                },
                {
                    "type": "origins:selector_action",
                    "selector": "@e",
                    "bientity_action": {
                        "type": "origins:target_action",
                        "action": {
                            "type": "origins:execute_command",
                            "command": "tp @s @p[tag=enchanted_recall]"
                        }
                    },
                    "bientity_condition": {
                        "type": "origins:and",
                        "conditions": [
                            {
                                "type": "eggolib:equal",
                                "inverted": true
                            },
                            {
                                "type": "origins:target_condition",
                                "condition": {
                                    "type": "origins:and",
                                    "conditions": [
                                        {
                                            "type": "origins:living"
                                        },
                                        {
                                            "type": "origins:inventory",
                                            "process_mode": "items",
                                            "comparison": ">=",
                                            "compare_to": 1,
                                            "item_condition": {
                                                "type": "origins:has_power",
                                                "power": "manhunt:enchanter/recall/enchanted"
                                            }
                                        }
                                    ]
                                }
                            }
                        ]
                    }
                },
                {
                    "type": "origins:spawn_entity",
                    "entity_type": "minecraft:armor_stand",
                    "tag": "{Marker:1b,Invisible:1b,Tags:[\"enchanter_icon\"],Passengers:[{id:\"minecraft:item_display\",view_range:100f,start_interpolation:-3,interpolation_duration:0,Tags:[\"enchanter_icon\"],transformation:{left_rotation:[0f,0f,0f,1f],right_rotation:[0f,0f,0f,1f],translation:[0f,1f,0f],scale:[0.1f,0.1f,0.1f]},item:{id:\"minecraft:amethyst_shard\",Count:1b,tag:{CustomModelData:1}}}]}",
                    "entity_action": {
                        "type": "origins:and",
                        "actions": [
                            {
                                "type": "origins:execute_command",
                                "command": "tp @s ~ ~2 ~",
                                "permission_level": 4
                            },
                            {
                                "type": "origins:execute_command",
                                "command": "power grant @s manhunt:enchanter/recall/anim",
                                "permission_level": 4
                            },
                            {
                                "type": "origins:execute_command",
                                "command": "execute on passengers run data modify entity @s Rotation[1] set value 0f",
                                "permission_level": 4
                            },
                            {
                                "type": "origins:execute_command",
                                "command": "execute on passengers run data modify entity @s interpolation_duration set value 30",
                                "permission_level": 4
                            },
                            {
                                "type": "origins:execute_command",
                                "command": "execute on passengers run data modify entity @s transformation.scale set value [4f,4f,4f]",
                                "permission_level": 4
                            }
                        ]
                    }
                },
                {
                    "type": "origins:execute_command",
                    "command": "tag @s remove enchanted_recall"
                },
                {
                    "type": "origins:execute_command",
                    "command": "playsound minecraft:block.enchantment_table.use player @a ~ ~ ~ 2 1.2"
                },
                {
                    "type": "origins:execute_command",
                    "command": "playsound minecraft:block.sculk_sensor.break player @a ~ ~ ~ 1 2"
                }
            ]
        },
        "cooldown": 5,
        "hud_render": {
            "should_render": false
        },
        "key": "key.origins.secondary_active",
        "condition": {
            "type": "origins:and",
            "conditions": [
                {
                    "type": "origins:resource",
                    "resource": "manhunt:enchanter/arcane_energy",
                    "comparison": "==",
                    "compare_to": 100
                },
                {
                    "type": "origins:inventory",
                    "process_mode": "items",
                    "item_condition": {
                        "type": "origins:and",
                        "conditions": [
                            {
                                "type": "origins:ingredient",
                                "ingredient": {
                                    "item": "minecraft:amethyst_shard"
                                }
                            },
                            {
                                "type": "origins:nbt",
                                "nbt": "{Tags:[\"enchanter_stone\"]}"
                            }
                        ]
                    },
                    "comparison": ">",
                    "compare_to": 0
                }
            ]
        }
    },
    "name": "Arcane: Recall",
    "description": "\"Resonance... Is it that... that I feel?\"\n Using the Enchanter's stone, you can summon all enchanted hunters.",
    "badges": [
        {
            "type": "origins:tooltip",
            "sprite": "manhunt:textures/item/enchanter_book.png",
            "text": [
                "Whilst in your inventory, hover with the stone and press \"",
                {
                    "keybind": "key.attack"
                },
                "\" to create a Recalling book."
            ]
        },
        {
            "type": "origins:tooltip",
            "sprite": "origins:textures/gui/badge/toggle.png",
            "text": [
                "Press \"",
                {
                    "keybind": "key.origins.secondary_active"
                },
                "\" whilst on full energy to Recall anyone with your book in their inventory!\n(Your stone must be intact)"
            ]
        }
    ]
}