{
	"type": "origins:multiple",
	"undead": {
		"type": "origins:entity_group",
		"group": "undead",
		"condition": {
			"type": "origins:dimension",
			"dimension": "minecraft:the_nether",
			"inverted": true
		}
	},
	"fire": {
		"type": "origins:invulnerability",
		"damage_condition": {
			"type": "origins:in_tag",
			"tag": "minecraft:is_fire"
		},
		"condition": {
			"type": "origins:dimension",
			"dimension": "minecraft:the_nether",
			"inverted": true
		}
	},
	"health": {
		"type": "origins:conditioned_attribute",
		"modifier": {
			"attribute": "minecraft:generic.max_health",
			"operation": "addition",
			"value": -4,
			"name": "Decreased health"
		},
		"tick_rate": 20,
		"condition": {
			"type": "origins:dimension",
			"dimension": "minecraft:the_nether"
		}
	},
	"ignore": {
		"type": "apugli:mobs_ignore",
		"mob_condition": {
			"type": "origins:or",
			"conditions": [
				{
					"type": "apoli:entity_type",
					"entity_type": "minecraft:piglin"
				},
				{
					"type": "apoli:entity_type",
					"entity_type": "minecraft:piglin_brute"
				}
			]
		}
	},
	"name": "Zombified Flesh",
	"description": "In the Overworld, your flesh zombifies and your behavior changes.",
	"badges": [
		{
			"type": "origins:tooltip",
			"sprite": "minecraft:textures/item/rotten_flesh.png",
			"text": "In the Overworld, you have resistance to fire and you are considered \"undead\""
		},
		{
			"type": "origins:tooltip",
			"sprite": "minecraft:textures/item/porkchop.png",
			"text": "In the Nether, you have less health but you are quicker and have further proficiency with gold."
		}
	]
}