{
    "type": "origins:multiple",
    "default": {
        "type": "origins:action_on_callback",
        "entity_action_gained": {
            "type": "origins:and",
            "actions": [
                {
                    "type": "origins:execute_command",
                    "command": "scoreboard players set @s timer 15"
                },
                {
                    "type": "origins:execute_command",
                    "command": "scoreboard players set @s ready_timer 10"
                }
            ]
        },
        "execute_chosen_when_orb": true
    },
    "repick": {
        "type": "origins:resource",
        "min": 0,
        "max": 1,
        "start_value": 1
    },
    "glow": {
        "type": "origins:resource",
        "min": 0,
        "max": 1,
        "start_value": 1
    },
    "ban_start": {
        "type": "origins:resource",
        "min": 0,
        "max": 70,
        "start_value": 0,
        "max_action": {
            "type": "origins:and",
            "actions": [
                {
                    "type": "moborigins:show_floating_item",
                    "item_stack": {
                      "item": "minecraft:barrier"
                    }
                },
                {
                    "type": "origins:change_resource",
                    "resource": "manhunt:hunt_ban_timer",
                    "change": 5,
                    "operation": "set"
                },
                {
                    "type": "origins:execute_command",
                    "command": "playsound minecraft:entity.experience_orb.pickup player @a ~ ~ ~ 10 0.5"
                }
            ]
        },
        "min_action": {
            "type": "origins:execute_command",
            "command": "function manhunt:setup/ban"
        }
    },
    "ban_timer": {
        "type": "origins:resource",
        "min": 0,
        "max": 5,
        "start_value": 0,
        "min_action":{
            "type": "origins:and",
            "actions": [
                {
                    "type": "origins:selector_action",
                    "selector": "@a",
                    "bientity_action": {
                        "type": "origins:target_action",
                        "action":{
                            "type": "origins:and",
                            "actions": [
                                {
                                    "type": "origins:if_else",
                                    "condition": {
                                        "type": "origins:origin",
                                        "origin": "manhunt:hunter",
                                        "layer": "origins:origin"
                                    },
                                    "if_action": {
                                        "type": "origins:execute_command",
                                        "command": "origin gui @s manhunt:hunters"
                                    }
                                },
                                {
                                    "type": "origins:if_else",
                                    "condition": {
                                        "type": "origins:origin",
                                        "origin": "manhunt:runner",
                                        "layer": "origins:origin"
                                    },
                                    "if_action": {
                                        "type": "origins:execute_command",
                                        "command": "origin gui @s manhunt:runners"
                                    }
                                }
                            ]
                        }
                    }
                }
            ]
        }
    },
    "ban_timer_down": {
        "type": "origins:action_over_time",
        "entity_action": {
            "type": "origins:change_resource",
            "resource": "manhunt:hunt_ban_timer",
            "change": -10
        },
        "interval": 10,
        "condition": {
            "type": "origins:resource",
            "resource": "manhunt:hunt_ban_timer",
            "comparison": ">",
            "compare_to": 0
        }
    },
    "ban_gui": {
        "type": "origins:action_over_time",
        "rising_action": {
            "type": "origins:selector_action",
            "selector": "@a",
            "bientity_action": {
                "type": "origins:actor_action",
                "action": {
                    "type": "origins:change_resource",
                    "resource": "manhunt:hunt_ban_timer",
                    "change": 10,
                    "operation": "set"
                }
            },
            "bientity_condition": {
                "type": "origins:target_condition",
                "condition": {
                    "type": "origins:or",
                    "conditions": [
                        {
                            "type": "origins:and",
                            "conditions": [
                                {
                                    "type": "origins:origin",
                                    "origin": "manhunt:runner",
                                    "layer": "origins:origin"
                                },
                                {
                                    "type": "origins:origin",
                                    "origin": "origins:empty",
                                    "layer": "manhunt:bans_hunters"
                                }
                            ]
                        },
                        {
                            "type": "origins:and",
                            "conditions": [
                                {
                                    "type": "origins:origin",
                                    "origin": "manhunt:hunter",
                                    "layer": "origins:origin"
                                },
                                {
                                    "type": "origins:origin",
                                    "origin": "origins:empty",
                                    "layer": "manhunt:bans_runnners"
                                }
                            ]
                        }
                    ]
                }
            }
        },
        "interval": 1,
        "condition": {
            "type": "origins:power",
            "power": "manhunt:ban"
        }
    },
    "ban_down": {
        "type": "origins:action_over_time",
        "entity_action": {
            "type": "origins:change_resource",
            "resource": "manhunt:hunt_ban_start",
            "change": -10
        },
        "interval": 10,
        "condition": {
            "type": "origins:resource",
            "resource": "manhunt:hunt_ban_start",
            "comparison": ">",
            "compare_to": 0
        }
    },
    "ban_msg1": {
        "type": "origins:action_over_time",
        "rising_action": {
            "type": "origins:and",
            "actions": [
                {
                    "type": "origins:execute_command",
                    "command": "playsound minecraft:block.note_block.bit player @a ~ ~ ~ 10 0.5"
                },
                {
                    "type": "origins:execute_command",
                    "command": "tellraw @a \"TIME FOR BANS!1!11!!\""
                }
            ]
        },
        "interval": 1,
        "condition": {
            "type": "origins:resource",
            "resource": "manhunt:hunt_ban_start",
            "comparison": "==",
            "compare_to": 60
        }
    },
    "ban_msg2": {
        "type": "origins:action_over_time",
        "rising_action": {
            "type": "origins:and",
            "actions": [
                {
                    "type": "origins:execute_command",
                    "command": "playsound minecraft:block.note_block.bit player @a ~ ~ ~ 10 0.5"
                },
                {
                    "type": "origins:execute_command",
                    "command": "tag @r[tag=hunter] add ban_pick"
                },
                {
                    "type": "origins:execute_command",
                    "command": "tellraw @a \"All runners are given a ban vote...\""
                }
            ]
        },
        "interval": 1,
        "condition": {
            "type": "origins:resource",
            "resource": "manhunt:hunt_ban_start",
            "comparison": "==",
            "compare_to": 40
        }
    },
    "ban_msg3": {
        "type": "origins:action_over_time",
        "rising_action": {
            "type": "origins:and",
            "actions": [
                {
                    "type": "origins:execute_command",
                    "command": "playsound minecraft:block.note_block.bit player @a ~ ~ ~ 10 0.5"
                },
                {
                    "type": "origins:execute_command",
                    "command": "tellraw @a [\"\",\".. AND \",{\"selector\":\"@p[tag=ban_pick]\",\"bold\":true},\" CAN BAN A RUNNER!!!!\"]"
                },
                {
                    "type": "origins:execute_command",
                    "command": "tag @a remove ban_pick"
                }
            ]
        },
        "interval": 1,
        "condition": {
            "type": "origins:resource",
            "resource": "manhunt:hunt_ban_start",
            "comparison": "==",
            "compare_to": 20
        }
    },
    "apply_hunter_glow": {
        "type": "origins:action_over_time",
        "entity_action": {
            "type": "origins:if_else",
            "condition": {
                "type": "origins:resource",
                "resource": "manhunt:hunt_glow",
                "comparison": "==",
                "compare_to": 1
            },
            "if_action": {
                "type": "origins:selector_action",
                "selector": "@a",
                "bientity_action": {
                    "type": "origins:target_action",
                    "action": {
                        "type": "origins:change_resource",
                        "resource": "manhunt:hunter_effects_glow",
                        "change": 1,
                        "operation": "set"
                    }
                },
                "bientity_condition": {
                    "type": "origins:target_condition",
                    "condition": {
                        "type": "origins:resource",
                        "resource": "manhunt:hunter_effects_glow",
                        "comparison": "==",
                        "compare_to": 0
                    }
                }
            },
            "else_action": {
                "type": "origins:selector_action",
                "selector": "@a",
                "bientity_action": {
                    "type": "origins:target_action",
                    "action": {
                        "type": "origins:change_resource",
                        "resource": "manhunt:hunter_effects_glow",
                        "change": 0,
                        "operation": "set"
                    }
                },
                "bientity_condition": {
                    "type": "origins:target_condition",
                    "condition": {
                        "type": "origins:resource",
                        "resource": "manhunt:hunter_effects_glow",
                        "comparison": "==",
                        "compare_to": 1
                    }
                }
            }
        },
        "interval": 20
    },
    "apply_runner_glow": {
        "type": "origins:action_over_time",
        "entity_action": {
            "type": "origins:if_else",
            "condition": {
                "type": "origins:resource",
                "resource": "manhunt:hunt_glow",
                "comparison": "==",
                "compare_to": 1
            },
            "if_action": {
                "type": "origins:selector_action",
                "selector": "@a",
                "bientity_action": {
                    "type": "origins:target_action",
                    "action": {
                        "type": "origins:change_resource",
                        "resource": "manhunt:runner_effects_glow",
                        "change": 1,
                        "operation": "set"
                    }
                },
                "bientity_condition": {
                    "type": "origins:target_condition",
                    "condition": {
                        "type": "origins:resource",
                        "resource": "manhunt:runner_effects_glow",
                        "comparison": "==",
                        "compare_to": 0
                    }
                }
            },
            "else_action": {
                "type": "origins:selector_action",
                "selector": "@a",
                "bientity_action": {
                    "type": "origins:target_action",
                    "action": {
                        "type": "origins:change_resource",
                        "resource": "manhunt:runner_effects_glow",
                        "change": 0,
                        "operation": "set"
                    }
                },
                "bientity_condition": {
                    "type": "origins:target_condition",
                    "condition": {
                        "type": "origins:resource",
                        "resource": "manhunt:runner_effects_glow",
                        "comparison": "==",
                        "compare_to": 1
                    }
                }
            }
        },
        "interval": 20
    },
    "repick_timer": {
        "type": "origins:resource",
        "min": 0,
        "max": 400,
        "start_value": 0,
        "hud_render": {
            "should_render": false
        },
        "min_action": {
            "type": "origins:and",
            "actions": [
                {
                    "type": "origins:execute_command",
                    "command": "power remove @a[tag=hunter] manhunt:repick"
                },
                {
                    "type": "origins:execute_command",
                    "command": "power grant @a[tag=hunter] manhunt:countdown_effects"
                },
                {
                    "type": "origins:execute_command",
                    "command": "tag @s remove repick"
                },
                {
                    "type": "origins:if_else_list",
                    "actions": [
                        {
                            "condition": {
                                "type": "origins:resource",
                                "resource": "manhunt:hunt_countdown",
                                "comparison": "==",
                                "compare_to": 30
                            },
                            "action": {
                                "type": "origins:execute_command",
                                "command": "execute as @a run resource set @s manhunt:countdown_effects_timer 600"
                            }
                        },
                        {
                            "condition": {
                                "type": "origins:resource",
                                "resource": "manhunt:hunt_countdown",
                                "comparison": "==",
                                "compare_to": 15
                            },
                            "action": {
                                "type": "origins:execute_command",
                                "command": "execute as @a run resource set @s manhunt:countdown_effects_timer 300"
                            }
                        },
                        {
                            "condition": {
                                "type": "origins:resource",
                                "resource": "manhunt:hunt_countdown",
                                "comparison": "==",
                                "compare_to": 10
                            },
                            "action": {
                                "type": "origins:execute_command",
                                "command": "execute as @a run resource set @s manhunt:countdown_effects_timer 200"
                            }
                        }
                    ]
                },
                {
                    "type": "origins:execute_command",
                    "command": "function manhunt:countdown"
                },
                {
                    "type": "origins:execute_command",
                    "command": "power remove @a manhunt:start"
                },
                {
                    "type": "origins:execute_command",
                    "command": "power remove @s manhunt:hunt_ready_timer_tick"
                }
            ]
        }
    },
    "repick_timer_tick": {
        "type": "origins:action_over_time",
        "entity_action": {
            "type": "origins:change_resource",
            "resource": "manhunt:hunt_repick_timer",
            "change": -10
        },
        "interval": 10,
        "condition": {
            "type": "origins:command",
            "command": "execute if entity @s[tag=repick]",
            "comparison": "==",
            "compare_to": 1
        }
    },
    "joining": {
        "type": "origins:action_over_time",
        "entity_action": {
            "type": "origins:selector_action",
            "selector": "@a",
            "bientity_action": {
                "type": "origins:target_action",
                "action": {
                    "type": "origins:execute_command",
                    "command": "power grant @s manhunt:start"
                }
            },
            "bientity_condition": {
                "type": "origins:target_condition",
                "condition": {
                    "type": "origins:power",
                    "power": "manhunt:start",
                    "inverted": true
                }
            }
        },
        "interval": 1,
        "condition": {
            "type": "origins:resource",
            "resource": "manhunt:hunt_ready_timer",
            "comparison": ">",
            "compare_to": 0
        }
    },
    "daytime": {
        "type": "origins:action_over_time",
        "entity_action": {
            "type": "origins:execute_command",
            "command": "time set day"
        },
        "interval": 30,
        "condition": {
            "type": "origins:resource",
            "resource": "manhunt:hunt_ready_timer",
            "comparison": ">",
            "compare_to": 0
        }
    },
    "repick_timer_scoreboard": {
        "type": "origins:action_over_time",
        "entity_action": {
            "type": "origins:and",
            "actions": [
                {
                    "type": "origins:execute_command",
                    "command": "scoreboard players remove @s repick_timer 1"
                },
                {
                    "type": "origins:if_else",
                    "condition": {
                        "type": "origins:resource",
                        "resource": "manhunt:hunt_repick_timer",
                        "comparison": "<=",
                        "compare_to": 300
                    },
                    "if_action": {
                        "type": "origins:and",
                        "actions": [
                            {
                                "type": "origins:execute_command",
                                "command": "title @a title [\"\"]"
                            },
                            {
                                "type": "origins:execute_command",
                                "command": "title @a[tag=hunter] subtitle [\"\",\"[\",{\"score\":{\"name\":\"@s\",\"objective\":\"repick_timer\"},\"bold\":true},\"⏱]\"]"
                            },
                            {
                                "type": "origins:execute_command",
                                "command": "playsound minecraft:block.note_block.hat player @a[tag=hunter] ~ ~ ~ 3 1"
                            }
                        ]
                    }
                }
            ]
        },
        "interval": 20,
        "condition": {
            "type": "origins:command",
            "command": "execute if entity @s[tag=repick]",
            "comparison": "==",
            "compare_to": 1
        }
    },
    "repick_msg1": {
        "type": "origins:action_over_time",
        "rising_action": {
            "type": "origins:and",
            "actions": [
                {
                    "type": "origins:execute_command",
                    "command": "tellraw @a \"Now, time to reveal the runner(s)!\""
                },
                {
                    "type": "origins:execute_command",
                    "command": "playsound minecraft:block.note_block.pling player @a"
                }
            ]
        },
        "interval": 1,
        "condition": {
            "type": "origins:resource",
            "resource": "manhunt:hunt_repick_timer",
            "comparison": "==",
            "compare_to": 380
        }
    },
    "repick_msg2": {
        "type": "origins:action_over_time",
        "rising_action": {
            "type": "origins:and",
            "actions": [
                {
                    "type": "origins:selector_action",
                    "selector": "@a[tag = runner]",
                    "bientity_action": {
                        "type": "origins:target_action",
                        "action": {
                            "type": "origins:if_else_list",
                            "actions": [
                                {
                                    "condition": {
                                        "type": "origins:origin",
                                        "origin": "manhunt:runners/celeritas",
                                        "layer": "manhunt:runners"
                                    },
                                    "action": {
                                        "type": "origins:execute_command",
                                        "command": "tellraw @a [\"\",{\"selector\":\"@s\",\"color\":\"gold\"},\" is playing Celeritas!\"]"
                                    }
                                },
                                {
                                    "condition": {
                                        "type": "origins:origin",
                                        "origin": "manhunt:runners/alchimia",
                                        "layer": "manhunt:runners"
                                    },
                                    "action": {
                                        "type": "origins:execute_command",
                                        "command": "tellraw @a [\"\",{\"selector\":\"@s\",\"color\":\"gold\"},\" is playing Alchimia!\"]"
                                    }
                                },
                                {
                                    "condition": {
                                        "type": "origins:origin",
                                        "origin": "manhunt:runners/sanguis",
                                        "layer": "manhunt:runners"
                                    },
                                    "action": {
                                        "type": "origins:execute_command",
                                        "command": "tellraw @a [\"\",{\"selector\":\"@s\",\"color\":\"gold\"},\" is playing Sanguis Deus!\"]"
                                    }
                                },
                                {
                                    "condition": {
                                        "type": "origins:origin",
                                        "origin": "manhunt:runners/damned",
                                        "layer": "manhunt:runners"
                                    },
                                    "action": {
                                        "type": "origins:execute_command",
                                        "command": "tellraw @a [\"\",{\"selector\":\"@s\",\"color\":\"gold\"},\" is playing Inmortuae!\"]"
                                    }
                                },
                                {
                                    "condition": {
                                        "type": "origins:origin",
                                        "origin": "manhunt:runners/gambler",
                                        "layer": "manhunt:runners"
                                    },
                                    "action": {
                                        "type": "origins:execute_command",
                                        "command": "tellraw @a [\"\",{\"selector\":\"@s\",\"color\":\"gold\"},\" is playing Fortuna!\"]"
                                    }
                                },
                                {
                                    "condition": {
                                        "type": "origins:origin",
                                        "origin": "manhunt:runners/jester",
                                        "layer": "manhunt:runners"
                                    },
                                    "action": {
                                        "type": "origins:execute_command",
                                        "command": "tellraw @a [\"\",{\"selector\":\"@s\",\"color\":\"gold\"},\" is playing Balatro!\"]"
                                    }
                                },
                                {
                                    "condition": {
                                        "type": "origins:origin",
                                        "origin": "manhunt:runners/deleo",
                                        "layer": "manhunt:runners"
                                    },
                                    "action": {
                                        "type": "origins:execute_command",
                                        "command": "tellraw @a [\"\",{\"selector\":\"@s\",\"color\":\"gold\"},\" is playing Deleo!\"]"
                                    }
                                },
                                {
                                    "condition": {
                                        "type": "origins:origin",
                                        "origin": "manhunt:runners/draco",
                                        "layer": "manhunt:runners"
                                    },
                                    "action": {
                                        "type": "origins:execute_command",
                                        "command": "tellraw @a [\"\",{\"selector\":\"@s\",\"color\":\"gold\"},\" is playing Draconis!\"]"
                                    }
                                },
                                {
                                    "condition": {
                                        "type": "origins:origin",
                                        "origin": "manhunt:runners/fortis",
                                        "layer": "manhunt:runners"
                                    },
                                    "action": {
                                        "type": "origins:execute_command",
                                        "command": "tellraw @a [\"\",{\"selector\":\"@s\",\"color\":\"gold\"},\" is playing Fortis!\"]"
                                    }
                                },
                                {
                                    "condition": {
                                        "type": "origins:origin",
                                        "origin": "manhunt:runners/sicarius",
                                        "layer": "manhunt:runners"
                                    },
                                    "action": {
                                        "type": "origins:execute_command",
                                        "command": "tellraw @a [\"\",{\"selector\":\"@s\",\"color\":\"gold\"},\" is playing Sicarius!\"]"
                                    }
                                }
                            ]
                        }
                    }
                },
                {
                    "type": "origins:execute_command",
                    "command": "playsound minecraft:block.note_block.pling player @a"
                }
            ]
        },
        "interval": 1,
        "condition": {
            "type": "origins:resource",
            "resource": "manhunt:hunt_repick_timer",
            "comparison": "==",
            "compare_to": 360
        }
    },
    "repick_msg3": {
        "type": "origins:action_over_time",
        "rising_action": {
            "type": "origins:and",
            "actions": [
                {
                    "type": "origins:execute_command",
                    "command": "tellraw @a \"Time for the hunters to use their Last Pick!\""
                },
                {
                    "type": "origins:execute_command",
                    "command": "playsound minecraft:block.note_block.pling player @a"
                },
                {
                    "type": "origins:execute_command",
                    "command": "power grant @a[tag=hunter] manhunt:repick"
                },
                {
                    "type": "origins:execute_command",
                    "command": "power remove @a manhunt:start_ready_key"
                }
            ]
        },
        "interval": 1,
        "condition": {
            "type": "origins:resource",
            "resource": "manhunt:hunt_repick_timer",
            "comparison": "==",
            "compare_to": 320
        }
    },
    "ready_timer": {
        "type": "origins:resource",
        "min": 0,
        "max": 10,
        "start_value": 10,
        "hud_render": {
            "should_render": false
        },
        "min_action": {
            "type": "origins:and",
            "actions": [
                {
                    "type": "origins:execute_command",
                    "command": "forceload add ~ ~ ~ ~"
                },
                {
                    "type": "origins:execute_command",
                    "command": "tag @a add playing"
                },
                {
                    "type": "origins:execute_command",
                    "command": "tag @a[tag=hunter] add countdowned"
                },
                {
                    "type": "origins:execute_command",
                    "command": "power grant @s manhunt:joining"
                },
                {
                    "type": "origins:execute_command",
                    "command": "power remove @a manhunt:start_repick_key"
                },
                {
                    "type": "origins:execute_command",
                    "command": "power remove @a manhunt:start_repick"
                },
                {
                    "type": "origins:if_else",
                    "condition": {
                        "type": "origins:command",
                        "command": "execute if entity @s[tag=swift_enabled]",
                        "comparison": ">=",
                        "compare_to": 1
                    },
                    "if_action": {
                        "type": "origins:execute_command",
                        "command": "power grant @a[tag=runner] manhunt:swift"
                    }
                },
                {
                    "type": "origins:if_else",
                    "condition": {
                        "type": "origins:resource",
                        "resource": "manhunt:hunt_repick",
                        "comparison": "==",
                        "compare_to": 1
                    },
                    "if_action": {
                        "type": "origins:and",
                        "actions": [
                            {
                                "type": "origins:execute_command",
                                "command": "tag @s add repick"
                            },
                            {
                                "type": "origins:change_resource",
                                "resource": "manhunt:hunt_repick_timer",
                                "change": 400
                            },
                            {
                                "type": "origins:execute_command",
                                "command": "scoreboard players set @s repick_timer 20"
                            }
                        ]
                    },
                    "else_action": {
                        "type": "origins:and",
                        "actions": [
                            {
                                "type": "origins:execute_command",
                                "command": "power grant @a[tag=hunter] manhunt:countdown_effects"
                            },
                            {
                                "type": "origins:if_else_list",
                                "actions": [
                                    {
                                        "condition": {
                                            "type": "origins:resource",
                                            "resource": "manhunt:hunt_countdown",
                                            "comparison": "==",
                                            "compare_to": 30
                                        },
                                        "action": {
                                            "type": "origins:execute_command",
                                            "command": "execute as @a run resource set @s manhunt:countdown_effects_timer 600"
                                        }
                                    },
                                    {
                                        "condition": {
                                            "type": "origins:resource",
                                            "resource": "manhunt:hunt_countdown",
                                            "comparison": "==",
                                            "compare_to": 15
                                        },
                                        "action": {
                                            "type": "origins:execute_command",
                                            "command": "execute as @a run resource set @s manhunt:countdown_effects_timer 300"
                                        }
                                    },
                                    {
                                        "condition": {
                                            "type": "origins:resource",
                                            "resource": "manhunt:hunt_countdown",
                                            "comparison": "==",
                                            "compare_to": 10
                                        },
                                        "action": {
                                            "type": "origins:execute_command",
                                            "command": "execute as @a run resource set @s manhunt:countdown_effects_timer 200"
                                        }
                                    }
                                ]
                            },
                            {
                                "type": "origins:execute_command",
                                "command": "function manhunt:countdown"
                            },
                            {
                                "type": "origins:execute_command",
                                "command": "power remove @a manhunt:start"
                            },
                            {
                                "type": "origins:execute_command",
                                "command": "power remove @s manhunt:hunt_ready_timer_tick"
                            }
                        ]
                    }
                },
                {
                    "type": "origins:if_else",
                    "condition": {
                        "type": "origins:command",
                        "command": "execute if entity @s[tag=convert_runners]",
                        "comparison": ">=",
                        "compare_to": 1
                    },
                    "if_action": {
                        "type": "origins:execute_command",
                        "command": "tag @a[tag=runner] add convert"
                    }
                }
            ]
        }
    },
    "ready_timer_tick": {
        "type": "origins:action_over_time",
        "entity_action": {
            "type": "origins:and",
            "actions": [
                {
                    "type": "origins:execute_command",
                    "command": "title @a actionbar [\"\",\"[\",{\"score\":{\"name\":\"@s\",\"objective\":\"ready_timer\"},\"bold\":true,\"color\":\"gold\"},\"] Game is starting! ⏱\"]"
                },
                {
                    "type": "origins:change_resource",
                    "resource": "manhunt:hunt_ready_timer",
                    "change": -1
                },
                {
                    "type": "origins:execute_command",
                    "command": "scoreboard players remove @s ready_timer 1"
                }
            ]
        },
        "interval": 20,
        "condition": {
            "type": "origins:and",
            "conditions": [
                {
                    "type": "origins:command",
                    "command": "execute unless entity @a[tag=!ready]",
                    "comparison": "==",
                    "compare_to": 1
                },
                {
                    "type": "origins:resource",
                    "resource": "manhunt:hunt_ready_timer",
                    "comparison": ">",
                    "compare_to": 0
                }
            ]
        }
    },
    "ready_timer_reset": {
        "type": "origins:action_over_time",
        "rising_action": {
            "type": "origins:and",
            "actions": [
                {
                    "type": "origins:change_resource",
                    "resource": "manhunt:hunt_ready_timer",
                    "change": 10
                },
                {
                    "type": "origins:execute_command",
                    "command": "scoreboard players set @s ready_timer 10"
                }
            ]
        },
        "interval": 1,
        "condition": {
            "type": "origins:command",
            "command": "execute unless entity @a[tag=!ready]",
            "comparison": "==",
            "compare_to": 0
        }
    },
    "countdown": {
        "type": "origins:resource",
        "min": -1,
        "max": 30,
        "start_value": 15,
        "hud_render": {
            "should_render": false
        },
        "min_action": {
            "type": "origins:and",
            "actions": [
                {
                    "type": "origins:if_else",
                    "condition": {
                        "type": "origins:command",
                        "command": "execute if entity @s[tag=second_chance]",
                        "comparison": ">=",
                        "compare_to": 1
                    },
                    "if_action": {
                        "type": "origins:execute_command",
                        "command": "power grant @a[tag=runner] manhunt:second_chance"
                    }
                },
                {
                    "type": "origins:execute_command",
                    "command": "tag @a[tag=hunter] remove countdowned"
                },
                {
                    "type": "origins:execute_command",
                    "command": "power remove @a[tag=hunter] manhunt:countdown_effects"
                },
                {
                    "type": "origins:execute_command",
                    "command": "tag @a remove ready"
                },
                {
                    "type": "origins:execute_command",
                    "command": "power grant @s manhunt:celebration"
                },
                {
                    "type": "origins:execute_command",
                    "command": "power grant @s manhunt:ban"
                },
                {
                    "type": "origins:execute_command",
                    "command": "execute as @a[tag=runner] run scoreboard players add @e[limit=1,sort=nearest,type=minecraft:armor_stand] runners_alive 1"
                },
                {
                    "type": "origins:execute_command",
                    "command": "power remove @s manhunt:hunt"
                }
            ]
        }
    },
    "timer_tick": {
        "type": "origins:action_over_time",
        "entity_action": {
            "type": "origins:and",
            "actions": [
                {
                    "type": "origins:if_else_list",
                    "actions": [
                        {
                            "condition": {
                                "type": "origins:resource",
                                "resource": "manhunt:hunt_countdown",
                                "comparison": ">",
                                "compare_to": 5
                            },
                            "action": {
                                "type": "origins:and",
                                "actions": [
                                    {
                                        "type": "origins:execute_command",
                                        "command": "title @a title [\"\"]"
                                    },
                                    {
                                        "type": "origins:execute_command",
                                        "command": "title @a subtitle [\"\",\"[\",{\"score\":{\"name\":\"@s\",\"objective\":\"timer\"},\"bold\":true,\"color\":\"green\"},\"⏱]\"]"
                                    },
                                    {
                                        "type": "origins:execute_command",
                                        "command": "playsound minecraft:block.note_block.hat player @a ~ ~ ~ 3 1"
                                    }
                                ]
                            }
                        },
                        {
                            "condition": {
                                "type": "origins:and",
                                "conditions": [
                                    {
                                        "type": "origins:resource",
                                        "resource": "manhunt:hunt_countdown",
                                        "comparison": "<=",
                                        "compare_to": 5
                                    },
                                    {
                                        "type": "origins:resource",
                                        "resource": "manhunt:hunt_countdown",
                                        "comparison": ">",
                                        "compare_to": 2
                                    }
                                ]
                            },
                            "action": {
                                "type": "origins:and",
                                "actions": [
                                    {
                                        "type": "origins:execute_command",
                                        "command": "title @a title [\"\"]"
                                    },
                                    {
                                        "type": "origins:execute_command",
                                        "command": "title @a subtitle [\"\",\"[\",{\"score\":{\"name\":\"@s\",\"objective\":\"timer\"},\"bold\":true,\"color\":\"gold\"},\"⏱]\"]"
                                    },
                                    {
                                        "type": "origins:execute_command",
                                        "command": "playsound minecraft:block.note_block.hat player @a ~ ~ ~ 3 1.2"
                                    }
                                ]
                            }
                        },
                        {
                            "condition": {
                                "type": "origins:and",
                                "conditions": [
                                    {
                                        "type": "origins:resource",
                                        "resource": "manhunt:hunt_countdown",
                                        "comparison": "<=",
                                        "compare_to": 2
                                    },
                                    {
                                        "type": "origins:resource",
                                        "resource": "manhunt:hunt_countdown",
                                        "comparison": ">",
                                        "compare_to": 0
                                    }
                                ]
                            },
                            "action": {
                                "type": "origins:and",
                                "actions": [
                                    {
                                        "type": "origins:execute_command",
                                        "command": "title @a title [\"\"]"
                                    },
                                    {
                                        "type": "origins:execute_command",
                                        "command": "title @a subtitle [\"\",\"[\",{\"score\":{\"name\":\"@s\",\"objective\":\"timer\"},\"bold\":true,\"color\":\"dark_red\"},\"⏱]\"]"
                                    },
                                    {
                                        "type": "origins:execute_command",
                                        "command": "playsound minecraft:block.note_block.hat player @a ~ ~ ~ 3 1.5"
                                    }
                                ]
                            }
                        },
                        {
                            "condition": {
                                "type": "origins:resource",
                                "resource": "manhunt:hunt_countdown",
                                "comparison": "==",
                                "compare_to": 0
                            },
                            "action": {
                                "type": "origins:and",
                                "actions": [
                                    {
                                        "type": "origins:execute_command",
                                        "command": "title @a title [\"\"]"
                                    },
                                    {
                                        "type": "origins:execute_command",
                                        "command": "title @a subtitle {\"text\":\"GO!\",\"bold\":true,\"color\":\"yellow\"}"
                                    },
                                    {
                                        "type": "origins:execute_command",
                                        "command": "playsound minecraft:entity.wither.spawn player @a ~ ~ ~ 3 2"
                                    },
                                    {
                                        "type": "origins:execute_command",
                                        "command": "tag @s add started_game"
                                    }
                                ]
                            }
                        }
                    ]
                },
                {
                    "type": "origins:execute_command",
                    "command": "scoreboard players remove @s timer 1"
                },
                {
                    "type": "origins:change_resource",
                    "resource": "manhunt:hunt_countdown",
                    "change": -1
                }
            ]
        },
        "interval": 20,
        "condition": {
            "type": "origins:and",
            "conditions": [
                {
                    "type": "origins:resource",
                    "resource": "manhunt:hunt_ready_timer",
                    "comparison": "==",
                    "compare_to": 0
                },
                {
                    "type": "origins:command",
                    "command": "execute if entity @s[tag=!repick]",
                    "comparison": "==",
                    "compare_to": 1
                }
            ]
        }
    }
}