{
    "type": "origins:multiple",
    "duration": {
        "type": "origins:resource",
        "min": 0,
        "max": 50,
        "start_value": 50,
        "hud_render": {
            "should_render": false
        },
        "min_action": {
            "type": "origins:and",
            "actions": [
                {
                    "type": "origins:set_fall_distance",
                    "fall_distance": 0
                },
                {
                    "type": "origins:execute_command",
                    "command": "power remove @s manhunt:angler/sword/hit"
                }
            ]
        }
    },
    "duration_down": {
        "type": "origins:action_over_time",
        "entity_action": {
            "type": "origins:change_resource",
            "resource": "manhunt:angler/sword/hit_duration",
            "change": -10
        },
        "interval": 10
    },
    "effect": {
        "type": "origins:action_on_callback",
        "entity_action_gained": {
            "type": "origins:and",
            "actions": [
                {
                    "type": "origins:damage",
                    "amount": 1,
                    "damage_type": "minecraft:generic"
                }, 
                {
                    "type": "origins:add_velocity",
                    "y": 1.5
                },
                {
                    "type": "origins:selector_action",
                    "selector": "@a",
                    "bientity_action": {
                        "type": "origins:and",
                        "actions": [
                            {
                                "type": "origins:target_action",
                                "action": {
                                    "type": "origins:change_resource",
                                    "resource": "manhunt:angler/sword/dash_cooldown",
                                    "change": -100
                                }
                            },
                            {
                                "type": "origins:invert",
                                "action": {
                                    "type": "origins:add_velocity",
                                    "z": 1.8
                                }
                            }
                        ]
                    },
                    "bientity_condition": {
                        "type": "origins:target_condition",
                        "condition": {
                            "type": "origins:nbt",
                            "nbt": "{Tags: ['dashing']}"
                        }
                    }
                },
                {
                    "type": "origins:delay",
                    "ticks": 1,
                    "action": {
                        "type": "origins:execute_command",
                        "command": "power remove @s manhunt:angler/sword/hit_effect"
                    }
                }
            ]
        }
    },
    "slow_fall": {
        "type": "origins:modify_falling",
        "velocity": 0.04,
        "take_fall_damage": false
    },
    "hidden": true
}