{
    "type": "origins:multiple",
    "invis": {
        "type": "origins:invisibility",
        "render_armor": false
    },
    "held_item":{
        "type": "origins:prevent_feature_render",
        "features": [
            "armor",
            "held_item"
        ]
    },
    "disable": {
        "type": "origins:action_on_callback",
        "entity_action_gained": {
            "type": "origins:and",
            "actions": [
                {
                    "type": "origins:execute_command",
                    "command": "execute at @p[tag=pierce_shield] run tp @s ^ ^1.5 ^3 facing ~ ~1 ~",
                    "permission_level": 4
                },
                {
                    "type": "origins:selector_action",
                    "selector": "@p[tag=pierce_shield]",
                    "bientity_action": {
                        "type": "origins:and",
                        "actions": [
                            {
                                "type": "origins:damage",
                                "amount": 1,
                                "damage_type": "minecraft:player_attack"
                            },
                            {
                                "type": "origins:target_action",
                                "action":   {
                                    "type": "origins:execute_command",
                                    "command": "tag @s remove pierce_shield",
                                    "permission_level": 4
                                }
                            }
                        ]
                    },
                    "bientity_condition": {
                        "type": "origins:target_condition",
                        "condition": {
                            "type": "origins:and",
                            "conditions": [
                                {
                                    "type": "origins:living"
                                },
                                {
                                    "type": "origins:origin",
                                    "origin": "manhunt:hunter",
                                    "layer": "origins:origin"
                                }
                            ]
                        }
                    }
                },
                {
                    "type": "origins:execute_command",
                    "command": "kill @s",
                    "permission_level": 4
                }
            ]
        }
    }
}