{
    "type": "origins:multiple",
    "shadow": {
        "type": "origins:active_self",
        "entity_action": {
            "type": "origins:and",
            "actions": [
                {
                    "type": "origins:change_resource",
                    "resource": "manhunt:lurker/shadow/shadow_windup",
                    "change": 50
                },
                {
                    "type": "origins:execute_command",
                    "command": "playsound minecraft:block.respawn_anchor.charge player @a ~ ~ ~ 3 0.5"
                }
            ]
        },
        "key": {
            "key": "key.origins.primary_active"
        },
        "cooldown": 500,
        "condition": {
            "type": "origins:power",
            "power": "manhunt:lurker/lurk/lurk_effects",
            "inverted": true
        },
        "hud_render": {
            "sprite_location": "manhunt:textures/bars/lurker/lurker.png",
            "bar_index": 0,
            "should_render": true
        }
    },
    "windup_particles": {
        "type": "origins:action_over_time",
        "entity_action": {
            "type": "origins:and",
            "actions": [
                {
                    "type": "origins:execute_command",
                    "command": "particle minecraft:witch ~ ~1 ~ 0.5 0.5 0.5 0.1 2"
                },
                {
                    "type": "origins:execute_command",
                    "command": "particle dust_color_transition 0.267 0.000 0.471 1 0.302 0.008 0.980 ~ ~1 ~ 0.4 0.4 0.4 1 5 normal"
                },
                {
                    "type": "origins:change_resource",
                    "resource": "manhunt:lurker/shadow/shadow_windup",
                    "change": -3
                }
            ]
        },
        "interval": 2,
        "condition": {
            "type": "origins:resource",
            "resource": "manhunt:lurker/shadow/shadow_windup",
            "comparison": ">",
            "compare_to": 0
        }
    },
    "windup": {
        "type": "origins:resource",
        "min": 0,
        "max": 50,
        "start_value": 0,
        "hud_render": {
            "should_render": false
        },
        "min_action": {
            "type": "origins:and",
            "actions": [
                {
                    "type": "origins:execute_command",
                    "command": "scale set pehkui:visibility 0 @s"
                },
                {
                    "type": "origins:execute_command",
                    "command": "power grant @s manhunt:lurker/shadow/shadow_effects"
                },
                {
                    "type": "origins:execute_command",
                    "command": "playsound minecraft:entity.warden.dig player @a ~ ~ ~ 3 2"
                },
                {
                    "type": "origins:execute_command",
                    "command": "particle minecraft:witch ~ ~1 ~ 0.5 0.5 0.5 0.1 15"
                },
                {
                    "type": "origins:execute_command",
                    "command": "particle minecraft:block crying_obsidian ~ ~1 ~ 0.3 0.4 0.3 0.1 50"
                },
                {
                    "type": "origins:execute_command",
                    "command": "particle dust_color_transition 0.267 0.000 0.471 1 0.302 0.008 0.980 ~ ~1 ~ 0.4 0.4 0.4 0 100 normal"
                }
            ]
        }
    },
    "swirl1": {
        "type": "apugli:energy_swirl",
        "texture_location": "manhunt:textures/swirls/lurker/shadow.png",
        "speed": 0.01,
        "condition": {
            "type": "origins:and",
            "conditions": [
                {
                    "type": "origins:resource",
                    "resource": "manhunt:lurker/shadow/shadow_windup",
                    "comparison": ">=",
                    "compare_to": 40
                },
                {
                    "type": "origins:resource",
                    "resource": "manhunt:lurker/shadow/shadow_windup",
                    "comparison": "<=",
                    "compare_to": 50
                }
            ]
        }
    },
    "swirl2": {
        "type": "apugli:energy_swirl",
        "texture_location": "manhunt:textures/swirls/lurker/shadow.png",
        "speed": 0.02,
        "condition": {
            "type": "origins:and",
            "conditions": [
                {
                    "type": "origins:resource",
                    "resource": "manhunt:lurker/shadow/shadow_windup",
                    "comparison": ">=",
                    "compare_to": 30
                },
                {
                    "type": "origins:resource",
                    "resource": "manhunt:lurker/shadow/shadow_windup",
                    "comparison": "<",
                    "compare_to": 40
                }
            ]
        }
    },
    "swirl3": {
        "type": "apugli:energy_swirl",
        "texture_location": "manhunt:textures/swirls/lurker/shadow.png",
        "speed": 0.04,
        "condition": {
            "type": "origins:and",
            "conditions": [
                {
                    "type": "origins:resource",
                    "resource": "manhunt:lurker/shadow/shadow_windup",
                    "comparison": ">=",
                    "compare_to": 20
                },
                {
                    "type": "origins:resource",
                    "resource": "manhunt:lurker/shadow/shadow_windup",
                    "comparison": "<",
                    "compare_to": 30
                }
            ]
        }
    },
    "swirl4": {
        "type": "apugli:energy_swirl",
        "texture_location": "manhunt:textures/swirls/lurker/shadow.png",
        "speed": 0.08,
        "condition": {
            "type": "origins:and",
            "conditions": [
                {
                    "type": "origins:resource",
                    "resource": "manhunt:lurker/shadow/shadow_windup",
                    "comparison": ">=",
                    "compare_to": 10
                },
                {
                    "type": "origins:resource",
                    "resource": "manhunt:lurker/shadow/shadow_windup",
                    "comparison": "<",
                    "compare_to": 20
                }
            ]
        }
    },
    "swirl5": {
        "type": "apugli:energy_swirl",
        "texture_location": "manhunt:textures/swirls/lurker/shadow.png",
        "speed": 0.16,
        "condition": {
            "type": "origins:and",
            "conditions": [
                {
                    "type": "origins:resource",
                    "resource": "manhunt:lurker/shadow/shadow_windup",
                    "comparison": "<",
                    "compare_to": 10
                },
                {
                    "type": "origins:resource",
                    "resource": "manhunt:lurker/shadow/shadow_windup",
                    "comparison": ">",
                    "compare_to": 0
                }
            ]
        }
    },
    "name": "Void Shift",
    "description": "Tap into the Void and travel distances unnoticed.",
    "badges": [
        {
            "type": "origins:tooltip",
            "sprite": "origins:textures/gui/badge/star.png",
            "text": "§d§lVoid-Shift ⭕§r\n§7Enter a plane of non-existence, becoming §r§eunable§r§7 to interact or be seen by other entities.\n§7In this state, you gain §r§a+60%§r§7 overall Speed, §r§adoubled§r§7 Jump Height, and §r§aimmunity§r§7 to fall damage.\n\n§6🕒§r§7 Windup: §r§f1.2s\n§c🕕§r§7 Duration: §r§f4s\n§e⌛§r§7 Cooldown: §r§f20s\n\n§7§lActive Ability"
        },
        {
            "type": "origins:keybind",
            "sprite": "origins:textures/gui/badge/toggle.png",
            "text": "§7Step into the Void with %s§7 !"
        }
    ]
}