{
    "type": "origins:multiple",
    "duration": {
        "type": "origins:resource",
        "min": 0,
        "max": 30,
        "start_value": 30,
        "hud_render": {
            "should_render": false
        },
        "min_action": {
            "type": "origins:and",
            "actions": [
                {
                    "type": "origins:execute_command",
                    "command": "execute on passengers run kill @s",
                    "permission_level": 4
                },
                {
                    "type": "origins:execute_command",
                    "command": "kill @s",
                    "permission_level": 4
                }
            ]
        }
    },
    "duration_down": {
        "type": "origins:action_over_time",
        "entity_action": {
            "type": "origins:and",
            "actions": [
                {
                    "type": "origins:change_resource",
                    "resource": "manhunt:piglin/aura/anim_duration",
                    "change": -1
                },
                {
                    "type": "origins:execute_command",
                    "command": "tp @s ~ ~0.1 ~ ~20 ~",
                    "permission_level": 4
                },
                {
                    "type": "origins:execute_command",
                    "command": "execute on passengers run data modify entity @s Rotation[0] set from entity @e[limit=1,sort=nearest,tag=rally] Rotation[0]",
                    "permission_level": 4
                }
            ]
        },
        "interval": 1
    }
}