{
    "name": "Grand Arcane: Vanish",
    "description": "\"Studying \"Curse of Vanishing\" has led to... interesting discoveries.\"\nSend forward vanishing energy to teleport yourself forward.",
    "badges": [
        {
            "type": "origins:tooltip",
            "sprite": "origins:textures/gui/badge/star.png",
            "text": "Upon hitting a block, it will trigger the teleport."
        },
        {
            "type": "origins:keybind",
            "sprite": "origins:textures/gui/badge/toggle.png",
            "text": "Vanish with %s!"
        },
        {
            "type": "origins:tooltip",
            "sprite": "manhunt:textures/icons/cooldown.png",
            "text": "Cooldown: 20s"
        }
    ],
    "type": "origins:multiple",
    "slash":{
        "type":"origins:entity_set"
    },
    "activate": {
        "type": "origins:active_self",
        "entity_action": {
            "type": "origins:and",
            "actions": [
                {
                    "type": "origins:execute_command",
                    "command": "playsound minecraft:ui.toast.in player @a ~ ~ ~ 2 1.5",
                    "permission_level": 4
                },
                {
                    "type": "origins:swing_hand",
                    "hand": "MAIN_HAND"
                },
                {
                    "type": "origins:execute_command",
                    "command": "playsound minecraft:entity.camel.dash_ready player @a ~ ~ ~ 2 0.5",
                    "permission_level": 4
                },
                {
                    "type": "origins:spawn_entity",
                    "entity_type": "minecraft:armor_stand",
                    "tag": "{NoGravity:1b,Invulnerable:1b,Marker:1b,Invisible:1b,Tags:[\"vanish\"],Passengers:[{id:\"minecraft:item_display\",view_range:5f,Tags:[\"vanish\"],brightness:{sky:15,block:15},transformation:{left_rotation:[0.7f,0f,0f,0.71f],right_rotation:[0f,0f,0f,1f],translation:[0f,0f,0f],scale:[0.1f,0.1f,0.1f]},item:{id:\"minecraft:lapis_lazuli\",Count:1b,tag:{CustomModelData:1}}}]}",
                    "bientity_action":  {
                        "type": "origins:add_to_set",
                        "set": "manhunt:enchanter/vanish/activate_slash"
                    },
                    "entity_action": {
						"type": "origins:and",
						"actions": [
							{
								"type": "origins:execute_command",
								"command": "power grant @s manhunt:enchanter/vanish/slash",
								"permission_level": 4
							},
                            {
								"type": "origins:execute_command",
								"command": "tp @s ~ ~1 ~",
								"permission_level": 4
							},
							{
								"type": "origins:execute_command",
								"command": "execute on passengers run data modify entity @s Rotation set value [0f,0f]",
								"permission_level": 4
							},
							{
								"type": "origins:execute_command",
								"command": "execute on passengers run data modify entity @s interpolation_duration set value 20",
								"permission_level": 4
							},
							{
								"type": "origins:execute_command",
								"command": "execute on passengers run data modify entity @s transformation.scale set value [5f,5f,1.5f]",
								"permission_level": 4
							},
                            {
								"type": "origins:execute_command",
								"command": "execute on passengers run data modify entity @s start_interpolation set value -1",
								"permission_level": 4
							}
						]
					}
                }
            ]
        },
        "cooldown": 400,
        "key": {
            "key": "key.origins.primary_active",
            "continuous": false
        },
        "hud_render": {
            "should_render": true,
            "bar_index": 1,
            "sprite_location": "manhunt:textures/bars/enchanter/enchanter.png"
        }
    },
    "hidden": false
}