{
    "type": "origins:multiple",
    "keybind": {
        "type": "origins:active_self",
        "entity_action": {
            "type": "origins:trigger_cooldown",
            "power": "manhunt:engineer/scan/scan_keybind"
        },
        "cooldown": 1,
        "hud_render": {
            "should_render": false
        },
        "key": {
            "key": "key.origins.primary_active"
        }
    },
    "activate": {
        "type": "origins:active_self",
        "entity_action": {
            "type": "origins:and",
            "actions": [
                {
                    "type": "origins:execute_command",
                    "command": "power grant @a[tag=runner] manhunt:engineer/scan/scanning"
                }
            ]
        },
        "key": {
            "key": "key.use"
        },
        "cooldown": 1200,
        "hud_render": {
            "sprite_location": "manhunt:textures/engineer.png",
            "bar_index": 1,
            "should_render": true
        },
        "condition":{
            "type": "apugli:key_pressed",
            "key": {
                "key": "key.origins.primary_active",
                "continuous": true
            }
        }
    },
    "name": "Tecto-Scan",
    "description": "Use your Tectonic Scan to upload the location of moving runners.",
    "badges": [
        {
            "type": "origins:tooltip",
            "sprite": "origins:textures/gui/badge/star.png",
            "text": "The scan lasts a few seconds and will signal any moving runners' location."
        },
        {
            "type": "origins:keybind",
            "sprite": "origins:textures/gui/badge/toggle.png",
            "text": "Hold %s and press Left Click to deploy the scan!"
        },
        {
            "type": "origins:tooltip",
            "sprite": "manhunt:textures/icons/cooldown.png",
            "text": "Cooldown: 1m"
        }
    ]
}