{
    "type": "origins:multiple",
    "create_orbs": {
        "type": "origins:active_self",
        "entity_action": {
            "type": "origins:and",
            "actions": [
                {
                    "type": "origins:execute_command",
                    "command": "playsound minecraft:entity.evoker.prepare_summon player @a ~ ~ ~ 1 2",
                    "permission_level": 4
                },
                {
                    "type": "origins:change_resource",
                    "resource": "manhunt:hecatomb/hemo/surge_cooldown",
                    "change": 0,
                    "operation": "set"
                },
                {
                    "type": "origins:change_resource",
                    "resource": "manhunt:hecatomb/hemo/surge_duration",
                    "change": 400,
                    "operation": "set"
                },
                {
                    "type": "origins:spawn_entity",
                    "entity_type": "minecraft:armor_stand",
                    "tag": "{Silent:1b,Invulnerable:1b,Marker:1b,Invisible:1b,Tags:[\"blood_orb_left\"],Passengers:[{id:\"minecraft:item_display\",Tags:[\"blood_orb_left\"],brightness:{sky:15,block:15},transformation:{left_rotation:[0f,0f,0f,1f],right_rotation:[0f,0f,0f,1f],translation:[0f,0f,0f],scale:[0.35f,0.35f,0.35f]},item:{id:\"minecraft:redstone_block\",Count:1b}}]}",
                    "bientity_action": {
                        "type": "origins:and",
                        "actions": [
                            {
                                "type": "origins:add_to_set",
                                "set": "manhunt:hecatomb/hemo/surge_left_orb"
                            },
                            {
                                "type": "origins:invert",
                                "action": {
                                    "type": "origins:mount"
                                }
                            }
                        ]
                    },
                    "entity_action": {
                        "type": "origins:and",
                        "actions": [
                            {
                                "type": "origins:execute_command",
                                "command": "data modify entity @s Rotation set value [0f,0f]",
                                "permission_level": 4
                            },
                            {
                                "type": "origins:execute_command",
                                "command": "execute on passengers run data modify entity @s Rotation set value [0f,0f]",
                                "permission_level": 4
                            },
                            {
                                "type": "origins:execute_command",
                                "command": "power grant @s manhunt:hecatomb/hemo/orb_left",
                                "permission_level": 4
                            }
                        ]
                    }
                },
                {
                    "type": "origins:spawn_entity",
                    "entity_type": "minecraft:armor_stand",
                    "tag": "{Silent:1b,Invulnerable:1b,Marker:1b,Invisible:1b,Tags:[\"blood_orb_right\"],Passengers:[{id:\"minecraft:item_display\",Tags:[\"blood_orb_right\"],brightness:{sky:15,block:15},transformation:{left_rotation:[0f,0f,0f,1f],right_rotation:[0f,0f,0f,1f],translation:[0f,0f,0f],scale:[0.35f,0.35f,0.35f]},item:{id:\"minecraft:redstone_block\",Count:1b}}]}",
                    "bientity_action": {
                        "type": "origins:and",
                        "actions": [
                            {
                                "type": "origins:add_to_set",
                                "set": "manhunt:hecatomb/hemo/surge_right_orb"
                            },
                            {
                                "type": "origins:invert",
                                "action": {
                                    "type": "origins:mount"
                                }
                            }
                        ]
                    },
                    "entity_action": {
                        "type": "origins:and",
                        "actions": [
                            {
                                "type": "origins:execute_command",
                                "command": "data modify entity @s Rotation set value [0f,0f]",
                                "permission_level": 4
                            },
                            {
                                "type": "origins:execute_command",
                                "command": "execute on passengers run data modify entity @s Rotation set value [0f,0f]",
                                "permission_level": 4
                            },
                            {
                                "type": "origins:execute_command",
                                "command": "power grant @s manhunt:hecatomb/hemo/orb_right",
                                "permission_level": 4
                            }
                        ]
                    }
                }
            ]
        },
        "cooldown": 2,
        "hud_render": {
            "should_render": false
        },
        "key": {
            "key": "key.origins.secondary_active"
        },
        "condition": {
            "type": "origins:and",
            "conditions": [
                {
                    "type": "origins:resource",
                    "resource": "manhunt:hecatomb/flowing_cooldown",
                    "compare_to": 1800,
                    "comparison": "=="
                },
                {
                    "type": "origins:set_size",
                    "set": "manhunt:hecatomb/hemo/surge_left_orb",
                    "comparison": "==",
                    "compare_to": 0
                },
                {
                    "type": "origins:set_size",
                    "set": "manhunt:hecatomb/hemo/surge_right_orb",
                    "comparison": "==",
                    "compare_to": 0
                }
            ]
        }
    },
    "cooldown": {
        "type": "origins:resource",
        "min": 0,
        "max": 1800,
        "start_value": 1800,
        "hud_render": {
            "should_render": true,
            "bar_index": 5,
            "sprite_location": "origins:textures/gui/community/spiderkolo/resource_bar_01.png",
            "condition": {
                "type": "origins:and",
                "conditions": [
                    {
                        "type": "origins:set_size",
                        "set": "manhunt:hecatomb/hemo/surge_right_orb",
                        "comparison": "==",
                        "compare_to": 0
                    },
                    {
                        "type": "origins:set_size",
                        "set": "manhunt:hecatomb/hemo/surge_left_orb",
                        "comparison": "==",
                        "compare_to": 0
                    },
                    {
                        "type": "origins:resource",
                        "resource": "manhunt:hecatomb/flowing_cooldown",
                        "compare_to": 1800,
                        "comparison": "<"
                    }
                ]
            }
        }
    },
    "cooldown_down": {
        "type": "origins:action_over_time",
        "entity_action": {
            "type": "origins:change_resource",
            "resource": "manhunt:hecatomb/flowing_cooldown",
            "change": 10
        },
        "interval": 10,
        "condition": {
            "type": "origins:and",
            "conditions": [
                {
                    "type": "origins:set_size",
                    "set": "manhunt:hecatomb/hemo/surge_right_orb",
                    "comparison": "==",
                    "compare_to": 0
                },
                {
                    "type": "origins:set_size",
                    "set": "manhunt:hecatomb/hemo/surge_left_orb",
                    "comparison": "==",
                    "compare_to": 0
                },
                {
                    "type": "origins:resource",
                    "resource": "manhunt:hecatomb/flowing_cooldown",
                    "compare_to": 1800,
                    "comparison": "<"
                }
            ]
        }
    },
    "name": "Superfluity",
    "description": "The ground shakes as the blood emerges and leaves those to bleed.",
    "badges": [
        {
            "type": "origins:tooltip",
            "sprite": "origins:textures/gui/badge/star.png",
            "text": "§4§lSuperfluity 🌊§r\n§7You can conjure two blood orbs §7without§r§7 having to use your own health!\n§r§8(This has a cooldown)§r\n\n§e⌛§r§7 Cooldown: §r§f1m30s§r§8 (Upon Activation)\n\n§7§lActive Ability"
        },
        {
            "type": "origins:tooltip",
            "sprite": "origins:textures/gui/badge/toggle.png",
            "text": [
                "§7Press §r[",
                {
                    "keybind": "key.origins.primary_active"
                },
                "]§7 to create two blood orbs for free!"
            ]
        }
    ]
}