{
    "type": "origins:multiple",
    "duration": {
        "type": "origins:resource",
        "min": 0,
        "max": 50,
        "start_value": 50,
        "hud_render": {
            "should_render": false
        },
        "min_action": {
            "type": "origins:execute_command",
            "command": "kill @s"
        }
    },
    "duration_down": {
        "type": "origins:action_over_time",
        "entity_action": {
            "type": "origins:change_resource",
            "resource": "manhunt:guardian/meteor/particles_duration",
            "change": -10
        },
        "interval": 10
    },
    "rotate": {
        "type": "origins:action_over_time",
        "entity_action": {
            "type": "origins:and",
            "actions": [
                {
                    "type": "origins:execute_command",
                    "command": "tp @s ~ ~0.3 ~ ~12 ~1.7"
                },
                {
                    "type": "origins:execute_command",
                    "command": "particle minecraft:end_rod ^ ^ ^1.5 0 0 0 0 1 force @a"
                },
                {
                    "type": "origins:execute_command",
                    "command": "particle minecraft:end_rod ^ ^ ^-1.5 0 0 0 0 1 force @a"
                }
            ]
        },
        "interval": 1
    }
}