{
    "type": "origins:multiple",
    "tp": {
        "type": "origins:active_self",
        "entity_action": {
            "type": "origins:and",
            "actions": [
                {
                    "type": "origins:spawn_entity",
                    "entity_type": "minecraft:armor_stand",
                    "tag": "{Invulnerable:1b,Marker:1b,Invisible:1b,Tags:[\"lurk\"]}",
                    "entity_action": {
                        "type": "origins:and",
                        "actions": [
                            {
                                "type": "origins:execute_command",
                                "command": "execute store result score @s lurk run data get entity @s UUID[0] 1",
                                "permission_level": 4
                            },
                            {
                                "type": "origins:execute_command",
                                "command": "execute store result score @p lurk run data get entity @s UUID[0] 1",
                                "permission_level": 4
                            }
                        ]
                    }
                },
                {
                    "type": "origins:execute_command",
                    "command": "execute as @a[tag=runner] if score @s runners = @p tracking run tp @p @s"
                },
                {
                    "type": "origins:execute_command",
                    "command": "power grant @s manhunt:lurk_effects"
                },
                {
                    "type": "origins:execute_command",
                    "command": "power grant @a[tag=runner] manhunt:stop_forceload"
                },
                {
                    "type": "origins:execute_command",
                    "command": "forceload add ~ ~ ~ ~",
                    "permission_level": 4
                }
            ]
        },
        "key": {
            "key": "key.origins.primary_active"
        },
        "cooldown": 3600,
        "hud_render": {
            "sprite_location": "origins:textures/gui/community/spiderkolo/resource_bar_02.png",
            "bar_index": 7,
            "should_render": true
        }
    },
    "name": "§l§nThe Watching Eye",
    "description": "By sneaking, you can charge your lurking ability. Once fully charged, you can use your primary ability key to teleport to the Runner, unable to do anything. The Runner will not be able to interact with you, but they will be able to notice your presence. After 10 seconds of gathering information, you will be teleported back to where the abiltiy was casted."
}