{
    "type": "origins:modify_air_speed",
    "modifier": {
        "operation": "multiply_total",
        "value": 0.5
    },
    "condition": {
        "type":"origins:and",
        "conditions":[{
        "type": "origins:daytime",
        "inverted": true
    },
    {
        "type": "origins:exposed_to_sky"
        }
    ]
},
"name": "Shadow Hunter",
	"description": "During night, you are much more faster, helping you follow your prey. But, during the day, you get slowed heavily."
} 