{
    "type": "origins:multiple",

        "shadow": {
                "type": "origins:active_self",
                "entity_action": {
                    "type": "origins:and",
                    "actions": [
                        {
                            "type": "origins:execute_command",
                            "command": "power grant @s manhunt:shadow_effects"
                        },
                        {
                            "type": "origins:execute_command",
                            "command": "execute at @s run particle minecraft:campfire_cosy_smoke ~ ~ ~ 0.2 0.2 0.2 0.1 200 normal"
                        },
                        {
                            "type": "origins:execute_command",
                            "command": "execute at @s run particle minecraft:campfire_cosy_smoke ~ ~ ~ 0.2 0.2 0.2 0.1 200 normal"
                        }
                    ]
                    },
                "key": {
                    "key": "key.origins.secondary_active"
                },
        "cooldown": 600,
        "hud_render": {
            "sprite_location": "origins:textures/gui/community/spiderkolo/resource_bar_01.png",
            "bar_index": 24,
            "should_render": true
        }   
        },
        "name":"§l§nShadowy Cloud",
        "description":"Using the secondary ability key, you can quickly turn into a shadow, becoming invisible and invincible for a few seconds."
    }