{
    "type": "origins:multiple",
    "prevent": {
        "type": "origins:prevent_sleep",
        "message": "Sleep was never your thing, huh."
    },
    "name": "Insomniac",
    "description": "You're plagued by chronic insomnia, preventing you from sleeping in a bed.",
    "badges": [
        {
            "type": "origins:tooltip",
            "sprite": "origins:textures/gui/badge/star.png",
            "text": "§c§lInsomniac ✗§r\n§7You §r§ccannot§r§7 rest in a Bed.\n\n§7§lPassive Ability"
        }
    ]
}