{
    "type": "origins:multiple",
    "resource": {
        "type": "origins:resource",
        "min": 0,
        "max": 2,
        "start_value": 0,
        "hud_render": {
            "should_render": true,
            "sprite_location": "origins:textures/gui/community/huang/resource_bar_02.png",
            "bar_index": 0
        }
    },
    "add_resource": {
        "type": "origins:action_over_time",
        "entity_action": {
            "type": "origins:change_resource",
            "resource": "manhunt:bomber/cannon_resource",
            "change": 1
        },
        "interval": 3600
    },
    "use": {
        "type": "origins:action_on_entity_use",
        "bientity_action": {
            "type": "origins:and",
            "actions": [
                {
                    "type": "origins:target_action",
                    "action": {
                        "type": "origins:and",
                        "actions": [
                            {
                                "type": "origins:execute_command",
                                "command": "power grant @s manhunt:cannon_boom"
                            }
                        ]
                    }
                },
                {
                    "type": "origins:actor_action",
                    "action": {
                        "type": "origins:and",
                        "actions": [
                            {
                                "type": "origins:change_resource",
                                "resource": "manhunt:cannon_charge_resource",
                                "change": -1
                            }
                        ]
                    }
                }
            ]
        },
        "bientity_condition": {
            "type": "origins:and",
            "conditions": [
                {
                    "type": "origins:target_condition",
                    "condition": {
                        "type": "origins:power_type",
                        "power_type": "manhunt:hunter_effects"
                    }
                },
                {
                    "type": "origins:actor_condition",
                    "condition": {
                        "type": "origins:resource",
                        "resource": "manhunt:bomber/cannon_resource",
                        "comparison": ">=",
                        "compare_to": 1
                    }
                }
            ]
        },
        "hands": [
            "main_hand"
        ],
        "condition": {
            "type": "origins:sneaking"
        }
    },
    "name": "§l§nCANNONBALL",
    "description": "Every three minutes, you'll be granted a TNT Cannon Pack that you can equip onto a teammate by sneaking and right-clicking a hunter. After 5 seconds, they'll be launched wherever they look."
}