{
    "type": "origins:active_self",
    "entity_action": {
        "type": "origins:and",
        "actions": [
            {
                "type": "origins:execute_command",
                "command": "summon armor_stand ~ ~ ~ {NoGravity:0b,Glowing:0b,Small:0b,Invisible:1b,NoBasePlate:1b,Motion:[0.0,0.5,0.0],Tags:[\"flash\"],Passengers:[{id:\"minecraft:eye_of_ender\",Glowing:1b,Tags:[\"eye\"],Item:{id:\"minecraft:music_disc_far\",Count:1b,tag:{Enchantments:[{}]}}}]}",
                "permission_level": 4
            },
            {
                "type": "origins:execute_command",
                "command": "playsound minecraft:block.amethyst_cluster.hit player @s ~ ~ ~ 4 0.5",
                "permission_level": 4
            },
            {
                "type": "origins:delay",
                "ticks": 20,
                "action": {
                    "type": "origins:and",
                    "actions": [
                        {
                            "type": "origins:execute_command",
                            "command": "power grant @e[limit=1,sort=nearest,tag=flash] manhunt:flash_bang",
                            "permission_level": 4
                        }
                    ]
                }
            }
        ]
    },
    "cooldown": 1200,
    "hud_render": {
        "should_render": true,
        "sprite_location": "origins:textures/gui/community/spiderkolo/resource_bar_01.png",
        "bar_index": 0
    },
    "key": {
        "key": "key.origins.secondary_active"
    },
    "name": "§l§nFlash",
    "description": "Pressing the main ability key will launch a bomb that will blind any player in a 12 block radius (except the bomber themselves)"
}