{
    "type": "origins:multiple",
    "slower":{
        "type": "origins:modify_swim_speed",
        "modifier": {
            "operation": "addition",
            "value": -0.5
        }
    },
    "name": "Heavy",
    "description": "Carrying numerous explosives has it's downsides in water.",
    "badges": [
        {
            "type": "origins:tooltip",
            "sprite": "origins:textures/gui/badge/star.png",
            "text": "Heavy: -50% Swim speed"
        }
    ]
}