{
    "type": "origins:multiple",
    "activate": {
        "type": "origins:active_self",
        "entity_action": {
            "type": "origins:and",
            "actions": [
                {
                    "type": "origins:execute_command",
                    "command": "power grant @s manhunt:kamikaze1"
                },
                {
                    "type": "origins:execute_command",
                    "command": "execute at @s run particle minecraft:flame ~ ~ ~ 0.2 0 0.2 0.3 200 normal"
                },
                {
                    "type": "origins:execute_command",
                    "command": "execute at @s run particle minecraft:campfire_cosy_smoke ~ ~ ~ 0.2 0.2 0.2 0.1 200 normal"
                }
            ]
        },
        "key": {
            "key": "key.origins.primary_active"
        },
        "cooldown": 6000,
        "hud_render": {
            "sprite_location": "origins:textures/gui/community/huang/resource_bar_02.png",
            "bar_index": 2,
            "should_render": true
        }
    },
    "name": "§l§nKamikaze",
    "description": "Pressing your main ability key will start a countdown and after a bit, you will explode, hurting yourself in the process (No Health Insurance Included)."
}