{
    "type": "origins:multiple",
    "fall": {
        "type": "origins:modify_damage_taken",
        "damage_condition": {
            "type": "origins:in_tag",
            "tag": "minecraft:is_fall"
        },
        "modifier": {
            "name": "Brittle bones",
            "operation": "multiply_total",
            "value": 0.5
        }
    },
    "name": "Brittle Little Bones",
    "description": "You hate being bludgeoned to death and falling is just glorified bludgeoning.",
    "badges": [
        {
            "type": "origins:tooltip",
            "sprite": "origins:textures/gui/badge/star.png",
            "text": "You take §l§c50%§r more fall damage."
        }
    ]
}