{
    "type": "origins:multiple",
    "dolphin": {
        "type": "origins:entity_glow",
        "red": 0,
        "green": 0.7,
        "blue": 1,
        "entity_condition": {
            "type": "origins:entity_type",
            "entity_type": "minecraft:dolphin"
        },
        "bientity_condition": {
            "type": "origins:distance",
            "comparison": "<=",
            "compare_to": 48
        }
    },
    "vision": {
        "type": "origins:night_vision",
        "strength": 0.5,
        "condition": {
            "type": "origins:submerged_in",
            "fluid": "minecraft:water"
        }
    },
    "name": "Ocean Eyes",
    "description": "Your eyes have adapted to the marvels of the Ocean.",
    "badges": [
        {
            "type": "origins:tooltip",
            "sprite": "minecraft:textures/mob_effect/dolphins_grace.png",
            "text": "§b§lOcean Eyes 👁§r§7\nDolphins in a §r§e48§r§7 block radius glow and you have better underwater vision.\n\n§7§lPassive Ability"
        }
    ]
}