{
    "type": "origins:multiple",
    "create_book": {
        "type": "origins:item_on_item",
        "on_item_condition": {
            "type": "origins:ingredient",
            "ingredient": {
                "item": "minecraft:book"
            }
        },
        "using_item_condition": {
            "type": "origins:and",
            "conditions": [
                {
                    "type": "origins:ingredient",
                    "ingredient": {
                        "item": "minecraft:amethyst_shard"
                    }
                },
                {
                    "type": "origins:nbt",
                    "nbt": "{Tags:[\"enchanter_stone\"]}"
                }
            ]
        },
        "entity_action": {
            "type": "origins:and",
            "actions": [
                {
                    "type": "origins:execute_command",
                    "command": "give @s enchanted_book{CustomModelData:1,Tags:[\"glass_book\"],display:{Lore:['[{\"text\":\"Glass Shield I\",\"italic\":false,\"color\":\"gray\"}]']},Enchantments:[{}]} 1"
                },
                {
                    "type": "origins:execute_command",
                    "command": "particle minecraft:dust_color_transition 0.1 0 0.9 1.2 0.5 0 1 ~ ~1 ~ 0.4 0.4 0.4 1 30"
                },
                {
                    "type": "origins:execute_command",
                    "command": "particle minecraft:enchanted_hit ~ ~1 ~ 0 0 0 1 10"
                },
                {
                    "type": "origins:execute_command",
                    "command": "playsound minecraft:entity.player.levelup player @a ~ ~1 ~ 3 2"
                }
            ]
        },
        "click_type": "secondary",
        "on_item_action": {
            "type": "origins:consume",
            "amount": 1
        },
        "condition": {
            "type": "origins:xp_points",
            "comparison": ">=",
            "compare_to": 55
        }
    },
    "apply_level1": {
        "type": "origins:item_on_item",
        "on_item_condition": {
            "type": "origins:ingredient",
            "ingredient": {
                "tag": "manhunt:chestplates"
            }
        },
        "using_item_condition": {
            "type": "origins:and",
            "conditions": [
                {
                    "type": "origins:ingredient",
                    "ingredient": {
                        "item": "minecraft:enchanted_book"
                    }
                },
                {
                    "type": "origins:nbt",
                    "nbt": "{Tags:[\"glass_book\"]}"
                }
            ]
        },
        "entity_action": {
            "type": "origins:and",
            "actions": [
                {
                    "type": "origins:execute_command",
                    "command": "particle minecraft:dust_color_transition 0.1 0 0.9 1.2 0.5 0 1 ~ ~1 ~ 0.4 0.4 0.4 1 30"
                },
                {
                    "type": "origins:execute_command",
                    "command": "particle minecraft:enchanted_hit ~ ~1 ~ 0 0 0 1 10"
                },
                {
                    "type": "origins:execute_command",
                    "command": "playsound minecraft:entity.player.levelup player @a ~ ~1 ~ 3 2"
                }
            ]
        },
        "click_type": "primary",
        "using_item_action": {
            "type": "origins:consume",
            "amount": 1
        },
        "on_item_action": {
            "type": "origins:modify",
            "modifier": "manhunt:enchanter/glass"
        }
    },
    "name": "Arcane: Glass Shield",
    "description": "\"This crystal's structure is quite interesting... Wonder if I can do something with it.\"",
    "badges": [
        {
            "type": "origins:tooltip",
            "sprite": "manhunt:textures/item/enchanter_book.png",
            "text": [
                "§f§lArcane: Glass Shield ⛨§r§7\nWhilst in your inventory, §nhover§r§7 with the stone and press §r[",
                {
                    "keybind": "key.use"
                },
                "]§7 to create a §r§fGlass Shield§r§7 book.\nThis book can be applied to §r§echestplates§r§7 by pressing §r[",
                {
                    "keybind": "key.attack"
                },
                "]§7 ontop of the chestplate.\n\n§7§lPassive Ability"
            ]
        },
        {
            "type": "origins:tooltip",
            "sprite": "origins:textures/gui/badge/star.png",
            "text": [
                "§7Hunters with §r§fGlass Shield§r§7 can survive a §r§efatal hit§r§7 at the cost of the chestplate's durability.\n\n§r§8(Taking a fatal hit removes the enchantment and heals you 3 HP)"
            ]
        }
    ]
}