{
    "type": "origins:multiple",
    "duration":{
        "type": "origins:resource",
        "min": 0,
        "max": 300,
        "start_value": 0,
        "hud_render": {
            "should_render": false
        }
    },
    "duration_down": {
        "type": "origins:action_over_time",
        "entity_action": {
            "type": "origins:change_resource",
            "resource": "manhunt:falconer/sneaky_duration",
            "change": -1
        },
        "interval": 1
    },
    "no_footsteps":{
        "type": "apugli:custom_footstep",
        "muted": true,
        "condition": {
            "type": "origins:resource",
            "resource": "manhunt:falconer/sneaky_duration",
            "comparison": ">",
            "compare_to": 0
        }
    },
    "model":{
        "type": "origins:model_color",
        "alpha": 0.1,
        "condition": {
            "type": "origins:resource",
            "resource": "manhunt:falconer/sneaky_duration",
            "comparison": ">",
            "compare_to": 0
        }
    },
    "label":{
        "type": "eggolib:modify_label_render",
        "render_mode": "hide_completely",
        "condition": {
            "type": "origins:resource",
            "resource": "manhunt:falconer/sneaky_duration",
            "comparison": ">",
            "compare_to": 0
        }
    },
    "speed":{
        "type": "origins:conditioned_attribute",
        "modifier": {
            "attribute": "minecraft:generic.movement_speed",
            "operation": "multiply_base",
            "value": 0.25,
            "name": "Increased sprinting speed"
        },
        "tick_rate": 5,
        "condition": {
            "type": "origins:resource",
            "resource": "manhunt:falconer/sneaky_duration",
            "comparison": ">",
            "compare_to": 0
        }
    },
    "air_speed":{
        "type": "origins:modify_air_speed",
        "modifier": {
            "operation": "multiply_base",
            "value": 0.25
        },
        "condition": {
            "type": "origins:resource",
            "resource": "manhunt:falconer/sneaky_duration",
            "comparison": ">",
            "compare_to": 0
        }
    },
    "use": {
        "type": "origins:active_self",
        "entity_action": {
            "type": "origins:and",
            "actions": [
                {
                    "type": "origins:change_resource",
                    "resource": "manhunt:falconer/sneaky_duration",
                    "change": 300
                },
                {
                    "type": "origins:execute_command",
                    "command": "particle minecraft:dust_color_transition 0.5 0.5 0.5 3 0.1 0.1 0.1 ~ ~1 ~ 0.4 0.4 0.4 0 100",
                    "permission_level": 4
                },
                {
                    "type": "origins:execute_command",
                    "command": "particle minecraft:large_smoke ~ ~1 ~ 0 0 0 0.2 40",
                    "permission_level": 4
                },
                {
                    "type": "origins:execute_command",
                    "command": "playsound minecraft:entity.illusioner.mirror_move player @a ~ ~ ~ 1 2",
                    "permission_level": 4
                }
            ]
        },
        "cooldown": 1200,
        "key": "key.origins.secondary_active",
        "hud_render": {
            "should_render": true,
            "sprite_location": "origins:textures/gui/community/spiderkolo/resource_bar_03.png",
            "bar_index": 14
        }
    },
    "name": "Sneaky Steps",
    "description": "Your true focus allows you to become so sneaky people forget you're even there.",
    "badges": [
        {
            "type": "origins:tooltip",
            "sprite": "origins:textures/gui/badge/star.png",
            "text": "Sneaky: Your footsteps are completely muted and you're quasi-invisible.\nYou are also slightly quicker."
        },
        {
            "type": "origins:keybind",
            "sprite": "origins:textures/gui/badge/toggle.png",
            "text": "Go sneaky with %s!"
        },
        {
            "type": "origins:tooltip",
            "sprite": "manhunt:textures/icons/cooldown.png",
            "text": "Cooldown: 1m"
        }
    ]
}