{
    "type": "origins:multiple",
    "duration": {
        "type": "origins:resource",
        "min": 0,
        "max": 300,
        "start_value": 0,
        "hud_render": {
            "should_render": false
        }
    },
    "duration_down": {
        "type": "origins:action_over_time",
        "entity_action": {
            "type": "origins:change_resource",
            "resource": "manhunt:falconer/sneaky_duration",
            "change": -1
        },
        "interval": 1
    },
    "no_footsteps": {
        "type": "apugli:custom_footstep",
        "muted": true,
        "condition": {
            "type": "origins:resource",
            "resource": "manhunt:falconer/sneaky_duration",
            "comparison": ">",
            "compare_to": 0
        }
    },
    "invis": {
        "type": "origins:invisibility",
        "render_armor": false,
        "condition": {
            "type": "origins:resource",
            "resource": "manhunt:falconer/sneaky_duration",
            "comparison": ">",
            "compare_to": 0
        }
    },
    "cancel": {
        "type": "origins:active_self",
        "entity_action": {
            "type": "origins:and",
            "actions": [
                {
                    "type": "origins:change_resource",
                    "resource": "manhunt:falconer/sneaky_duration",
                    "change": 0,
                    "operation": "set"
                },
                {
                    "type": "origins:execute_command",
                    "command": "particle minecraft:dust_color_transition 0.5 0.5 0.5 3 0.1 0.1 0.1 ~ ~1 ~ 0.4 0.4 0.4 0 100",
                    "permission_level": 4
                },
                {
                    "type": "origins:execute_command",
                    "command": "particle minecraft:large_smoke ~ ~1 ~ 0 0 0 0.2 40",
                    "permission_level": 4
                },
                {
                    "type": "origins:execute_command",
                    "command": "playsound minecraft:entity.illusioner.mirror_move player @a ~ ~ ~ 1 2",
                    "permission_level": 4
                }
            ]
        },
        "cooldown": 4,
        "condition": {
            "type": "origins:resource",
            "resource": "manhunt:falconer/sneaky_duration",
            "comparison": ">",
            "compare_to": 0
        },
        "key": "key.origins.secondary_active",
        "hud_render": {
            "should_render": false
        }
    },
    "use": {
        "type": "origins:active_self",
        "entity_action": {
            "type": "origins:and",
            "actions": [
                {
                    "type": "origins:change_resource",
                    "resource": "manhunt:falconer/sneaky_duration",
                    "change": 300
                },
                {
                    "type": "origins:execute_command",
                    "command": "particle minecraft:dust_color_transition 0.5 0.5 0.5 3 0.1 0.1 0.1 ~ ~1 ~ 0.4 0.4 0.4 0 100",
                    "permission_level": 4
                },
                {
                    "type": "origins:execute_command",
                    "command": "particle minecraft:large_smoke ~ ~1 ~ 0 0 0 0.2 40",
                    "permission_level": 4
                },
                {
                    "type": "origins:execute_command",
                    "command": "playsound minecraft:entity.illusioner.mirror_move player @a ~ ~ ~ 1 2",
                    "permission_level": 4
                }
            ]
        },
        "cooldown": 1800,
        "key": "key.origins.secondary_active",
        "hud_render": {
            "should_render": true,
            "sprite_location": "origins:textures/gui/community/spiderkolo/resource_bar_03.png",
            "bar_index": 14
        }
    },
    "hit": {
        "type": "origins:modify_damage_dealt",
        "condition": {
            "type": "origins:resource",
            "resource": "manhunt:falconer/sneaky_duration",
            "comparison": ">",
            "compare_to": 0
        },
        "bientity_action": {
            "type": "origins:actor_action",
            "action": {
                "type": "origins:change_resource",
                "resource": "manhunt:falconer/sneaky_duration",
                "change": -300
            }
        },
        "modifier": {
            "name": "Less damage",
            "operation": "multiply_base",
            "value": -0.5
        }
    },
    "name": "Sneaky Steps",
    "description": "Your true focus allows you to become so sneaky people forget you're even there.",
    "badges": [
        {
            "type": "origins:tooltip",
            "sprite": "minecraft:textures/item/feather.png",
            "text": "§8§lSneaky Steps 🥷§r§7\nUsing the ability makes you §r§efully invisible§r§7 and §r§emutes§r§7 your footsteps.\n§r§8(Dealing melee damage cancels the ability and the hit itself does -50% damage)§r\n\n§r§c🕕§r§7 Duration: §r§f15s§r§8 (Upon activation)\n§e⌛§r§7 Cooldown: §r§f1m30s§r§8\n\n§7§lActive Ability"
        },
        {
            "type": "origins:keybind",
            "sprite": "origins:textures/gui/badge/toggle.png",
            "text": "§7Go sneaky with §r%s§7!"
        }
    ]
}