{
	"powers": [
		"manhunt:captain/blunderbuss",
		"manhunt:captain/trained/trained",
		"manhunt:captain/bunker",
		"manhunt:captain/craft",
		"manhunt:captain/nether",
		"manhunt:captain/rascal"
	],
	"icon": {
		"item": "minecraft:crossbow",
		"tag": "{Enchantments:[{}],Charged:1b,CustomModelData:1}"
	},
	"order": 10,
	"impact": 2,
	"name": "Captain",
	"description": "       [§eASSISTANCE ✦§r]\nA pirate made for the sea, trained to the point of leadership... also known as leader of the ship."
}
