{
	"powers": [
		"manhunt:ritualist/sacrifice",
		"manhunt:ritualist/ritual/ritual",
		"manhunt:ritualist/wrath/wrath",
		"manhunt:ritualist/soul_teleport",
		"manhunt:ritualist/soulfeed",
		"manhunt:ritualist/smite",
		"origins:nine_lives"
	],
	"icon": {
		"item": "minecraft:cyan_dye",
		"tag": "{Enchantments:[{}],CustomModelData:2}"
	},
	"order": 10,
	"impact": 1,
	"name": "Ritualist",
	"description": "          [§cRIVALS ✘§r]\nWith an inner connection to souls of the deceased, the Ritualist takes advantage of them for a plethora of utilities. A jack of all trades, but it requires effort."
}
