{
	"powers": [
		"manhunt:survivalist/hookshot",
		"manhunt:survivalist/pouch",
		"manhunt:survivalist/supply/supply",
        "manhunt:survivalist/gatherfast",
		"manhunt:survivalist/explorer_weakness",
		"origins:nine_lives",
		"manhunt:survivalist/fod"
	],
	"icon": {
		"item": "minecraft:crafting_table",
		"tag": "{Enchantments:[{}],CustomModelData:1}"
	},
	"order": 10,
	"impact": 2,
	"name": "Survivalist",
	"description": "       [§eASSISTANCE ✦§r]\nYou are the most resourceful of the group. With your experience in the wild, you've mastered the abilty to gather and keep resources well."
}
