{
    "type": "origins:multiple",
    "cooldown": {
        "type": "origins:resource",
        "min": 0,
        "max": 900,
        "start_value": 900,
        "hud_render": {
            "should_render": true,
            "bar_index": 1,
            "sprite_location": "manhunt:textures/bars/angler/angler.png",
            "condition": {
                "type": "origins:resource",
                "resource": "manhunt:angler/sword/transfish_cooldown",
                "comparison": "<",
                "compare_to": 900
            }
        }
    },
    "cooldown_up": {
        "type": "origins:action_over_time",
        "entity_action": {
            "type": "origins:change_resource",
            "resource": "manhunt:angler/sword/transfish_cooldown",
            "change": 1
        },
        "interval": 1,
        "condition": {
            "type": "origins:inventory",
            "process_mode": "items",
            "item_condition": {
                "type": "origins:and",
                "conditions": [
                    {
                        "type": "origins:ingredient",
                        "ingredient": {
                            "item": "minecraft:iron_sword"
                        }
                    },
                    {
                        "type": "origins:nbt",
                        "nbt": "{Tags:[\"swordfish\"]}"
                    }
                ]
            },
            "comparison": "<",
            "compare_to": 1
        }
    },
    "activate": {
        "type": "origins:active_self",
        "entity_action": {
            "type": "origins:and",
            "actions": [
                {
                    "type": "origins:execute_command",
                    "command": "item replace entity @s weapon.mainhand with iron_sword{display:{Name:'[\"\",{\"text\":\"Sword\",\"italic\":false},{\"text\":\"Fish\",\"italic\":false,\"color\":\"blue\"}]',Lore:['[\"\"]','[\"\",{\"text\":\"When in Main Hand:\",\"italic\":false,\"color\":\"gray\"}]','[\"\",{\"text\":\" \",\"italic\":false},{\"text\":\"3 Attack Damage\",\"italic\":false,\"color\":\"aqua\"}]','[\"\",{\"text\":\" \",\"italic\":false},{\"text\":\"1.1 Attack Speed\",\"italic\":false,\"color\":\"aqua\"}]']},Enchantments:[{}],RepairCost:9999,CustomModelData:1,Tags:[\"swordfish\"],HideFlags:2} 1"
                },
                {
                    "type": "origins:change_resource",
                    "resource": "manhunt:angler/sword/transfish_cooldown",
                    "change": -900
                },
                {
                    "type": "origins:execute_command",
                    "command": "particle minecraft:dust_color_transition 0.8 0.8 0.8 1 0 0.6 1 ~ ~1 ~ 0.3 0.3 0.3 1 100"
                },
                {
                    "type": "origins:execute_command",
                    "command": "playsound minecraft:entity.axolotl.idle_water player @a ~ ~1 ~ 2 0.5"
                },
                {
                    "type": "origins:execute_command",
                    "command": "playsound minecraft:item.axe.scrape player @a ~ ~1 ~ 2 2"
                }
            ]
        },
        "condition": {
            "type": "origins:and",
            "conditions": [
                {
                    "type": "origins:resource",
                    "resource": "manhunt:angler/sword/transfish_cooldown",
                    "comparison": "==",
                    "compare_to": 900
                },
                {
                    "type": "origins:inventory",
                    "process_mode": "items",
                    "item_condition": {
                        "type": "origins:and",
                        "conditions": [
                            {
                                "type": "origins:ingredient",
                                "ingredient": {
                                    "item": "minecraft:iron_sword"
                                }
                            },
                            {
                                "type": "origins:nbt",
                                "nbt": "{Tags:[\"swordfish\"]}"
                            }
                        ]
                    },
                    "comparison": "<",
                    "compare_to": 1
                },
                {
                    "type": "origins:equipped_item",
                    "equipment_slot": "mainhand",
                    "item_condition": {
                        "type": "origins:and",
                        "conditions": [
                            {
                                "type": "origins:ingredient",
                                "ingredient": {
                                    "tag": "manhunt:fish"
                                }
                            },
                            {
                                "type": "origins:amount",
                                "comparison": "==",
                                "compare_to": 1
                            }
                        ]
                    }
                }
            ]
        },
        "hud_render": {
            "should_render": false
        },
        "key": {
            "key": "key.origins.primary_active",
            "continuous": false
        },
        "cooldown": 1
    },
    "damage": {
        "type": "origins:modify_damage_dealt",
        "condition": {
            "type": "origins:and",
            "conditions": [
                {
                    "type": "apugli:key_pressed",
                    "key": {
                        "key": "key.origins.primary_active",
                        "continuous": true
                    },
                    "inverted": true
                },
                {
                    "type": "origins:equipped_item",
                    "equipment_slot": "mainhand",
                    "item_condition": {
                        "type": "origins:and",
                        "conditions": [
                            {
                                "type": "origins:ingredient",
                                "ingredient": {
                                    "item": "minecraft:iron_sword"
                                }
                            },
                            {
                                "type": "origins:nbt",
                                "nbt": "{Tags:[\"swordfish\"]}"
                            }
                        ]
                    }
                },
                {
                    "type": "origins:fluid_height",
                    "fluid": "minecraft:water",
                    "comparison": "<=",
                    "compare_to": 1
                }
            ]
        },
        "modifier": {
            "name": "Less damage",
            "operation": "addition",
            "value": -3
        }
    },
    "less_damage": {
        "type": "origins:modify_damage_dealt",
        "condition": {
            "type": "origins:equipped_item",
            "equipment_slot": "mainhand",
            "item_condition": {
                "type": "origins:and",
                "conditions": [
                    {
                        "type": "origins:ingredient",
                        "ingredient": {
                            "item": "minecraft:iron_sword"
                        },
                        "inverted": true
                    },
                    {
                        "type": "origins:nbt",
                        "nbt": "{Tags:[\"swordfish\"]}",
                        "inverted": true
                    }
                ]
            }
        },
        "modifiers": [
            {
                "operation": "add_base_early",
                "value": -1
            },
            {
                "operation": "min_total",
                "value": 1
            }
        ]
    },
    "damage_water": {
        "type": "origins:modify_damage_dealt",
        "condition": {
            "type": "origins:and",
            "conditions": [
                {
                    "type": "apugli:key_pressed",
                    "key": {
                        "key": "key.origins.primary_active",
                        "continuous": true
                    },
                    "inverted": true
                },
                {
                    "type": "origins:equipped_item",
                    "equipment_slot": "mainhand",
                    "item_condition": {
                        "type": "origins:and",
                        "conditions": [
                            {
                                "type": "origins:ingredient",
                                "ingredient": {
                                    "item": "minecraft:iron_sword"
                                }
                            },
                            {
                                "type": "origins:nbt",
                                "nbt": "{Tags:[\"swordfish\"]}"
                            }
                        ]
                    }
                },
                {
                    "type": "origins:fluid_height",
                    "fluid": "minecraft:water",
                    "comparison": ">",
                    "compare_to": 1
                }
            ]
        },
        "modifier": {
            "name": "Less damage",
            "operation": "addition",
            "value": -1
        }
    },
    "limit": {
        "type": "origins:action_over_time",
        "entity_action": {
            "type": "eggolib:drop_inventory",
            "item_condition": {
                "type": "origins:and",
                "conditions": [
                    {
                        "type": "origins:ingredient",
                        "ingredient": {
                            "item": "minecraft:iron_sword"
                        }
                    },
                    {
                        "type": "origins:nbt",
                        "nbt": "{Tags:[\"swordfish\"]}"
                    }
                ]
            },
            "amount": 1
        },
        "interval": 5,
        "condition": {
            "type": "origins:and",
            "conditions": [
                {
                    "type": "origins:inventory",
                    "process_mode": "items",
                    "item_condition": {
                        "type": "origins:and",
                        "conditions": [
                            {
                                "type": "origins:ingredient",
                                "ingredient": {
                                    "item": "minecraft:iron_sword"
                                }
                            },
                            {
                                "type": "origins:nbt",
                                "nbt": "{Tags:[\"swordfish\"]}"
                            }
                        ]
                    },
                    "comparison": ">",
                    "compare_to": 1
                }
            ]
        }
    },
    "name": "EvoFish",
    "description": "With enough energy, any fish can become a fierce weapon of war in your hands.",
    "badges": [
        {
            "type": "origins:tooltip",
            "sprite": "manhunt:textures/item/swordfish.png",
            "text": "The Swordfish deals 3 damage per hit outside of water. Whilst submerged in water, you deal 5 instead.\nCan also be used for \"Fierce Fish Dash\" (see badge)\nAny other weapon than the swordfish deals -1 damage."
        },
        {
            "type": "origins:keybind",
            "sprite": "origins:textures/gui/badge/toggle.png",
            "text": "Turn any fish into a weapon of war with \"%s\"!"
        },
        {
            "type": "origins:tooltip",
            "sprite": "manhunt:textures/icons/cooldown.png",
            "text": "Transform a fish every 45s.\n(You can only have one in your inventory at a time)"
        }
    ]
}