{
    "type": "origins:multiple",
    "shadow": {
        "type": "origins:active_self",
        "entity_action": {
            "type": "origins:and",
            "actions": [
                {
                    "type": "origins:change_resource",
                    "resource": "manhunt:lurker/shadow/shadow_windup",
                    "change": 50
                },
                {
                    "type": "origins:execute_command",
                    "command": "playsound minecraft:block.respawn_anchor.charge player @a ~ ~ ~ 3 0.5"
                }
            ]
        },
        "key": {
            "key": "key.origins.secondary_active"
        },
        "cooldown": 700,
        "hud_render": {
            "sprite_location": "origins:textures/gui/community/spiderkolo/resource_bar_01.png",
            "bar_index": 24,
            "should_render": true
        }
    },
    "particles": {
        "type": "origins:action_over_time",
        "entity_action": {
            "type": "origins:and",
            "actions": [
                {
                    "type": "origins:execute_command",
                    "command": "particle minecraft:sculk_soul ~ ~1 ~ 0.5 0.5 0.5 0.1 2"
                },
                {
                    "type": "origins:execute_command",
                    "command": "particle minecraft:dust_color_transition 0 0 0.3 1.2 0 0 0 ~ ~1 ~ 0.4 0.4 0.4 1 5"
                },
                {
                    "type": "origins:change_resource",
                    "resource": "manhunt:lurker/shadow/shadow_windup",
                    "change": -2
                }
            ]
        },
        "interval": 2,
        "condition": {
            "type": "origins:resource",
            "resource": "manhunt:lurker/shadow/shadow_windup",
            "comparison": ">",
            "compare_to": 0
        }
    },
    "windup": {
        "type": "origins:resource",
        "min": 0,
        "max": 50,
        "start_value": 0,
        "hud_render": {
            "should_render": false
        },
        "min_action": {
            "type": "origins:and",
            "actions": [
                {
                    "type": "origins:execute_command",
                    "command": "power grant @s manhunt:lurker/shadow/shadow_effects"
                },
                {
                    "type": "origins:execute_command",
                    "command": "playsound minecraft:entity.warden.dig player @a ~ ~ ~ 3 2"
                },
                {
                    "type": "origins:execute_command",
                    "command": "particle minecraft:sculk_charge_pop ~ ~1 ~ 0.5 0.5 0.5 0.1 100"
                },
                {
                    "type": "origins:execute_command",
                    "command": "particle minecraft:sculk_soul ~ ~1 ~ 0.5 0.5 0.5 0.1 10"
                },
                {
                    "type": "origins:execute_command",
                    "command": "particle minecraft:sonic_boom ~ ~1 ~ 0.1 0.1 0.1 0.1 10"
                },
                {
                    "type": "origins:execute_command",
                    "command": "particle minecraft:dust_color_transition 0 0 0.3 1.2 0 0 0 ~ ~1 ~ 0.4 0.4 0.4 1 100"
                }
            ]
        }
    },
    "swirl1":{
        "type": "apugli:energy_swirl",
        "texture_location": "manhunt:textures/swirls/shadow.png",
        "speed": 0.01,
        "condition": {
            "type": "origins:and",
            "conditions": [
                {
                    "type": "origins:resource",
                    "resource": "manhunt:lurker/shadow/shadow_windup",
                    "comparison": ">=",
                    "compare_to": 40
                },
                {
                    "type": "origins:resource",
                    "resource": "manhunt:lurker/shadow/shadow_windup",
                    "comparison": "<=",
                    "compare_to": 50
                }
            ]
        }     
    },
    "swirl2":{
        "type": "apugli:energy_swirl",
        "texture_location": "manhunt:textures/swirls/shadow.png",
        "speed": 0.02,
        "condition": {
            "type": "origins:and",
            "conditions": [
                {
                    "type": "origins:resource",
                    "resource": "manhunt:lurker/shadow/shadow_windup",
                    "comparison": ">=",
                    "compare_to": 30
                },
                {
                    "type": "origins:resource",
                    "resource": "manhunt:lurker/shadow/shadow_windup",
                    "comparison": "<",
                    "compare_to": 40
                }
            ]
        }     
    },
    "swirl3":{
        "type": "apugli:energy_swirl",
        "texture_location": "manhunt:textures/swirls/shadow.png",
        "speed": 0.04,
        "condition": {
            "type": "origins:and",
            "conditions": [
                {
                    "type": "origins:resource",
                    "resource": "manhunt:lurker/shadow/shadow_windup",
                    "comparison": ">=",
                    "compare_to": 20
                },
                {
                    "type": "origins:resource",
                    "resource": "manhunt:lurker/shadow/shadow_windup",
                    "comparison": "<",
                    "compare_to": 30
                }
            ]
        }     
    },
    "swirl4":{
        "type": "apugli:energy_swirl",
        "texture_location": "manhunt:textures/swirls/shadow.png",
        "speed": 0.08,
        "condition": {
            "type": "origins:and",
            "conditions": [
                {
                    "type": "origins:resource",
                    "resource": "manhunt:lurker/shadow/shadow_windup",
                    "comparison": ">=",
                    "compare_to": 10
                },
                {
                    "type": "origins:resource",
                    "resource": "manhunt:lurker/shadow/shadow_windup",
                    "comparison": "<",
                    "compare_to": 20
                }
            ]
        }     
    },
    "swirl5":{
        "type": "apugli:energy_swirl",
        "texture_location": "manhunt:textures/swirls/shadow.png",
        "speed": 0.16,
        "condition": {
            "type": "origins:and",
            "conditions": [
                {
                    "type": "origins:resource",
                    "resource": "manhunt:lurker/shadow/shadow_windup",
                    "comparison": "<",
                    "compare_to": 10
                },
                {
                    "type": "origins:resource",
                    "resource": "manhunt:lurker/shadow/shadow_windup",
                    "comparison": ">",
                    "compare_to": 0
                }
            ]
        }     
    },
    "name": "Void Presence",
    "description": "You can tap into the Void and travel distances unnoticed.",
    "badges": [
        {
            "type": "origins:tooltip",
            "sprite": "origins:textures/gui/badge/star.png",
            "text": "Void-being: You move 60% quicker and you become invisible.\n(Note that you can't interact or see entities additionally)"
        },
        {
            "type": "origins:keybind",
            "sprite": "origins:textures/gui/badge/toggle.png",
            "text": "Step into the Void with %s!"
        },
        {
            "type": "origins:tooltip",
            "sprite": "manhunt:textures/icons/cooldown.png",
            "text": "Cooldown: 35s"
        }
    ]
}