{
    "type": "origins:multiple",
    "activate": {
        "type": "origins:active_self",
        "entity_action": {
            "type": "origins:and",
            "actions": [
                {
                    "type": "origins:change_resource",
                    "resource": "manhunt:engineer/scan/scan_tier",
                    "change": 0,
                    "operation": "set"
                },
                {
                    "type": "origins:spawn_entity",
                    "entity_type": "minecraft:armor_stand",
                    "tag": "{Marker:1b,Invisible:1b,Tags:[\"engineer_portal1\"],Passengers:[{id:\"minecraft:item_display\",view_range:10f,billboard:\"vertical\",Tags:[\"engineer_portal1\"],brightness:{sky:15,block:15},Rotation:[0f,0f],transformation:{left_rotation:[0f,0f,0f,1f],right_rotation:[0f,0f,0f,1f],translation:[0f,0f,0f],scale:[0.5f,1.0f,1.0f]},item:{id:\"minecraft:blue_dye\",Count:1b,tag:{CustomModelData:2,Enchantments:[{}]}}}]}",
                    "entity_action": {
                        "type": "origins:and",
                        "actions": [
                            {
                                "type": "origins:execute_command",
                                "command": "tp @s ~ ~1.5 ~",
                                "permission_level": 4
                            },
                            {
                                "type": "origins:execute_command",
                                "command": "execute on passengers run data modify entity @s Rotation[1] set value 0f",
                                "permission_level": 4
                            },
                            {
                                "type": "origins:execute_command",
                                "command": "power grant @s manhunt:engineer/portal/origin",
                                "permission_level": 4
                            }
                        ]
                    }
                },
                {
                    "type": "origins:selector_action",
                    "selector": "@p[tag=runner,nbt={Dimension:\"minecraft:overworld\"}]",
                    "bientity_action": {
                        "type": "origins:target_action",
                        "action": {
                            "type": "origins:spawn_entity",
                            "entity_type": "minecraft:armor_stand",
                            "tag": "{Marker:1b,Invisible:1b,Tags:[\"engineer_portal2\"],Passengers:[{id:\"minecraft:item_display\",view_range:10f,Tags:[\"engineer_portal2\"],brightness:{sky:15,block:15},Rotation:[0f,90f],transformation:{left_rotation:[0f,0f,0f,1f],right_rotation:[0f,0f,0f,1f],translation:[0f,0f,0f],scale:[15f,15f,1f]},item:{id:\"minecraft:blue_dye\",Count:1b,tag:{CustomModelData:2,Enchantments:[{}]}}}]}",
                            "entity_action": {
                                "type": "origins:and",
                                "actions": [
                                    {
                                        "type": "origins:selector_action",
                                        "selector": "@e[limit=1,sort=nearest,tag=engineer_portal1]",
                                        "bientity_action": {
                                            "type": "origins:invert",
                                            "action": {
                                                "type": "origins:add_to_set",
                                                "set": "manhunt:engineer/portal/origin_portal"
                                            }
                                        }
                                    },
                                    {
                                        "type": "origins:execute_command",
                                        "command": "tp @s ~ 300 ~",
                                        "permission_level": 4
                                    },
                                    {
                                        "type": "origins:execute_command",
                                        "command": "execute on passengers run data modify entity @s Rotation[1] set value 90f",
                                        "permission_level": 4
                                    }
                                ]
                            }
                        }
                    }
                }
            ]
        },
        "key": {
            "key": "key.origins.secondary_active"
        },
        "condition": {
            "type": "origins:and",
            "conditions": [
                {
                    "type": "origins:exposed_to_sky"
                },
                {
                    "type": "origins:resource",
                    "resource": "manhunt:engineer/scan/scan_tier",
                    "comparison": "==",
                    "compare_to": 3
                }
            ]
        },
        "cooldown": 5,
        "hud_render": {
            "should_render": false
        }
    },
    "name": "VIP Rift",
    "description": "Open a digital that lets two entities seep through reality and teleport to the runner.",
    "badges": [
        {
            "type": "origins:tooltip",
            "sprite": "origins:textures/gui/badge/star.png",
            "text": "§l§1VIP 🌐§r§7\nOpen a Virtual Imp Portal that allows two entity to teleport through.\nIf the runner is in the Overworld and you are exposed to the sky, consume your §3SCAN 📡§r§7 tiers to create the virtual portal.\nThis portal brings those that went through to the runner's position.\n\n§c🕕§r§7 Duration: §r§f30s§r§8 (Portal duration)\n§e⌛§r§7 Cost: §r§33 SCAN 📡§r\n\n§7§lActive Ability"
        },
        {
            "type": "origins:keybind",
            "sprite": "origins:textures/gui/badge/toggle.png",
            "text": "§7Craft the portal with §r%s§7!"
        }
    ]
}