{
	"powers": [
		"manhunt:alchimia/potion/refill",
		"manhunt:alchimia/potion/volatile",
		"manhunt:alchimia/potion/heal",
		"manhunt:alchimia/potion/eyes",
		"manhunt:alchimia/potion/strength",
		"manhunt:alchimia/cape",
		"manhunt:alchimia/feeble",
		"manhunt:alchimia/brewing"
	],
	"icon": {
		"item": "minecraft:brewing_stand",
		"tag": "{Enchantments:[{}],CustomModelData:1}"
	},
	"order": 10,
	"impact": 2,
	"name": "Alchimia 🧪",
	"description": "The true nature of any element's mastery lies in research and vigor... Too bad that those hunters lack the eye of a true alchemist."
}