{
	"powers": [
		"manhunt:jester/blink",
		"manhunt:jester/madness/madness",
		"manhunt:jester/switch/switch",
		"manhunt:jester/compass",
		"manhunt:jester/glow",
		"manhunt:jester/health",
		"manhunt:jester/nearsighted"
	],
	"icon": {
		"item": "minecraft:firework_rocket",
		"tag": "{Enchantments:[{}],CustomModelData:1}"
	},
	"order": 10,
	"impact": 2,
	"name": "Balatro ⚜",
	"description": "Fooling around might sound useless, but Balatro knows that why even bother if there is no fun to be had."
}