{
    "type": "origins:multiple",
    "damage": {
        "type": "origins:modify_damage_taken",
        "damage_condition": {
            "type": "origins:in_tag",
            "tag": "minecraft:is_fire"
        },
        "modifier": {
            "name": "Weak to fire",
            "operation": "multiply_total",
            "value": 1
        }
    },
    "name": "Burning Weakness",
    "description": "Fire deals much more damage to you.",
    "badges": [
        {
            "type": "origins:tooltip",
            "sprite": "origins:textures/gui/badge/star.png",
            "text": "Fire deals §l§cdouble§r damage."
        }
    ]
}