{
    "parent": "minecraft:item/generated",
    "textures": {
        "layer0": "minecraft:item/redstone"
    },
    "overrides": [
        {
            "predicate": {
                "custom_model_data": 1
            },
            "model": "manhunt:item/berserker/roar"
        },
        {
            "predicate": {
                "custom_model_data": 2
            },
            "model": "manhunt:item/fortis/wave"
        },
        {
            "predicate": {
                "custom_model_data": 3
            },
            "model": "manhunt:item/scanner/laser_wave"
        }
    ]
}