{
    "type": "origins:multiple",
    "rotation": {
        "type": "origins:resource",
        "min": 0,
        "max": 360,
        "start_value": 0,
        "hud_render": {
            "should_render": false
        },
        "max_action": {
            "type": "origins:change_resource",
            "resource": "manhunt:guardian/bulwark/shield_icon_rotation",
            "change": -360
        }
    },
    "rotate": {
        "type": "origins:action_over_time",
        "entity_action": {
            "type": "origins:and",
            "actions": [
                {
                    "type": "origins:change_resource",
                    "resource": "manhunt:guardian/bulwark/shield_icon_rotation",
                    "change": 4
                },
                {
                    "type": "origins:execute_command",
                    "command": "execute on passengers store result entity @s Rotation[0] float 1 run resource get @e[limit=1,sort=nearest,type=armor_stand] manhunt:guardian/bulwark/shield_icon_rotation"
                },
                {
                    "type": "origins:execute_command",
                    "command": "particle minecraft:end_rod ~ ~1.5 ~ 0 0 0 0.05 1 force @a"
                }
            ]
        },
        "interval": 1
    }
}