{
    "type": "origins:multiple",
    "activate": {
        "type": "origins:active_self",
        "entity_action": {
            "type": "origins:and",
            "actions": [
                {
                    "type": "origins:spawn_entity",
                    "entity_type": "minecraft:block_display",
                    "tag": "{Tags:[\"totem\"],Passengers:[{id:\"minecraft:armor_stand\",Marker:1b,Invisible:1b,Tags:[\"totem\"]}],transformation:{left_rotation:[0f,0f,0f,1f],right_rotation:[0f,0f,0f,1f],translation:[-1f,2f,-1f],scale:[2f,2f,2f]},block_state:{Name:\"minecraft:soul_lantern\",Properties:{hanging:\"false\"}}}",
                    "entity_action": {
                        "type": "origins:and",
                        "actions": [
                            {
                                "type": "origins:execute_command",
                                "command": "execute on passengers run power grant @s manhunt:shaman/totem/totem_powers",
                                "permission_level": 4
                            },
                            {
                                "type": "origins:execute_command",
                                "command": "execute as @s at @s facing entity @p feet run tp @s ~ ~ ~ ~ ~",
                                "permission_level": 4
                            }
                        ]
                    }
                },
                {
                    "type": "origins:spawn_entity",
                    "entity_type": "minecraft:block_display",
                    "tag": "{Tags:[\"totem\"],transformation:{left_rotation:[0f,0f,0f,1f],right_rotation:[0f,0f,0f,1f],translation:[-0.5f,0f,-0.5f],scale:[1f,2f,1f]},block_state:{Name:\"minecraft:sculk_shrieker\"}}",
                    "entity_action": {
                        "type": "origins:and",
                        "actions": [
                            {
                                "type": "origins:execute_command",
                                "command": "execute as @s at @s facing entity @p feet run tp @s ~ ~ ~ ~ ~",
                                "permission_level": 4
                            }
                        ]
                    }
                },
                {
                    "type": "origins:spawn_entity",
                    "entity_type": "minecraft:item_display",
                    "tag": "{view_range:100f,Tags:[\"totem_ring\"],brightness:{sky:15,block:15},Rotation:[0f,90f],transformation:{left_rotation:[0f,0f,0f,1f],right_rotation:[0f,0f,0f,1f],translation:[0f,0f,0f],scale:[15f,15f,0.5f]},item:{id:\"minecraft:candle\",Count:1b,tag:{CustomModelData:1}}}",
                    "entity_action": {
                        "type": "origins:and",
                        "actions": [
                            {
                                "type": "origins:execute_command",
                                "command": "data modify entity @s Rotation[1] set value 90f",
                                "permission_level": 4
                            }
                        ]
                    }
                },
                {
                    "type": "origins:execute_command",
                    "command": "forceload add ~ ~ ~ ~",
                    "permission_level": 4
                }
            ]
        },
        "key": {
            "key": "key.origins.primary_active"
        },
        "cooldown": 2400,
        "hud_render": {
            "sprite_location": "origins:textures/gui/community/huang/resource_bar_02.png",
            "bar_index": 14,
            "should_render": true
        },
        "condition": {
            "type":"origins:on_block"
        }
    },
    "name": "Totem of life",
    "description": "Summon a totem that feeds the soul (and body) of nearby hunters.",
    "badges": [
        {
            "type": "origins:tooltip",
            "sprite": "origins:textures/gui/badge/star.png",
            "text": "Totem: Heals for 2 hearts and feeds for 2 full hunger shanks every 1.5 seconds."
        },
        {
            "type": "origins:keybind",
            "sprite": "origins:textures/gui/badge/toggle.png",
            "text": "Summon with %s!"
        },
        {
            "type": "origins:tooltip",
            "sprite": "manhunt:textures/icons/cooldown.png",
            "text": "Cooldown: 2m"
        }
    ]
}