{
    "type": "origins:attribute",
    "modifier": {
        "attribute": "minecraft:generic.attack_speed",
        "operation": "addition",
        "value": -0.4,
        "name": "Decreased attack speed."
    },
    "tick_rate": 1,
    "name":"Bone Arms",
    "description":"With your undead arms, you have less ability at swinging weapons easily.",
    "badges": [
        {
            "type": "origins:tooltip",
            "sprite": "origins:textures/gui/badge/star.png",
            "text": "(-0.4 attack speed)"
        }
    ]
}