{
    "type": "origins:multiple",
    "duration": {
        "type": "origins:resource",
        "min": 0,
        "max": 300,
        "start_value": 300,
        "hud_render": {
            "should_render": true,
            "sprite_location": "origins:textures/gui/community/huang/resource_bar_02.png",
            "bar_index": 5
        },
        "min_action": {
            "type": "origins:change_resource",
            "resource": "manhunt:sanguis/fury/fury_effects_weak_duration",
            "change": 60,
            "operation": "set"
        }
    },
    "duration_down": {
        "type": "origins:action_over_time",
        "entity_action": {
            "type": "origins:change_resource",
            "resource": "manhunt:sanguis/fury/fury_effects_duration",
            "change": -10
        },
        "interval": 10
    },
    "weak_duration": {
        "type": "origins:resource",
        "min": 0,
        "max": 60,
        "start_value": 0,
        "hud_render": {
            "should_render": false
        },
        "min_action": {
            "type": "origins:execute_command",
            "command": "power remove @s manhunt:sanguis/fury/fury_effects"
        }
    },
    "weak_down": {
        "type": "origins:action_over_time",
        "entity_action": {
            "type": "origins:change_resource",
            "resource": "manhunt:sanguis/fury/fury_effects_weak_duration",
            "change": -10
        },
        "interval": 10
    },
    "less_speed": {
        "type": "origins:modify_attribute",
        "attribute": "minecraft:generic.movement_speed",
        "modifier": {
            "name": "Decrease speed",
            "value": -0.6,
            "operation": "multiply_total"
        },
        "condition": {
            "type": "origins:resource",
            "resource": "manhunt:sanguis/fury/fury_effects_weak_duration",
            "compare_to": 0,
            "comparison": ">"
        }
    },
    "atk_speed": {
        "type": "origins:resource",
        "min": 0,
        "max": 100,
        "start_value": 100,
        "hud_render": {
            "should_render": false
        },
        "min_action": {
            "type": "origins:execute_command",
            "command": "attribute @s minecraft:generic.attack_speed base set 4"
        }
    },
    "atk_speed_reset": {
        "type": "origins:action_over_time",
        "entity_action": {
            "type": "origins:change_resource",
            "resource": "manhunt:sanguis/fury/fury_effects_atk_speed",
            "change": -1
        },
        "interval": 1
    },
    "kill": {
        "type": "origins:self_action_on_kill",
        "entity_action": {
            "type": "origins:and",
            "actions": [
                {
                    "type": "origins:change_resource",
                    "resource": "manhunt:sanguis/fury/fury_effects_duration",
                    "change": 300,
                    "operation": "set"
                },
                {
                    "type": "origins:change_resource",
                    "resource": "manhunt:sanguis/fury/fury_effects_atk_speed",
                    "change": 100,
                    "operation": "set"
                },
                {
                    "type": "origins:execute_command",
                    "command": "attribute @s minecraft:generic.attack_speed base set 1000"
                }
            ]
        },
        "cooldown": 1,
        "hud_render": {
            "should_render": false
        },
        "target_condition": {
            "type": "origins:entity_type",
            "entity_type": "minecraft:player"
        }
    },
    "hit_reset": {
        "type": "origins:self_action_on_hit",
        "entity_action": {
            "type": "origins:change_resource",
            "resource": "manhunt:sanguis/fury/fury_effects_atk_speed",
            "change": 0,
            "operation": "set"
        },
        "cooldown": 1,
        "condition": {
            "type": "origins:and",
            "conditions": [
                {
                    "type": "origins:resource",
                    "resource": "manhunt:sanguis/fury/fury_effects_atk_speed",
                    "compare_to": 0,
                    "comparison": ">"
                },
                {
                    "type": "origins:resource",
                    "resource": "manhunt:sanguis/fury/fury_effects_atk_speed",
                    "compare_to": 90,
                    "comparison": "<="
                }
            ]
        }
    },
    "more_attack_speed": {
        "type": "origins:attribute",
        "modifier": {
            "name": "Increase attack speed",
            "attribute": "minecraft:generic.attack_speed",
            "value": 0.3,
            "operation": "addition"
        }
    },
    "faster_leap": {
        "type": "origins:action_over_time",
        "entity_action": {
            "type": "origins:change_resource",
            "resource": "manhunt:sanguis/leap_activate",
            "change": -2
        },
        "interval": 1,
        "condition": {
            "type": "origins:and",
            "conditions": [
                {
                    "type": "origins:resource",
                    "resource": "manhunt:sanguis/fury/fury_effects_weak_duration",
                    "compare_to": 0,
                    "comparison": "=="
                },
                {
                    "type": "origins:resource",
                    "resource": "manhunt:sanguis/leap_activate",
                    "compare_to": 2,
                    "comparison": ">"
                }
            ]
        }
    },
    "particles": {
        "type": "origins:action_over_time",
        "entity_action": {
            "type": "origins:execute_command",
            "command": "particle minecraft:dust_color_transition 1 0 0 1.5 0.4 0 0 ~ ~1 ~ 0.3 0 0.3 1 5"
        },
        "interval": 2
    },
    "swirl": {
        "type": "apugli:energy_swirl",
        "texture_location": "manhunt:textures/swirls/fury.png",
        "speed": 0.005
    },
    "hidden": true
}