{
    "type": "origins:multiple",
    "life_is_a_highway": {
        "type": "eggolib:modify_hurt_ticks",
        "modifier": {
            "operation": "multiply_total",
            "value": -0.25
        },
        "feeble": {
            "type": "origins:attribute",
            "modifier": {
                "attribute": "minecraft:generic.max_health",
                "operation": "addition",
                "value": -6
            }
        }
    },
    "name": "Vulnerable",
    "description": "Do to the nature of your lifestyle your health declines",
    "badges": [
        {
            "type": "origins:tooltip",
            "sprite": "origins:textures/gui/badge/star.png",
            "text": "Life is a highway: §c25%§r less invincibility frames\nFeeble: §c-3§r hearts"
        }
    ]
}