{
    "type": "origins:multiple",
    "keybind": {
        "type": "origins:active_self",
        "entity_action": {
            "type": "origins:trigger_cooldown",
            "power": "manhunt:engineer/snare/snare_keybind"
        },
        "cooldown": 1,
        "hud_render": {
            "should_render": false
        },
        "key": {
            "key": "key.origins.primary_active"
        }
    },
    "use": {
        "type": "origins:active_self",
        "entity_action": {
            "type": "origins:and",
            "actions": [
                {
                    "type": "origins:spawn_entity",
                    "entity_type": "minecraft:item_display",
                    "tag": "{view_range:100f,Tags:[\"snare\"],Passengers:[{id:\"minecraft:armor_stand\",Silent:1b,Invisible:1b,Invulnerable:1b,Marker:1b,Tags:[\"snare\"]}],transformation:{left_rotation:[0f,0f,0f,1f],right_rotation:[0f,0f,0f,1f],translation:[0f,0f,0f],scale:[5f,5f,5f]},item:{id:\"minecraft:cobweb\",Count:1b,tag:{CustomModelData:1}}}",
                    "entity_action": {
                        "type": "origins:and",
                        "actions": [
                            {
                                "type": "origins:execute_command",
                                "command": "tp @s ~ ~1 ~",
                                "permission_level": 4
                            },
                            {
                                "type": "origins:execute_command",
                                "command": "data modify entity @s Rotation[1] set value 90f",
                                "permission_level": 4
                            },
                            {
                                "type": "origins:execute_command",
                                "command": "execute on passengers run power grant @s manhunt:engineer/snare/snaring",
                                "permission_level": 4
                            }
                        ]
                    }
                },
                {
                    "type": "origins:swing_hand",
                    "hand": "MAIN_HAND"
                },
                {
                    "type": "origins:execute_command",
                    "command": "playsound minecraft:item.hoe.till player @a ~ ~ ~ 3 0.5",
                    "permission_level": 4
                },
                {
                    "type": "origins:execute_command",
                    "command": "playsound minecraft:item.armor.equip_leather player @a ~ ~ ~ 3 0.8",
                    "permission_level": 4
                }
            ]
        },
        "cooldown": 1200,
        "hud_render": {
            "sprite_location": "manhunt:textures/engineer.png",
            "bar_index": 0,
            "should_render": true
        },
        "key": {
            "key": "key.attack"
        },
        "condition": {
            "type": "apugli:key_pressed",
            "key": {
                "key": "key.origins.primary_active",
                "continuous": true
            }
        }
    },
    "name": "Nano-Snare",
    "description": "Throw a snare that captures and slows down runners.",
    "badges": [
        {
            "type": "origins:tooltip",
            "sprite": "origins:textures/gui/badge/star.png",
            "text": "Snare: Slows player down by 60% and reduces jump height."
        },
        {
            "type": "origins:keybind",
            "sprite": "origins:textures/gui/badge/toggle.png",
            "text": "Hold %s and press Left Click to throw snare!"
        },
        {
            "type": "origins:tooltip",
            "sprite": "manhunt:textures/icons/cooldown.png",
            "text": "Cooldown: 1m"
        }
    ]
}