{
    "type": "origins:multiple",
    "selected":{
        "type": "origins:entity_set"
    },
    "switch": {
        "type": "origins:active_self",
        "entity_action": {
            "type": "origins:and",
            "actions": [
                {
                    "type": "origins:if_else_list",
                    "actions": [
                        {
                            "condition": {
                                "type": "origins:command",
                                "command": "execute if entity @a[tag=hunter]",
                                "comparison": "==",
                                "compare_to": 1
                            },
                            "action": {
                                "type": "origins:execute_command",
                                "command": "scoreboard players set @s tracking 1"
                            }
                        },
                        {
                            "condition": {
                                "type": "origins:command",
                                "command": "execute if entity @a[tag=hunter]",
                                "comparison": "==",
                                "compare_to": 2
                            },
                            "action": {
                                "type": "origins:if_else",
                                "condition": {
                                    "type": "origins:command",
                                    "command": "execute if score @s tracking matches 1",
                                    "comparison": "==",
                                    "compare_to": 1
                                },
                                "if_action": {
                                    "type": "origins:execute_command",
                                    "command": "scoreboard players set @s tracking 2"
                                },
                                "else_action": {
                                    "type": "origins:execute_command",
                                    "command": "scoreboard players set @s tracking 1"
                                }
                            }
                        },
                        {
                            "condition": {
                                "type": "origins:command",
                                "command": "execute if entity @a[tag=hunter]",
                                "comparison": "==",
                                "compare_to": 3
                            },
                            "action": {
                                "type": "origins:if_else",
                                "condition": {
                                    "type": "origins:command",
                                    "command": "execute if score @s tracking matches ..2",
                                    "comparison": "==",
                                    "compare_to": 1
                                },
                                "if_action": {
                                    "type": "origins:execute_command",
                                    "command": "scoreboard players add @s tracking 1"
                                },
                                "else_action": {
                                    "type": "origins:execute_command",
                                    "command": "scoreboard players set @s tracking 1"
                                }
                            }
                        },
                        {
                            "condition": {
                                "type": "origins:command",
                                "command": "execute if entity @a[tag=hunter]",
                                "comparison": "==",
                                "compare_to": 4
                            },
                            "action": {
                                "type": "origins:if_else",
                                "condition": {
                                    "type": "origins:command",
                                    "command": "execute if score @s tracking matches ..3",
                                    "comparison": "==",
                                    "compare_to": 1
                                },
                                "if_action": {
                                    "type": "origins:execute_command",
                                    "command": "scoreboard players add @s tracking 1"
                                },
                                "else_action": {
                                    "type": "origins:execute_command",
                                    "command": "scoreboard players set @s tracking 1"
                                }
                            }
                        },
                        {
                            "condition": {
                                "type": "origins:command",
                                "command": "execute if entity @a[tag=hunter]",
                                "comparison": "==",
                                "compare_to": 5
                            },
                            "action": {
                                "type": "origins:if_else",
                                "condition": {
                                    "type": "origins:command",
                                    "command": "execute if score @s tracking matches ..4",
                                    "comparison": "==",
                                    "compare_to": 1
                                },
                                "if_action": {
                                    "type": "origins:execute_command",
                                    "command": "scoreboard players add @s tracking 1"
                                },
                                "else_action": {
                                    "type": "origins:execute_command",
                                    "command": "scoreboard players set @s tracking 1"
                                }
                            }
                        },
                        {
                            "condition": {
                                "type": "origins:command",
                                "command": "execute if entity @a[tag=hunter]",
                                "comparison": "==",
                                "compare_to": 6
                            },
                            "action": {
                                "type": "origins:if_else",
                                "condition": {
                                    "type": "origins:command",
                                    "command": "execute if score @s tracking matches ..5",
                                    "comparison": "==",
                                    "compare_to": 1
                                },
                                "if_action": {
                                    "type": "origins:execute_command",
                                    "command": "scoreboard players add @s tracking 1"
                                },
                                "else_action": {
                                    "type": "origins:execute_command",
                                    "command": "scoreboard players set @s tracking 1"
                                }
                            }
                        }
                    ]
                },
                {
                    "type": "origins:action_on_set",
                    "set": "manhunt:jester/compass_selected",
                    "bientity_action":  {
                        "type": "origins:remove_from_set",
                        "set": "manhunt:jester/compass_selected"
                    }
                },
                {
                    "type": "origins:selector_action",
                    "selector": "@a[tag=hunter]",
                    "bientity_action": {
                        "type": "origins:add_to_set",
                        "set": "manhunt:jester/compass_selected"
                    },
                    "bientity_condition": {
                        "type": "eggolib:compare_score",
                        "actor_objective": "tracking",
                        "target_objective": "hunters",
                        "comparison": "=="
                    }
                },
                {
                    "type": "origins:execute_command",
                    "command": "execute at @a[tag=hunter] if score @p hunters = @s tracking run title @s actionbar [\"\",\"◎ The lost compass is linking to 「\",{\"selector\":\"@p\",\"color\":\"dark_purple\"},\"」\"]"
                }
            ]
        },
        "cooldown": 1,
        "hud_render": {
            "should_render": false
        },
        "key": {
            "key": "key.use",
            "continuous": false
        },
        "condition": {
            "type": "origins:and",
            "conditions": [
                {
                    "type": "origins:equipped_item",
                    "equipment_slot": "mainhand",
                    "item_condition": {
                        "type": "origins:ingredient",
                        "ingredient": {
                            "item": "minecraft:compass"
                        }
                    }
                },
                {
                    "type": "origins:resource",
                    "resource": "manhunt:jester/switch/switch_duration",
                    "comparison": "==",
                    "compare_to": 0
                }
            ]
        }
    },
    "remove_set":{
        "type": "origins:action_over_time",
        "falling_action": {
            "type": "origins:action_on_set",
            "set": "manhunt:jester/compass_selected",
            "bientity_action":  {
                "type": "origins:remove_from_set",
                "set": "manhunt:jester/compass_selected"
            }
        },
        "interval": 4,
        "condition":  {
            "type": "origins:equipped_item",
            "equipment_slot": "mainhand",
            "item_condition": {
                "type": "origins:and",
                "conditions": [
                    {
                        "type": "origins:ingredient",
                        "ingredient": {
                            "item": "minecraft:compass"
                        }
                    },
                    {
                        "type": "origins:nbt",
                        "nbt": "{Tags:\"manhunt_compass\"}"
                    }
                ]
            }
        }
    },
    "glow": {
        "type": "origins:entity_glow",
        "use_teams": false,
        "red": 1,
        "green": 0,
        "blue": 0,
        "bientity_condition": {
            "type": "origins:and",
            "conditions": [
                {
                    "type": "origins:in_set",
                    "set": "manhunt:jester/compass_selected"
                },
                {
                    "type": "origins:distance",
                    "comparison": "<=",
                    "compare_to": 128
                }
            ]
        },
        "condition": {
            "type": "origins:equipped_item",
            "equipment_slot": "mainhand",
            "item_condition": {
                "type": "origins:and",
                "conditions": [
                    {
                        "type": "origins:ingredient",
                        "ingredient": {
                            "item": "minecraft:compass"
                        }
                    },
                    {
                        "type": "origins:nbt",
                        "nbt": "{Tags:\"manhunt_compass\"}"
                    }
                ]
            }
        }
    },
    "hidden": true
}