{
    "type": "origins:multiple",
    "owner": {
        "type": "origins:entity_set"
    },
    "activate": {
        "type": "origins:active_self",
        "entity_action": {
            "type": "origins:and",
            "actions": [
                {
                    "type": "origins:spawn_entity",
                    "entity_type": "minecraft:armor_stand",
                    "tag": "{Silent:1b,Invulnerable:1b,Invisible:1b,DisabledSlots:4144959,Tags:[\"totem\"],Passengers:[{id:\"minecraft:block_display\",view_range:100f,Tags:[\"totem\",\"totem_lantern\"],transformation:{left_rotation:[0f,0f,0f,1f],right_rotation:[0f,0f,0f,1f],translation:[-1f,0f,-1f],scale:[2f,2f,2f]},block_state:{Name:\"minecraft:air\"}},{id:\"minecraft:block_display\",view_range:100f,shadow_radius:1f,shadow_strength:0.2f,Tags:[\"totem\",\"totem_base\"],Passengers:[{id:\"minecraft:item_display\",view_range:100f,Rotation:[0F,90F],Tags:[\"totem\",\"totem_ring\"],brightness:{sky:15,block:15},transformation:{left_rotation:[0f,0f,0f,1f],right_rotation:[0f,0f,0f,1f],translation:[0f,0f,1.95f],scale:[15f,15f,0.1f]},item:{id:\"minecraft:air\",Count:1b,tag:{CustomModelData:1}}}],transformation:{left_rotation:[0f,0f,0f,1f],right_rotation:[0f,0f,0f,1f],translation:[-0.5f,-2f,-0.5f],scale:[1f,2f,1f]},block_state:{Name:\"minecraft:sculk_shrieker\"}}]}",
                    "entity_action": {
                        "type": "origins:and",
                        "actions": [
                            {
                                "type": "origins:execute_command",
                                "command": "data modify entity @s Rotation set value [0f,0f]",
                                "permission_level": 4
                            },
                            {
                                "type": "origins:execute_command",
                                "command": "execute on passengers run data modify entity @s Rotation set value [0f,0f]",
                                "permission_level": 4
                            },
                            {
                                "type": "origins:execute_command",
                                "command": "power grant @s manhunt:shaman/totem/totem_powers",
                                "permission_level": 4
                            },
                            {
                                "type": "origins:execute_command",
                                "command": "tp @s ~ ~-1 ~ ~ ~",
                                "permission_level": 4
                            }
                        ]
                    },
                    "bientity_action": {
                        "type": "origins:add_to_set",
                        "set": "manhunt:shaman/totem/totem_owner"
                    }
                },
                {
                    "type": "origins:execute_command",
                    "command": "playsound minecraft:entity.warden.emerge player @a ~ ~ ~ 2 2",
                    "permission_level": 4
                }
            ]
        },
        "key": {
            "key": "key.origins.primary_active"
        },
        "cooldown": 1800,
        "hud_render": {
            "sprite_location": "origins:textures/gui/community/huang/resource_bar_02.png",
            "bar_index": 14,
            "should_render": true
        },
        "condition": {
            "type":"origins:on_block"
        }
    },
    "name": "Totem of Life",
    "description": "Summon a totem that feeds the soul (and body) of nearby hunters, dead or alive.",
    "badges": [
        {
            "type": "origins:tooltip",
            "sprite": "origins:textures/gui/badge/star.png",
            "text": "Totem: Heals for 1 heart and feeds for 1 hunger shank every 0.5 seconds."
        },
        {
            "type": "origins:tooltip",
            "sprite": "origins:textures/gui/badge/star.png",
            "text": "Soul Tether: Dead hunters now leave a part of their soul where they die.\nIf one enters the totem's radius, it will teleport the hunter at the totem."
        },
        {
            "type": "origins:keybind",
            "sprite": "origins:textures/gui/badge/toggle.png",
            "text": "Summon with \"%s\"!"
        },
        {
            "type": "origins:tooltip",
            "sprite": "manhunt:textures/icons/cooldown.png",
            "text": "Cooldown: 1m30s"
        }
    ]
}