{
    "type": "origins:multiple",
    "charging": {
        "type": "origins:resource",
        "min": 0,
        "max": 70,
        "start_value": 0,
        "hud_render": {
            "should_render": false
        },
        "min_action": {
            "type": "origins:execute_command",
            "command": "scale add pehkui:step_height -1",
            "permission_level": 4
        }
    },
    "charge_down": {
        "type": "origins:action_over_time",
        "entity_action": {
            "type": "origins:and",
            "actions": [
                {
                    "type": "origins:change_resource",
                    "resource": "manhunt:piglin/charge_charging",
                    "change": -1
                },
                {
                    "type": "origins:execute_command",
                    "command": "particle minecraft:poof ~ ~ ~ 0.1 0 0.1 0.05 3",
                    "permission_level": 4
                }
            ]
        },
        "interval": 1,
        "condition": {
            "type": "origins:resource",
            "resource": "manhunt:piglin/charge_charging",
            "comparison": ">",
            "compare_to": 0
        }
    },
    "speed": {
        "type": "origins:conditioned_attribute",
        "modifier": {
            "name": "More speed",
            "attribute": "minecraft:generic.movement_speed",
            "value": 1,
            "operation": "multiply_total"
        },
        "tick_rate": 1,
        "condition": {
            "type": "origins:resource",
            "resource": "manhunt:piglin/charge_charging",
            "comparison": ">",
            "compare_to": 0
        }
    },
    "fall_speed": {
        "type": "origins:modify_falling",
        "velocity": 1.0,
        "condition": {
            "type": "origins:resource",
            "resource": "manhunt:piglin/charge_charging",
            "comparison": ">",
            "compare_to": 0
        }
    },
    "no_jump": {
        "type": "eggolib:prevent_key_use",
        "key": "key.jump",
        "condition": {
            "type": "origins:resource",
            "resource": "manhunt:piglin/charge_charging",
            "comparison": ">",
            "compare_to": 0
        }
    },
    "activate": {
        "type": "origins:active_self",
        "entity_action": {
            "type": "origins:and",
            "actions": [
                {
                    "type": "origins:execute_command",
                    "command": "scale delay set pehkui:step_height 0",
                    "permission_level": 4
                },
                {
                    "type": "origins:execute_command",
                    "command": "scale add pehkui:step_height 1",
                    "permission_level": 4
                },
                {
                    "type": "origins:change_resource",
                    "resource": "manhunt:piglin/charge_charging",
                    "change": 70
                },
                {
                    "type": "origins:execute_command",
                    "command": "playsound minecraft:entity.piglin.jealous player @a ~ ~ ~ 1 1.5",
                    "permission_level": 4
                },
                {
                    "type": "origins:execute_command",
                    "command": "playsound minecraft:entity.bat.loop player @a ~ ~ ~ 1 2",
                    "permission_level": 4
                }
            ]
        },
        "cooldown": 600,
        "key": "key.origins.primary_active",
        "hud_render": {
            "should_render": true,
            "sprite_location": "origins:textures/gui/community/huang/resource_bar_01.png",
            "bar_index": 20
        }
    },
    "name": "CHARGE!!!",
    "description": "Charge forward like your father and grandfather would.",
    "badges": [
        {
            "type": "origins:tooltip",
            "sprite": "minecraft:textures/mob_effect/poison.png",
            "text": "Charging: 200% Speed for 3.5s\nWhile charging, you can walk up full blocks and fall quicker, but cannot jump. (+1 Block Step Height)"
        },
        {
            "type": "origins:keybind",
            "sprite": "origins:textures/gui/badge/toggle.png",
            "text": "Charge with \"%s\"!"
        },
        {
            "type": "origins:tooltip",
            "sprite": "manhunt:textures/icons/cooldown.png",
            "text": "Cooldown: 30s"
        }
    ]
}