{
	"name": "§l§nEncouraging Aura",
	"description": "Channeling your inner powers, you release a wave of powerful energy that grants a boost to the nearby entities.",
	"type": "origins:active_self",
	"cooldown": 1800,
	"hud_render": {
	  "should_render":true,
	  "sprite_location":"origins:textures/gui/community/huang/resource_bar_01.png",
	  "bar_index": 4
	},
	"entity_action": {
		"type": "origins:and",
		"actions": [ 		
		{
		  "type": "origins:execute_command",
		  "command": "playsound minecraft:entity.evoker.cast_spell master @a[distance=..16] ~ ~ ~ 1 1 1",
		  "permission_level": 4
		},
		{
			"type": "origins:execute_command",
			"command": "playsound minecraft:block.respawn_anchor.set_spawn player @a[distance=..16] ~ ~ ~ 1 1.5 1",
			"permission_level": 4
		},
		{
		  "type": "origins:execute_command",
		  "command": "effect give @e[distance=..5,tag=hunter] minecraft:speed 10 1 true",
		  "permission_level": 4
		},
		{
			"type": "origins:execute_command",
			"command": "effect give @e[distance=..5,tag=hunter] minecraft:resistance 10 0 true",
			"permission_level": 4
		  },
		  {
			"type": "origins:execute_command",
			"command": "effect give @e[distance=..5,tag=hunter] minecraft:regeneration 10 1 true",
			"permission_level": 4
		  },
		{
			"type": "origins:execute_command",
			"command": "particle minecraft:instant_effect ~ ~1 ~ 1.5 0 1.5 1 100",
			"permission_level": 4
		},
		{
			"type": "origins:execute_command",
			"command": "particle minecraft:dust_color_transition 1 1 1 1 1 0 0 ~ ~1 ~ 1.5 0 1.5 1 300",
			"permission_level": 4
		},
		{
			"type": "origins:execute_command",
			"command": "execute at @e[distance=..10,tag=hunter] run particle minecraft:heart ~ ~1 ~ 0.5 1 0.5 1 10",
			"permission_level": 4
		}
	  ]

	},
		"key": "primary"	
}
