{
    "type": "origins:multiple",
    "use": {
        "type": "eggolib:action_on_critical_hit",
        "bientity_action": {
            "type": "origins:target_action",
            "action": {
                "type": "origins:area_of_effect",
                "radius": 9,
                "bientity_action": {
                    "type": "origins:and",
                    "actions": [
                        {
                            "type": "origins:target_action",
                            "action": {
                                "type": "origins:and",
                                "actions": [
                                    {
                                        "type": "origins:heal",
                                        "amount": 2
                                    },
                                    {
                                        "type": "origins:execute_command",
                                        "command": "particle minecraft:dust_color_transition 1 0 0.1 1.2 1 1 1 ~ ~1 ~ 0.3 0.3 0.3 1 50",
                                        "permission_level": 4
                                    },
                                    {
                                        "type": "origins:execute_command",
                                        "command": "playsound minecraft:entity.illusioner.cast_spell player @s ~ ~ ~ 1 2",
                                        "permission_level": 4
                                    }
                                ]
                            }
                        }
                    ]
                },
                "bientity_condition": {
                    "type": "origins:and",
                    "conditions": [
                        {
                            "type": "origins:can_see"
                        },
                        {
                            "type": "origins:target_condition",
                            "condition": {
                                "type": "origins:and",
                                "conditions": [
                                    {
                                        "type": "origins:living"
                                    },
                                    {
                                        "type": "origins:power",
                                        "power": "manhunt:hunter_effects"
                                    }
                                ]
                            }
                        }
                    ]
                }
            }
        }
    },
    "name": "Cleric",
    "description": "Dealing a critical hit will heal any nearby hunters.",
    "badges": [
        {
            "type": "origins:tooltip",
            "sprite": "origins:textures/gui/badge/star.png",
            "text": "Cleric Critical: Heals hunters for a full heart in a 9 block radius, including yourself."
        }
    ]
}