{
    "type": "origins:multiple",
    "heal": {
        "type": "origins:self_action_on_kill",
        "entity_action": {
            "type": "origins:action_on_set",
            "set": "manhunt:xolotl/wolf/wolfpack_wolves",
            "bientity_action": {
                "type": "origins:target_action",
                "action": {
                    "type": "origins:heal",
                    "amount": 2
                }
            }
        },
        "cooldown": 1,
        "hud_render": {
            "should_render": false
        }
    },
    "slow": {
        "type": "origins:resource",
        "min": 0,
        "max": 30,
        "start_value": 30,
        "hud_render": {
            "should_render": false
        }
    },
    "slowed": {
        "type": "origins:action_over_time",
        "entity_action": {
            "type": "origins:and",
            "actions": [
                {
                    "type": "origins:change_resource",
                    "resource": "manhunt:xolotl/hunter_slow",
                    "change": -1
                },
                {
                    "type": "origins:selector_action",
                    "selector": "@a",
                    "bientity_action": {
                        "type": "origins:actor_action",
                        "action": {
                            "type": "origins:change_resource",
                            "resource": "manhunt:xolotl/hunter_slow",
                            "change": 30,
                            "operation": "set"
                        }
                    },
                    "bientity_condition": {
                        "type": "origins:and",
                        "conditions": [
                            {
                                "type": "origins:equal",
                                "inverted": true
                            },
                            {
                                "type": "origins:target_condition",
                                "condition": {
                                    "type": "origins:origin",
                                    "origin": "manhunt:hunter",
                                    "layer": "origins:origin"
                                }
                            },
                            {
                                "type": "origins:distance",
                                "comparison": "<=",
                                "compare_to": 32
                            }
                        ]
                    }
                },
                {
                    "type": "origins:selector_action",
                    "selector": "@e[type=wolf]",
                    "bientity_action": {
                        "type": "origins:actor_action",
                        "action": {
                            "type": "origins:change_resource",
                            "resource": "manhunt:xolotl/hunter_slow",
                            "change": 30,
                            "operation": "set"
                        }
                    },
                    "bientity_condition": {
                        "type": "origins:and",
                        "conditions": [
                            {
                                "type": "origins:target_condition",
                                "condition": {
                                    "type": "origins:power",
                                    "power": "manhunt:xolotl/wolf/wolves"
                                }
                            },
                            {
                                "type": "origins:distance",
                                "comparison": "<=",
                                "compare_to": 32
                            }
                        ]
                    }
                }
            ]
        },
        "interval": 1
    },
    "overlay1": {
        "type": "origins:overlay",
        "texture": "manhunt:textures/gui/overlays/xolotl_speed_active.png",
        "strength": 1.0,
        "red": 1.0,
        "green": 1.0,
        "blue": 1.0,
        "draw_mode": "texture",
        "draw_phase": "below_hud",
        "hide_with_hud": false,
        "visible_in_third_person": false,
        "condition": {
            "type": "origins:resource",
            "resource": "manhunt:xolotl/hunter_slow",
            "comparison": ">",
            "compare_to": 0
        }
    },
    "overlay2": {
        "type": "origins:overlay",
        "texture": "manhunt:textures/gui/overlays/xolotl_speed_inactive.png",
        "strength": 1.0,
        "red": 1.0,
        "green": 1.0,
        "blue": 1.0,
        "draw_mode": "texture",
        "draw_phase": "below_hud",
        "hide_with_hud": false,
        "visible_in_third_person": false,
        "condition": {
            "type": "origins:resource",
            "resource": "manhunt:xolotl/hunter_slow",
            "comparison": "==",
            "compare_to": 0
        }
    },
    "speed": {
        "type": "origins:conditioned_attribute",
        "modifier": {
            "attribute": "minecraft:generic.movement_speed",
            "operation": "multiply_base",
            "value": -0.3,
            "name": "Increased sprinting speed"
        },
        "tick_rate": 1,
        "condition": {
            "type": "origins:resource",
            "resource": "manhunt:xolotl/hunter_slow",
            "comparison": "==",
            "compare_to": 0
        }
    },
    "air_speed": {
        "type": "origins:modify_air_speed",
        "modifier": {
            "operation": "multiply_total",
            "value": -0.3
        },
        "condition": {
            "type": "origins:resource",
            "resource": "manhunt:xolotl/hunter_slow",
            "comparison": "==",
            "compare_to": 0
        }
    },
    "send_fetch": {
        "type": "origins:prevent_entity_use",
        "bientity_action": {
            "type": "origins:and",
            "actions": [
                {
                    "type": "origins:target_action",
                    "action": {
                        "type": "origins:and",
                        "actions": [
                            {
                                "type": "origins:spawn_particles",
                                "particle": "minecraft:poof",
                                "count": 8
                            },
                            {
                                "type": "origins:execute_command",
                                "command": "execute at @a[tag=hunter] if score @p hunters = @s xolotl_fetch run tp @s @p"
                            },
                            {
                                "type": "origins:random_teleport",
                                "area_width": 4,
                                "area_height": 1,
                                "success_action": {
                                    "type": "origins:spawn_particles",
                                    "particle": "minecraft:poof",
                                    "count": 8
                                }
                            },
                            {
                                "type": "origins:spawn_entity",
                                "entity_type": "minecraft:text_display",
                                "tag": "{billboard:\"vertical\",Tags:[\"xolotl\"],text:'{\"text\":\"Teleporting to Xolotl...\"}'}",
                                "bientity_action": {
                                    "type": "origins:invert",
                                    "action": {
                                        "type": "origins:mount"
                                    }
                                }
                            },
                            {
                                "type": "origins:change_resource",
                                "resource": "manhunt:xolotl/wolf/wolves_fetch_duration",
                                "change": 300,
                                "operation": "set"
                            }
                        ]
                    }
                },
                {
                    "type": "origins:actor_action",
                    "action": {
                        "type": "origins:and",
                        "actions": [
                            {
                                "type": "origins:equipped_item_action",
                                "equipment_slot": "mainhand",
                                "action": {
                                    "type": "origins:consume",
                                    "amount": 1
                                }
                            },
                            {
                                "type": "origins:execute_command",
                                "command": "playsound minecraft:entity.generic.eat player @s ~ ~ ~ 1 0.7"
                            }
                        ]
                    }
                }
            ]
        },
        "bientity_condition": {
            "type": "origins:and",
            "conditions": [
                {
                    "type": "origins:target_condition",
                    "condition": {
                        "type": "origins:and",
                        "conditions": [
                            {
                                "type": "origins:resource",
                                "resource": "manhunt:xolotl/wolf/wolves_howling",
                                "comparison": "==",
                                "compare_to": 0
                            },
                            {
                                "type": "origins:command",
                                "command": "execute if score @s xolotl_fetch matches 0..",
                                "comparison": "==",
                                "compare_to": 1
                            },
                            {
                                "type": "origins:command",
                                "command": "execute if data entity @s {Sitting:1b}",
                                "comparison": "==",
                                "compare_to": 1
                            }
                        ]
                    }
                },
                {
                    "type": "origins:owner"
                },
                {
                    "type": "origins:in_set",
                    "set": "manhunt:xolotl/wolf/wolfpack_wolves"
                }
            ]
        },
        "item_condition": {
            "type": "origins:meat"
        },
        "hands": [
            "main_hand"
        ]
    },
    "choose_fetch": {
        "type": "origins:active_self",
        "entity_action": {
            "type": "origins:and",
            "actions": [
                {
                    "type": "origins:execute_command",
                    "command": "tag @s add choosing_fetch"
                },
                {
                    "type": "origins:raycast",
                    "entity": true,
                    "shape_type": "collider",
                    "fluid_handling": "none",
                    "bientity_action": {
                        "type": "origins:and",
                        "actions": [
                            {
                                "type": "origins:actor_action",
                                "action": {
                                    "type": "origins:execute_command",
                                    "command": "playsound minecraft:ui.button.click player @s ~ ~ ~ 1 1.3"
                                }
                            },
                            {
                                "type": "origins:target_action",
                                "action": {
                                    "type": "origins:and",
                                    "actions": [
                                        {
                                            "type": "origins:if_else",
                                            "condition": {
                                                "type": "origins:command",
                                                "command": "execute if score @s xolotl_fetch matches 0..",
                                                "comparison": "==",
                                                "compare_to": 0
                                            },
                                            "if_action": {
                                                "type": "origins:execute_command",
                                                "command": "scoreboard players set @s xolotl_fetch 1"
                                            }
                                        },
                                        {
                                            "type": "origins:if_else_list",
                                            "actions": [
                                                {
                                                    "condition": {
                                                        "type": "origins:command",
                                                        "command": "execute if entity @a[tag=hunter]",
                                                        "comparison": "==",
                                                        "compare_to": 1
                                                    },
                                                    "action": {
                                                        "type": "origins:execute_command",
                                                        "command": "scoreboard players set @s xolotl_fetch 1"
                                                    }
                                                },
                                                {
                                                    "condition": {
                                                        "type": "origins:command",
                                                        "command": "execute if entity @a[tag=hunter]",
                                                        "comparison": "==",
                                                        "compare_to": 2
                                                    },
                                                    "action": {
                                                        "type": "origins:if_else",
                                                        "condition": {
                                                            "type": "origins:command",
                                                            "command": "execute if score @s xolotl_fetch matches 1",
                                                            "comparison": "==",
                                                            "compare_to": 1
                                                        },
                                                        "if_action": {
                                                            "type": "origins:execute_command",
                                                            "command": "scoreboard players set @s xolotl_fetch 2"
                                                        },
                                                        "else_action": {
                                                            "type": "origins:execute_command",
                                                            "command": "scoreboard players set @s xolotl_fetch 1"
                                                        }
                                                    }
                                                },
                                                {
                                                    "condition": {
                                                        "type": "origins:command",
                                                        "command": "execute if entity @a[tag=hunter]",
                                                        "comparison": "==",
                                                        "compare_to": 3
                                                    },
                                                    "action": {
                                                        "type": "origins:if_else",
                                                        "condition": {
                                                            "type": "origins:command",
                                                            "command": "execute if score @s xolotl_fetch matches 0..2",
                                                            "comparison": "==",
                                                            "compare_to": 1
                                                        },
                                                        "if_action": {
                                                            "type": "origins:execute_command",
                                                            "command": "scoreboard players add @s xolotl_fetch 1"
                                                        },
                                                        "else_action": {
                                                            "type": "origins:execute_command",
                                                            "command": "scoreboard players set @s xolotl_fetch 1"
                                                        }
                                                    }
                                                },
                                                {
                                                    "condition": {
                                                        "type": "origins:command",
                                                        "command": "execute if entity @a[tag=hunter]",
                                                        "comparison": "==",
                                                        "compare_to": 4
                                                    },
                                                    "action": {
                                                        "type": "origins:if_else",
                                                        "condition": {
                                                            "type": "origins:command",
                                                            "command": "execute if score @s xolotl_fetch matches 0..3",
                                                            "comparison": "==",
                                                            "compare_to": 1
                                                        },
                                                        "if_action": {
                                                            "type": "origins:execute_command",
                                                            "command": "scoreboard players add @s xolotl_fetch 1"
                                                        },
                                                        "else_action": {
                                                            "type": "origins:execute_command",
                                                            "command": "scoreboard players set @s xolotl_fetch 1"
                                                        }
                                                    }
                                                },
                                                {
                                                    "condition": {
                                                        "type": "origins:command",
                                                        "command": "execute if entity @a[tag=hunter]",
                                                        "comparison": "==",
                                                        "compare_to": 5
                                                    },
                                                    "action": {
                                                        "type": "origins:if_else",
                                                        "condition": {
                                                            "type": "origins:command",
                                                            "command": "execute if score @s xolotl_fetch matches 0..4",
                                                            "comparison": "==",
                                                            "compare_to": 1
                                                        },
                                                        "if_action": {
                                                            "type": "origins:execute_command",
                                                            "command": "scoreboard players add @s xolotl_fetch 1"
                                                        },
                                                        "else_action": {
                                                            "type": "origins:execute_command",
                                                            "command": "scoreboard players set @s xolotl_fetch 1"
                                                        }
                                                    }
                                                }
                                            ]
                                        },
                                        {
                                            "type": "origins:execute_command",
                                            "command": "execute at @a[tag=hunter] if score @p hunters = @s xolotl_fetch run title @a[tag=choosing_fetch] actionbar [\"\",\"🐺 You're targeting 「\",{\"selector\":\"@p\",\"color\":\"gold\"},\"」\"]"
                                        }
                                    ]
                                }
                            }
                        ]
                    },
                    "bientity_condition": {
                        "type": "origins:in_set",
                        "set": "manhunt:xolotl/wolf/wolfpack_wolves"
                    },
                    "command_step": 1
                },
                {
                    "type": "origins:execute_command",
                    "command": "tag @s remove choosing_fetch"
                }
            ]
        },
        "cooldown": 4,
        "hud_render": {
            "should_render": false
        },
        "key": {
            "key": "key.origins.primary_active"
        }
    },
    "name": "Pack Hunter",
    "description": "Dogs have souls and those souls reciprocate with yours.",
    "badges": [
        {
            "type": "origins:tooltip",
            "sprite": "minecraft:textures/item/cooked_beef.png",
            "text": [
                "If there is no hunter or wolf in a 32 block radius, your speed is reduced by 30%.\nAdditionally, killing an entity will heal all wolves for a heart.\n\n§6§l🦴Fetch§r\nWhen using \"",
                {
                    "keybind": "key.origins.primary_active"
                },
                "\" whilst looking at a wolf, you can choose a hunter to fetch.\nOnce selected, interact with the sitting wolf whilst holding a piece of meat to send the wolf fetching.\nAs another hunter, simply right-click the wolf to teleport to the Xolotl!"
            ]
        },
        {
            "type": "origins:tooltip",
            "sprite": "origins:textures/gui/badge/toggle.png",
            "text": [
                "Whilst holding meat, press \"",
                {
                    "keybind": "key.use"
                },
                "\" to send the wolf fetching!"
            ]
        }
    ]
}