{
    "type": "origins:multiple",
    "sight": {
        "type": "origins:prevent_entity_render",
        "bientity_condition": {
            "type": "origins:and",
            "conditions": [
                {
                    "type": "origins:distance",
                    "comparison": ">",
                    "compare_to": 32
                },
                {
                    "type": "origins:target_condition",
                    "condition": {
                        "type": "origins:and",
                        "conditions": [
                            {
                                "type": "origins:origin",
                                "origin": "manhunt:hunter",
                                "layer": "origins:origin",
                                "inverted": true
                            },
                            {
                                "type": "origins:living"
                            }                            
                        ]
                    }
                }
            ]
        }
    },
    "name": "Nose-Follower",
    "description": "You can only see entities that are §nat most 32 blocks away§r from you. "
}