{
    "type": "origins:multiple",
    "cooldown": {
        "type": "origins:resource",
        "min": 0,
        "max": 1800,
        "start_value": 0,
        "hud_render": {
            "sprite_location": "origins:textures/gui/community/huang/resource_bar_02.png",
            "bar_index": 2,
            "should_render": true,
            "condition": {
                "type": "origins:resource",
                "resource": "manhunt:bomber/kamikaze_cooldown",
                "comparison": ">",
                "compare_to": 0
            }
        }
    },
    "cooldown_down": {
        "type": "origins:action_over_time",
        "entity_action": {
            "type": "origins:change_resource",
            "resource": "manhunt:bomber/kamikaze_cooldown",
            "change": -1
        },
        "interval": 1
    },
    "death": {
        "type": "origins:action_on_death",
        "bientity_action": {
            "type": "origins:target_action",
            "action": {
                "type": "origins:and",
                "actions": [
                    {
                        "type": "origins:change_resource",
                        "resource": "manhunt:bomber/kamikaze_strength",
                        "change": 0,
                        "operation": "set"
                    },
                    {
                        "type": "origins:change_resource",
                        "resource": "manhunt:bomber/kamikaze_cooldown",
                        "change": 1800
                    },
                    {
                        "type": "origins:change_resource",
                        "resource": "manhunt:bomber/kamikaze_timer",
                        "change": 0,
                        "operation": "set"
                    }
                ]
            }
        }
    },
    "windup": {
        "type": "origins:resource",
        "min": 0,
        "max": 30,
        "start_value": 0,
        "hud_render": {
            "should_render": false
        },
        "min_action": {
            "type": "origins:if_else_list",
            "actions": [
                {
                    "condition": {
                        "type": "origins:resource",
                        "resource": "manhunt:bomber/kamikaze_strength",
                        "comparison": "==",
                        "compare_to": 1
                    },
                    "action": {
                        "type": "origins:and",
                        "actions": [
                            {
                                "type": "origins:change_resource",
                                "resource": "manhunt:bomber/kamikaze_timer",
                                "change": 30
                            },
                            {
                                "type": "origins:change_resource",
                                "resource": "manhunt:bomber/kamikaze_cooldown",
                                "change": 1800
                            }
                        ]
                    }
                },
                {
                    "condition": {
                        "type": "origins:resource",
                        "resource": "manhunt:bomber/kamikaze_strength",
                        "comparison": "==",
                        "compare_to": 2
                    },
                    "action": {
                        "type": "origins:and",
                        "actions": [
                            {
                                "type": "origins:change_resource",
                                "resource": "manhunt:bomber/kamikaze_timer",
                                "change": 60
                            },
                            {
                                "type": "origins:change_resource",
                                "resource": "manhunt:bomber/kamikaze_cooldown",
                                "change": 1800
                            }
                        ]
                    }
                },
                {
                    "condition": {
                        "type": "origins:resource",
                        "resource": "manhunt:bomber/kamikaze_strength",
                        "comparison": "==",
                        "compare_to": 3
                    },
                    "action": {
                        "type": "origins:and",
                        "actions": [
                            {
                                "type": "origins:change_resource",
                                "resource": "manhunt:bomber/kamikaze_timer",
                                "change": 100
                            },
                            {
                                "type": "origins:change_resource",
                                "resource": "manhunt:bomber/kamikaze_cooldown",
                                "change": 1800
                            }
                        ]
                    }
                },
                {
                    "condition": {
                        "type": "origins:resource",
                        "resource": "manhunt:bomber/kamikaze_strength",
                        "comparison": "==",
                        "compare_to": 4
                    },
                    "action": {
                        "type": "origins:and",
                        "actions": [
                            {
                                "type": "origins:change_resource",
                                "resource": "manhunt:bomber/kamikaze_timer",
                                "change": 200
                            },
                            {
                                "type": "origins:change_resource",
                                "resource": "manhunt:bomber/kamikaze_cooldown",
                                "change": 1800
                            }
                        ]
                    }
                }
            ]
        }
    },
    "windup_down": {
        "type": "origins:action_over_time",
        "entity_action": {
            "type": "origins:change_resource",
            "resource": "manhunt:bomber/kamikaze_windup",
            "change": -1
        },
        "interval": 1,
        "condition": {
            "type": "origins:resource",
            "resource": "manhunt:bomber/kamikaze_windup",
            "comparison": ">",
            "compare_to": 0
        }
    },
    "activate": {
        "type": "origins:active_self",
        "entity_action": {
            "type": "origins:and",
            "actions": [
                {
                    "type": "origins:if_else",
                    "condition": {
                        "type": "origins:resource",
                        "resource": "manhunt:bomber/kamikaze_strength",
                        "comparison": "<",
                        "compare_to": 4
                    },
                    "if_action": {
                        "type": "origins:change_resource",
                        "resource": "manhunt:bomber/kamikaze_strength",
                        "change": 1
                    }
                },
                {
                    "type": "origins:change_resource",
                    "resource": "manhunt:bomber/kamikaze_windup",
                    "change": 30,
                    "operation": "set"
                }
            ]
        },
        "key": {
            "key": "key.origins.secondary_active"
        },
        "cooldown": 2,
        "hud_render": {
            "should_render": false
        },
        "condition": {
            "type": "origins:resource",
            "resource": "manhunt:bomber/kamikaze_cooldown",
            "comparison": "==",
            "compare_to": 0
        }
    },
    "sound1": {
        "type": "origins:action_over_time",
        "rising_action": {
            "type": "origins:and",
            "actions": [
                {
                    "type": "origins:execute_command",
                    "command": "playsound minecraft:block.note_block.hat player @a ~ ~ ~ 2 0.5",
                    "permission_level": 4
                },
                {
                    "type": "origins:execute_command",
                    "command": "title @s actionbar [\"\",{\"text\":\"Power :\",\"bold\":true,\"underlined\":true},{\"text\":\" | \",\"bold\":true,\"color\":\"gold\"},{\"text\":\"| | |\",\"bold\":true}]",
                    "permission_level": 4
                }
            ]
        },
        "interval": 1,
        "condition": {
            "type": "origins:resource",
            "resource": "manhunt:bomber/kamikaze_strength",
            "comparison": "==",
            "compare_to": 1
        }
    },
    "sound2": {
        "type": "origins:action_over_time",
        "rising_action": {
            "type": "origins:and",
            "actions": [
                {
                    "type": "origins:execute_command",
                    "command": "playsound minecraft:block.note_block.hat player @a ~ ~ ~ 2 0.6",
                    "permission_level": 4
                },
                {
                    "type": "origins:execute_command",
                    "command": "title @s actionbar [\"\",{\"text\":\"Power :\",\"bold\":true,\"underlined\":true},{\"text\":\" | | \",\"bold\":true,\"color\":\"gold\"},{\"text\":\"| |\",\"bold\":true}]",
                    "permission_level": 4
                }
            ]
        },
        "interval": 1,
        "condition": {
            "type": "origins:resource",
            "resource": "manhunt:bomber/kamikaze_strength",
            "comparison": "==",
            "compare_to": 2
        }
    },
    "sound3": {
        "type": "origins:action_over_time",
        "rising_action": {
            "type": "origins:and",
            "actions": [
                {
                    "type": "origins:execute_command",
                    "command": "playsound minecraft:block.note_block.hat player @a ~ ~ ~ 2 0.8",
                    "permission_level": 4
                },
                {
                    "type": "origins:execute_command",
                    "command": "title @s actionbar [\"\",{\"text\":\"Power :\",\"bold\":true,\"underlined\":true},{\"text\":\" | | | \",\"bold\":true,\"color\":\"gold\"},{\"text\":\"|\",\"bold\":true}]",
                    "permission_level": 4
                }
            ]
        },
        "interval": 1,
        "condition": {
            "type": "origins:resource",
            "resource": "manhunt:bomber/kamikaze_strength",
            "comparison": "==",
            "compare_to": 3
        }
    },
    "sound4": {
        "type": "origins:action_over_time",
        "rising_action": {
            "type": "origins:and",
            "actions": [
                {
                    "type": "origins:execute_command",
                    "command": "playsound minecraft:block.note_block.hat player @a ~ ~ ~ 2 1",
                    "permission_level": 4
                },
                {
                    "type": "origins:execute_command",
                    "command": "title @s actionbar [\"\",{\"text\":\"Power :\",\"bold\":true,\"underlined\":true},{\"text\":\" | | | |\",\"bold\":true,\"color\":\"gold\"}]",
                    "permission_level": 4
                }
            ]
        },
        "interval": 1,
        "condition": {
            "type": "origins:resource",
            "resource": "manhunt:bomber/kamikaze_strength",
            "comparison": "==",
            "compare_to": 4
        }
    },
    "strength": {
        "type": "origins:resource",
        "min": 0,
        "max": 4,
        "start_value": 0,
        "hud_render": {
            "should_render": false
        }
    },
    "timer": {
        "type": "origins:resource",
        "min": 0,
        "max": 200,
        "start_value": 0,
        "hud_render": {
            "should_render": false,
            "sprite_location": "origins:textures/gui/resource_bar.png",
            "bar_index": 2
        },
        "min_action": {
            "type": "origins:and",
            "actions": [
                {
                    "type": "origins:if_else_list",
                    "actions": [
                        {
                            "condition": {
                                "type": "origins:and",
                                "conditions": [
                                    {
                                        "type": "origins:resource",
                                        "resource": "manhunt:bomber/kamikaze_strength",
                                        "comparison": "==",
                                        "compare_to": 1
                                    }
                                ]
                            },
                            "action": {
                                "type": "origins:and",
                                "actions": [
                                    {
                                        "type": "origins:if_else",
                                        "condition": {
                                            "type": "origins:fluid_height",
                                            "fluid": "minecraft:water",
                                            "comparison": ">",
                                            "compare_to": 1.5
                                        },
                                        "if_action": {
                                            "type": "origins:explode",
                                            "power": 1,
                                            "destruction_type": "break",
                                            "damage_self": true,
                                            "create_fire": false
                                        },
                                        "else_action": {
                                            "type": "origins:explode",
                                            "power": 2,
                                            "destruction_type": "break",
                                            "damage_self": true,
                                            "create_fire": false
                                        }
                                    },
                                    {
                                        "type": "origins:execute_command",
                                        "command": "particle minecraft:explosion ~ ~1 ~ 1 1 1 1 10",
                                        "permission_level": 4
                                    },
                                    {
                                        "type": "origins:execute_command",
                                        "command": "playsound minecraft:entity.generic.explode player @a ~ ~ ~ 2 1",
                                        "permission_level": 4
                                    }
                                ]
                            }
                        },
                        {
                            "condition": {
                                "type": "origins:and",
                                "conditions": [
                                    {
                                        "type": "origins:resource",
                                        "resource": "manhunt:bomber/kamikaze_strength",
                                        "comparison": "==",
                                        "compare_to": 2
                                    }
                                ]
                            },
                            "action": {
                                "type": "origins:and",
                                "actions": [
                                    {
                                        "type": "origins:if_else",
                                        "condition": {
                                            "type": "origins:fluid_height",
                                            "fluid": "minecraft:water",
                                            "comparison": ">",
                                            "compare_to": 1.5
                                        },
                                        "if_action": {
                                            "type": "origins:explode",
                                            "power": 2,
                                            "destruction_type": "break",
                                            "damage_self": true,
                                            "create_fire": false
                                        },
                                        "else_action": {
                                            "type": "origins:explode",
                                            "power": 3,
                                            "destruction_type": "break",
                                            "damage_self": true,
                                            "create_fire": false
                                        }
                                    },
                                    {
                                        "type": "origins:execute_command",
                                        "command": "particle minecraft:explosion ~ ~1 ~ 1.5 1.5 1.5 1 15",
                                        "permission_level": 4
                                    },
                                    {
                                        "type": "origins:execute_command",
                                        "command": "playsound minecraft:entity.generic.explode player @a ~ ~ ~ 2 0.8",
                                        "permission_level": 4
                                    }
                                ]
                            }
                        },
                        {
                            "condition": {
                                "type": "origins:and",
                                "conditions": [
                                    {
                                        "type": "origins:resource",
                                        "resource": "manhunt:bomber/kamikaze_strength",
                                        "comparison": "==",
                                        "compare_to": 3
                                    }
                                ]
                            },
                            "action": {
                                "type": "origins:and",
                                "actions": [
                                    {
                                        "type": "origins:if_else",
                                        "condition": {
                                            "type": "origins:fluid_height",
                                            "fluid": "minecraft:water",
                                            "comparison": ">",
                                            "compare_to": 1.5
                                        },
                                        "if_action": {
                                            "type": "origins:explode",
                                            "power": 3,
                                            "destruction_type": "break",
                                            "damage_self": true,
                                            "create_fire": false
                                        },
                                        "else_action": {
                                            "type": "origins:explode",
                                            "power": 4,
                                            "destruction_type": "break",
                                            "damage_self": true,
                                            "create_fire": false
                                        }
                                    },
                                    {
                                        "type": "origins:execute_command",
                                        "command": "particle minecraft:explosion ~ ~1 ~ 2 2 2 1 20",
                                        "permission_level": 4
                                    },
                                    {
                                        "type": "origins:execute_command",
                                        "command": "playsound minecraft:entity.generic.explode player @a ~ ~ ~ 2 0.7",
                                        "permission_level": 4
                                    }
                                ]
                            }
                        },
                        {
                            "condition": {
                                "type": "origins:and",
                                "conditions": [
                                    {
                                        "type": "origins:resource",
                                        "resource": "manhunt:bomber/kamikaze_strength",
                                        "comparison": "==",
                                        "compare_to": 4
                                    }
                                ]
                            },
                            "action": {
                                "type": "origins:and",
                                "actions": [
                                    {
                                        "type": "origins:if_else",
                                        "condition": {
                                            "type": "origins:fluid_height",
                                            "fluid": "minecraft:water",
                                            "comparison": ">",
                                            "compare_to": 1.5
                                        },
                                        "if_action": {
                                            "type": "origins:explode",
                                            "power": 5,
                                            "destruction_type": "break",
                                            "damage_self": true,
                                            "create_fire": false
                                        },
                                        "else_action": {
                                            "type": "origins:explode",
                                            "power": 6,
                                            "destruction_type": "break",
                                            "damage_self": true,
                                            "create_fire": false
                                        }
                                    },
                                    {
                                        "type": "origins:execute_command",
                                        "command": "particle minecraft:explosion ~ ~1 ~ 3 3 3 1 40",
                                        "permission_level": 4
                                    },
                                    {
                                        "type": "origins:execute_command",
                                        "command": "playsound minecraft:entity.generic.explode player @a ~ ~ ~ 2 0.5",
                                        "permission_level": 4
                                    }
                                ]
                            }
                        }
                    ]
                },
                {
                    "type": "origins:change_resource",
                    "resource": "manhunt:bomber/kamikaze_strength",
                    "change": -4
                }
            ]
        }
    },
    "timer_down": {
        "type": "origins:action_over_time",
        "entity_action": {
            "type": "origins:and",
            "actions": [
                {
                    "type": "origins:change_resource",
                    "resource": "manhunt:bomber/kamikaze_timer",
                    "change": -1
                },
                {
                    "type": "origins:execute_command",
                    "command": "particle minecraft:dust_color_transition 0.3 0.3 0.3 1 1 0.5 0 ~ ~ ~ 0.2 0 0.2 1 4",
                    "permission_level": 4
                },
                {
                    "type": "origins:execute_command",
                    "command": "particle minecraft:smoke ~ ~ ~ 0.2 0 0.2 0.01 4",
                    "permission_level": 4
                },
                {
                    "type": "origins:execute_command",
                    "command": "particle minecraft:flame ~ ~ ~ 0.2 0 0.2 0.01 1",
                    "permission_level": 4
                }
            ]
        },
        "interval": 1,
        "condition": {
            "type": "origins:resource",
            "resource": "manhunt:bomber/kamikaze_timer",
            "comparison": ">",
            "compare_to": 0
        }
    },
    "ding1": {
        "type": "origins:action_over_time",
        "entity_action": {
            "type": "origins:and",
            "actions": [
                {
                    "type": "origins:execute_command",
                    "command": "playsound minecraft:block.note_block.bell player @a ~ ~ ~ 3 1.4",
                    "permission_level": 4
                },
                {
                    "type": "origins:if_else",
                    "condition": {
                        "type": "origins:resource",
                        "resource": "manhunt:bomber/kamikaze_orange",
                        "comparison": "==",
                        "compare_to": 1
                    },
                    "if_action": {
                        "type": "origins:change_resource",
                        "resource": "manhunt:bomber/kamikaze_orange",
                        "change": -1
                    },
                    "else_action": {
                        "type": "origins:change_resource",
                        "resource": "manhunt:bomber/kamikaze_orange",
                        "change": 1
                    }
                }
            ]
        },
        "condition": {
            "type": "origins:and",
            "conditions": [
                {
                    "type": "origins:resource",
                    "resource": "manhunt:bomber/kamikaze_timer",
                    "comparison": ">",
                    "compare_to": 100
                },
                {
                    "type": "origins:resource",
                    "resource": "manhunt:bomber/kamikaze_timer",
                    "comparison": "<=",
                    "compare_to": 200
                }
            ]
        },
        "interval": 5
    },
    "ding2": {
        "type": "origins:action_over_time",
        "entity_action": {
            "type": "origins:and",
            "actions": [
                {
                    "type": "origins:execute_command",
                    "command": "playsound minecraft:block.note_block.bell player @a ~ ~ ~ 3 1.4",
                    "permission_level": 4
                },
                {
                    "type": "origins:if_else",
                    "condition": {
                        "type": "origins:resource",
                        "resource": "manhunt:bomber/kamikaze_orange",
                        "comparison": "==",
                        "compare_to": 1
                    },
                    "if_action": {
                        "type": "origins:change_resource",
                        "resource": "manhunt:bomber/kamikaze_orange",
                        "change": -1
                    },
                    "else_action": {
                        "type": "origins:change_resource",
                        "resource": "manhunt:bomber/kamikaze_orange",
                        "change": 1
                    }
                }
            ]
        },
        "condition": {
            "type": "origins:and",
            "conditions": [
                {
                    "type": "origins:resource",
                    "resource": "manhunt:bomber/kamikaze_timer",
                    "comparison": ">",
                    "compare_to": 30
                },
                {
                    "type": "origins:resource",
                    "resource": "manhunt:bomber/kamikaze_timer",
                    "comparison": "<=",
                    "compare_to": 100
                }
            ]
        },
        "interval": 4
    },
    "ding3": {
        "type": "origins:action_over_time",
        "entity_action": {
            "type": "origins:and",
            "actions": [
                {
                    "type": "origins:execute_command",
                    "command": "playsound minecraft:block.note_block.bell player @a ~ ~ ~ 3 1.4",
                    "permission_level": 4
                },
                {
                    "type": "origins:if_else",
                    "condition": {
                        "type": "origins:resource",
                        "resource": "manhunt:bomber/kamikaze_orange",
                        "comparison": "==",
                        "compare_to": 1
                    },
                    "if_action": {
                        "type": "origins:change_resource",
                        "resource": "manhunt:bomber/kamikaze_orange",
                        "change": -1
                    },
                    "else_action": {
                        "type": "origins:change_resource",
                        "resource": "manhunt:bomber/kamikaze_orange",
                        "change": 1
                    }
                }
            ]
        },
        "interval": 2,
        "condition": {
            "type": "origins:and",
            "conditions": [
                {
                    "type": "origins:resource",
                    "resource": "manhunt:bomber/kamikaze_timer",
                    "comparison": ">",
                    "compare_to": 0
                },
                {
                    "type": "origins:resource",
                    "resource": "manhunt:bomber/kamikaze_timer",
                    "comparison": "<=",
                    "compare_to": 30
                }
            ]
        }
    },
    "orange": {
        "type": "origins:resource",
        "min": 0,
        "max": 1,
        "start_value": 0,
        "hud_render": {
            "should_render": false
        }
    },
    "glow_orange": {
        "type": "origins:self_glow",
        "use_teams": false,
        "red": 1.0,
        "green": 0.5,
        "blue": 0.1,
        "condition": {
            "type": "origins:and",
            "conditions": [
                {
                    "type": "origins:resource",
                    "resource": "manhunt:bomber/kamikaze_orange",
                    "comparison": "==",
                    "compare_to": 0
                },
                {
                    "type": "origins:resource",
                    "resource": "manhunt:bomber/kamikaze_timer",
                    "comparison": ">",
                    "compare_to": 0
                }
            ]
        }
    },
    "more_speed1": {
        "type": "origins:conditioned_attribute",
        "modifier": {
            "name": "Increase speed",
            "attribute": "minecraft:generic.movement_speed",
            "value": 0.6,
            "operation": "multiply_total"
        },
        "condition": {
            "type": "origins:and",
            "conditions": [
                {
                    "type": "origins:resource",
                    "resource": "manhunt:bomber/kamikaze_timer",
                    "comparison": ">",
                    "compare_to": 100
                }
            ]
        }
    },
    "more_speed2": {
        "type": "origins:conditioned_attribute",
        "modifier": {
            "name": "Increase speed",
            "attribute": "minecraft:generic.movement_speed",
            "value": 0.4,
            "operation": "multiply_total"
        },
        "condition": {
            "type": "origins:and",
            "conditions": [
                {
                    "type": "origins:resource",
                    "resource": "manhunt:bomber/kamikaze_timer",
                    "comparison": ">",
                    "compare_to": 30
                },
                {
                    "type": "origins:resource",
                    "resource": "manhunt:bomber/kamikaze_timer",
                    "comparison": "<=",
                    "compare_to": 100
                }
            ]
        }
    },
    "less_speed": {
        "type": "origins:conditioned_attribute",
        "modifier": {
            "name": "Decrease speed",
            "attribute": "minecraft:generic.movement_speed",
            "value": -0.2,
            "operation": "multiply_total"
        },
        "condition": {
            "type": "origins:and",
            "conditions": [
                {
                    "type": "origins:resource",
                    "resource": "manhunt:bomber/kamikaze_timer",
                    "comparison": "<=",
                    "compare_to": 30
                },
                {
                    "type": "origins:resource",
                    "resource": "manhunt:bomber/kamikaze_timer",
                    "comparison": ">",
                    "compare_to": 0
                }
            ]
        }
    },
    "less_air_speed": {
        "type": "origins:modify_air_speed",
        "modifier": {
            "operation": "multiply_total",
            "value": -0.15
        },
        "condition": {
            "type": "origins:and",
            "conditions": [
                {
                    "type": "origins:resource",
                    "resource": "manhunt:bomber/kamikaze_timer",
                    "comparison": "<=",
                    "compare_to": 30
                },
                {
                    "type": "origins:resource",
                    "resource": "manhunt:bomber/kamikaze_timer",
                    "comparison": ">",
                    "compare_to": 0
                }
            ]
        }
    },
    "no_attack": {
        "type": "origins:modify_damage_dealt",
        "modifier": {
            "operation": "multiply_total",
            "value": -0.5
        },
        "condition": {
            "type": "origins:and",
            "conditions": [
                {
                    "type": "origins:resource",
                    "resource": "manhunt:bomber/kamikaze_timer",
                    "comparison": ">",
                    "compare_to": 0
                }
            ]
        }
    },
    "name": "Kamikaze",
    "description": "Charging up your kamikaze will cause an explosion, charging longer will cause a stronger explosion.",
    "badges": [
        {
            "type": "origins:tooltip",
            "sprite": "origins:textures/gui/badge/star.png",
            "text": "Kamikaze has 4 tiers. Every time you click the key, the explosion goes 1 tier up!\nTier 1: Power II\nTier 2: Power III\nTier 3: Power IV\nTier 4: Power VIII\n(Being submerged in water reduces the explosion strength)"
        },
        {
            "type": "origins:keybind",
            "sprite": "origins:textures/gui/badge/toggle.png",
            "text": "Charge by pressing \"%s\"!\nAfter clicking, you have 1.5s to click again and increase the tier of the explosion."
        },
        {
            "type": "origins:tooltip",
            "sprite": "manhunt:textures/icons/cooldown.png",
            "text": "Cooldown: 3m"
        }
    ]
}