{
	"powers": [
		"manhunt:enchanter/recall/book",
		"manhunt:enchanter/glass/book",
		"manhunt:enchanter/vanish/activate",
        "manhunt:enchanter/arcane",
		"manhunt:enchanter/fragile",
		"manhunt:enchanter/minmax"

	],
	"icon": {
		"item": "minecraft:enchanted_book",
		"tag": "{Enchantments:[{}],CustomModelData:2}"
	},
	"order": 10,
	"impact": 2,
	"name": "Enchanter",
	"description": "         [§7PILLAR 回§r]\nThey called the Enchanter a nerd in highschool. Little did they know, the Enchanter now gets mad (minecraft) hoes."
}
