{
	"powers": [
		"manhunt:sanguis/fury/fury",
		"manhunt:sanguis/sense/sense",
		"manhunt:sanguis/bloodlust",
        "manhunt:sanguis/awful",
		"manhunt:sanguis/unusable",
		"origins:carnivore"
	],
	"icon": {
		"item": "minecraft:netherite_axe",
		"tag": "{Enchantments:[{}],CustomModelData:1}"
	},
	"order": 10,
	"impact": 2,
	"name": "Sanguis Deus ⚔",
	"description": "The name itself sends shivers down the hunters spine... Unfortunately, the Blood God himself hasn't satiated it's thirst for vengeance."
}