{
    "type": "origins:multiple",
    "duration": {
        "type": "origins:resource",
        "min": 0,
        "max": 200,
        "start_value": 200,
        "hud_render": {
            "should_render": false
        },
        "min_action": {
            "type": "origins:and",
            "actions": [
                {
                    "type": "origins:execute_command",
                    "command": "execute on passengers on passengers run kill @s"
                },
                {
                    "type": "origins:execute_command",
                    "command": "execute on passengers run kill @s"
                },
                {
                    "type": "origins:execute_command",
                    "command": "kill @s"
                }
            ]
        }
    },
    "pull": {
        "type": "origins:action_over_time",
        "entity_action": {
            "type": "origins:area_of_effect",
            "radius": 8,
            "bientity_action": {
                "type": "origins:and",
                "actions": [
                    {
                        "type": "origins:add_velocity",
                        "z": -0.03
                    },
                    {
                        "type": "apugli:raycast_between",
                        "particle": {
                            "type": "minecraft:dust_color_transition",
                            "params": "1 1 1 1 0.4 0.4 0.4"
                        }
                    }
                ]
            },
            "bientity_condition": {
                "type": "origins:and",
                "conditions": [
                    {
                        "type": "origins:can_see"
                    },
                    {
                        "type": "origins:target_condition",
                        "condition": {
                            "type": "origins:living"
                        }
                    }
                ]
            }
        },
        "interval": 1
    },
    "duration_down": {
        "type": "origins:action_over_time",
        "entity_action": {
            "type": "origins:change_resource",
            "resource": "manhunt:damned/chains/chained_duration",
            "change": -10
        },
        "interval": 10
    },
    "hidden": true
}