{
    "type": "origins:multiple",
    "create_book": {
        "type": "origins:item_on_item",
        "on_item_condition": {
            "type": "origins:ingredient",
            "ingredient": {
                "item": "minecraft:book"
            }
        },
        "using_item_condition": {
            "type": "origins:and",
            "conditions": [
                {
                    "type": "origins:ingredient",
                    "ingredient": {
                        "item": "minecraft:amethyst_shard"
                    }
                },
                {
                    "type": "origins:nbt",
                    "nbt": "{Tags:[\"enchanter_stone\"]}"
                }
            ]
        },
        "entity_action": {
            "type": "origins:and",
            "actions": [
                {
                    "type": "origins:execute_command",
                    "command": "give @s enchanted_book{CustomModelData:1,Tags:[\"recalling_book\"],display:{Lore:['[{\"text\":\"Recalling I\",\"italic\":false,\"color\":\"gray\"}]']},Enchantments:[{}]} 1"
                },
                {
                    "type": "origins:change_resource",
                    "resource": "manhunt:enchanter/arcane_energy",
                    "change": 0,
                    "operation": "set"
                },
                {
                    "type": "origins:execute_command",
                    "command": "particle minecraft:dust_color_transition 0.1 0 0.9 1.2 0.5 0 1 ~ ~1 ~ 0.4 0.4 0.4 1 30"
                },
                {
                    "type": "origins:execute_command",
                    "command": "particle minecraft:enchanted_hit ~ ~1 ~ 0 0 0 1 10"
                },
                {
                    "type": "origins:execute_command",
                    "command": "playsound minecraft:entity.player.levelup player @a ~ ~1 ~ 3 2"
                }
            ]
        },
        "click_type": "primary",
        "on_item_action": {
            "type": "origins:consume",
            "amount": 1
        },
        "condition": {
            "type": "origins:resource",
            "resource": "manhunt:enchanter/arcane_energy",
            "comparison": "==",
            "compare_to": 100
        }
    },
    "apply": {
        "type": "origins:item_on_item",
        "on_item_condition": {
            "type": "origins:ingredient",
            "ingredient": {
                "tag": "manhunt:helmets"
            }
        },
        "using_item_condition": {
            "type": "origins:and",
            "conditions": [
                {
                    "type": "origins:ingredient",
                    "ingredient": {
                        "item": "minecraft:enchanted_book"
                    }
                },
                {
                    "type": "origins:nbt",
                    "nbt": "{Tags:[\"recalling_book\"]}"
                }
            ]
        },
        "entity_action": {
            "type": "origins:and",
            "actions": [
                {
                    "type": "origins:execute_command",
                    "command": "particle minecraft:dust_color_transition 0.1 0 0.9 1.2 0.5 0 1 ~ ~1 ~ 0.4 0.4 0.4 1 30"
                },
                {
                    "type": "origins:execute_command",
                    "command": "particle minecraft:enchanted_hit ~ ~1 ~ 0 0 0 1 10"
                },
                {
                    "type": "origins:execute_command",
                    "command": "playsound minecraft:entity.player.levelup player @a ~ ~1 ~ 3 2"
                }
            ]
        },
        "click_type": "primary",
        "using_item_action": {
            "type": "origins:consume",
            "amount": 1
        },
        "on_item_action": {
            "type": "origins:modify",
            "modifier": "manhunt:enchanter/recall"
        }
    },
    "resonance": {
        "type": "origins:entity_glow",
        "bientity_condition": {
            "type": "origins:target_condition",
            "condition": {
                "type": "origins:power",
                "power": "manhunt:enchanter/recall/enchanted"
            }
        },
        "condition": {
            "type": "origins:equipped_item",
            "equipment_slot": "mainhand",
            "item_condition": {
                "type": "origins:and",
                "conditions": [
                    {
                        "type": "origins:ingredient",
                        "ingredient": {
                            "item": "minecraft:amethyst_shard"
                        }
                    },
                    {
                        "type": "origins:nbt",
                        "nbt": "{Tags:[\"enchanter_stone\"]}"
                    }
                ]
            }
        },
        "use_teams": false,
        "red": 0.5,
        "green": 0.0,
        "blue": 1.0
    },
    "recalling": {
        "type": "origins:active_self",
        "entity_action": {
            "type": "origins:and",
            "actions": [
                {
                    "type": "origins:execute_command",
                    "command": "tag @s add enchanted_recall"
                },
                {
                    "type": "origins:change_resource",
                    "resource": "manhunt:enchanter/arcane_energy",
                    "change": 0,
                    "operation": "set"
                },
                {
                    "type": "origins:selector_action",
                    "selector": "@a[tag=hunter]",
                    "bientity_action": {
                        "type": "origins:target_action",
                        "action": {
                            "type": "origins:and",
                            "actions": [
                                {
                                    "type": "origins:execute_command",
                                    "command": "tp @s @p[tag=enchanted_recall]"
                                },
                                {
                                    "type": "origins:equipped_item_action",
                                    "equipment_slot": "head",
                                    "action": {
                                        "type": "origins:damage",
                                        "amount": 150,
                                        "ignore_unbreaking": true
                                    }
                                }
                            ]
                        }
                    },
                    "bientity_condition": {
                        "type": "origins:and",
                        "conditions": [
                            {
                                "type": "eggolib:equal",
                                "inverted": true
                            },
                            {
                                "type": "origins:target_condition",
                                "condition": {
                                    "type": "origins:power",
                                    "power": "manhunt:enchanter/recall/enchanted"
                                }
                            }
                        ]
                    }
                },
                {
					"type": "origins:spawn_entity",
					"entity_type": "minecraft:armor_stand",
					"tag": "{Marker:1b,Invisible:1b,Tags:[\"enchanter_icon\"],Passengers:[{id:\"minecraft:item_display\",view_range:100f,start_interpolation:-3,interpolation_duration:0,Tags:[\"enchanter_icon\"],transformation:{left_rotation:[0f,0f,0f,1f],right_rotation:[0f,0f,0f,1f],translation:[0f,1f,0f],scale:[0.1f,0.1f,0.1f]},item:{id:\"minecraft:amethyst_shard\",Count:1b,tag:{CustomModelData:1}}}]}",
					"entity_action": {
						"type": "origins:and",
						"actions": [
							{
								"type": "origins:execute_command",
								"command": "tp @s ~ ~2 ~",
								"permission_level": 4
							},
							{
								"type": "origins:execute_command",
								"command": "power grant @s manhunt:enchanter/recall/anim",
								"permission_level": 4
							},
							{
								"type": "origins:execute_command",
								"command": "execute on passengers run data modify entity @s Rotation[1] set value 0f",
								"permission_level": 4
							},
							{
								"type": "origins:execute_command",
								"command": "execute on passengers run data modify entity @s interpolation_duration set value 30",
								"permission_level": 4
							},
							{
								"type": "origins:execute_command",
								"command": "execute on passengers run data modify entity @s transformation.scale set value [4f,4f,4f]",
								"permission_level": 4
							}
						]
					}
				},
                {
                    "type": "origins:execute_command",
                    "command": "tag @s remove enchanted_recall"
                },
                {
                    "type": "origins:execute_command",
                    "command": "playsound minecraft:block.enchantment_table.use player @a ~ ~ ~ 2 1.2"
                },
                {
                    "type": "origins:execute_command",
                    "command": "playsound minecraft:block.sculk_sensor.break player @a ~ ~ ~ 1 2"
                }
            ]
        },
        "cooldown": 5,
        "hud_render": {
            "should_render": false
        },
        "key": "key.use",
        "condition": {
            "type": "origins:and",
            "conditions": [
                {
                    "type": "origins:resource",
                    "resource": "manhunt:enchanter/arcane_energy",
                    "comparison": "==",
                    "compare_to": 100
                },
                {
                    "type": "origins:equipped_item",
                    "equipment_slot": "mainhand",
                    "item_condition": {
                        "type": "origins:and",
                        "conditions": [
                            {
                                "type": "origins:ingredient",
                                "ingredient": {
                                    "item": "minecraft:amethyst_shard"
                                }
                            },
                            {
                                "type": "origins:nbt",
                                "nbt": "{Tags:[\"enchanter_stone\"]}"
                            }
                        ]
                    }
                }
            ]
        }
    },
    "name": "Arcane: Recall",
    "description": "\"I never understood how others don't see the energy that inhabits the 'inanimate'... What a conundrum.\"",
    "badges": [
        {
            "type": "origins:tooltip",
            "sprite": "minecraft:textures/mob_effect/absorption.png",
            "text": "Taking damage from hunters or hitting a damage cap from Majestic Guard:\n\nAbility cooldowns: -5s\n+30% Stamina meter"
        },
        {
            "type": "origins:tooltip",
            "sprite": "origins:textures/gui/badge/star.png",
            "text": "+40+ Invincibility frames"
        }
    ]
}