{
    "type": "origins:multiple",
    "atk_fast": {
        "type": "origins:conditioned_attribute",
        "modifier": {
            "attribute": "minecraft:generic.attack_speed",
            "operation": "addition",
            "value": 0.15,
            "name": "Increased attack speed"
        },
        "condition": {
            "type": "origins:and",
            "conditions": [
                {
                    "type": "origins:equipped_item",
                    "equipment_slot": "mainhand",
                    "item_condition": {
                        "type": "origins:ingredient",
                        "ingredient": {
                            "tag": "manhunt:swords"
                        }
                    }
                },
                {
                    "type": "origins:equipped_item",
                    "equipment_slot": "offhand",
                    "item_condition": {
                        "type": "origins:ingredient",
                        "ingredient": {
                            "tag": "manhunt:swords"
                        }
                    }
                }
            ]
        }
    },
    "atk_slow": {
        "type": "origins:conditioned_attribute",
        "modifier": {
            "attribute": "minecraft:generic.attack_speed",
            "operation": "addition",
            "value": -0.15,
            "name": "Increased attack speed"
        },
        "condition": {
            "type": "origins:or",
            "conditions": [
                {
                    "type": "origins:equipped_item",
                    "equipment_slot": "mainhand",
                    "item_condition": {
                        "type": "origins:ingredient",
                        "ingredient": {
                            "tag": "manhunt:swords"
                        },
                        "inverted": true
                    }
                },
                {
                    "type": "origins:equipped_item",
                    "equipment_slot": "offhand",
                    "item_condition": {
                        "type": "origins:ingredient",
                        "ingredient": {
                            "tag": "manhunt:swords"
                        },
                        "inverted": true
                    }
                }
            ]
        }
    },
    "twinstrike": {
        "type": "origins:action_on_hit",
        "bientity_action": {
            "type": "origins:delay",
            "ticks": 2,
            "action": {
                "type": "origins:and",
                "actions": [
                    {
                        "type": "origins:damage",
                        "amount": 1,
                        "damage_type": "manhunt:twinstrike"
                    },
                    {
                        "type": "origins:actor_action",
                        "action": {
                            "type": "origins:and",
                            "actions": [
                                {
                                    "type": "origins:equipped_item_action",
                                    "equipment_slot": "offhand",
                                    "action": {
                                        "type": "origins:damage",
                                        "amount": 1
                                    }
                                },
                                {
                                    "type": "origins:execute_command",
                                    "command": "particle minecraft:sweep_attack ^ ^1.3 ^0.3",
                                    "permission_level": 4
                                },
                                {
                                    "type": "origins:execute_command",
                                    "command": "playsound minecraft:entity.player.attack.sweep player @a ~ ~ ~ 1",
                                    "permission_level": 4
                                },
                                {
                                    "type": "origins:swing_hand",
                                    "hand": "OFF_HAND"
                                }
                            ]
                        }
                    }
                ]
            }
        },
        "damage_condition": {
            "type": "origins:type",
            "damage_type": "manhunt:twinstrike",
            "inverted": true
        },
        "bientity_condition": {
            "type": "origins:and",
            "conditions": [
                {
                    "type": "origins:actor_condition",
                    "condition": {
                        "type": "origins:and",
                        "conditions": [
                            {
                                "type": "origins:equipped_item",
                                "equipment_slot": "mainhand",
                                "item_condition": {
                                    "type": "origins:ingredient",
                                    "ingredient": {
                                        "tag": "manhunt:swords"
                                    }
                                }
                            },
                            {
                                "type": "origins:equipped_item",
                                "equipment_slot": "offhand",
                                "item_condition": {
                                    "type": "origins:ingredient",
                                    "ingredient": {
                                        "tag": "manhunt:swords"
                                    }
                                }
                            }
                        ]
                    }
                }
            ]
        }
    },
    "name": "Double Boiled",
    "description": "Double the blade; Double the edge on the runners",
    "badges": [
        {
            "type": "origins:tooltip",
            "sprite": "origins:textures/gui/community/silent/badge/icons/sword.png",
            "text": "Your attack speed is reduced by -0.15.\nIf you have swords in both hands, you're granted §7§l⚔Twinstrike§r.\n\n§7§lTwinstrike§r increases attack speed by 0.15 and all attacks deal a second delayed hit that deals 1 damage."
        }
    ]
}