{
    "type": "origins:multiple",
    "active": {
        "type": "origins:active_self",
        "key": "key.origins.secondary_active",
        "cooldown": 3600,
        "hud_render": {
            "should_render": true,
            "bar_index": 14,
            "sprite_location": "origins:textures/gui/community/huang/resource_bar_01.png"
        },
        "entity_action": {
            "type": "origins:and",
            "actions": [
                {
                    "type": "origins:fire_projectile",
                    "entity_type": "minecraft:armor_stand",
                    "speed": 1.3,
                    "tag": "{Invisible:1b,Small:1b,Tags:['manhunt.firestarter_abs.spark']}",
                    "projectile_action": {
                        "type": "origins:and",
                        "actions": [
                            {
                                "type": "origins:grant_power",
                                "power": "*:firestarter/abs",
                                "source": "apoli:command"
                            },
                            {
                                "type": "origins:execute_command",
                                "command": "scale delay set pehkui:width 0"
                            },
                            {
                                "type": "origins:execute_command",
                                "command": "scale delay set pehkui:height 0"
                            },
                            {
                                "type": "origins:execute_command",
                                "command": "scale set pehkui:height 0.25 @s"
                            },
                            {
                                "type": "origins:execute_command",
                                "command": "scale set pehkui:width 0.25 @s"
                            }
                        ]
                    }
                },
                {
                    "type": "origins:execute_command",
                    "command": "playsound minecraft:entity.blaze.death player @a[distance=..16] ~ ~ ~ 0.48 1"
                },
                {
                    "type": "origins:execute_command",
                    "command": "playsound minecraft:entity.ghast.shoot player @a[distance=..16] ~ ~ ~ 0.52 0.64"
                }
            ]
        }
    },
    "name": "Ardor Blossom Star",
    "description": "Though you can't guide everyone... You can offer a burning embrace.",
    "badges": [
        {
            "type": "origins:tooltip",
            "sprite": "origins:textures/gui/badge/star.png",
            "text": "Throw a superheated spark that scorches a small area when it hits the ground, creating fire for 5 seconds that doesn't burn §nhunters§r."
        },  
        {
            "type": "origins:tooltip",
            "sprite": "origins:textures/gui/badge/toggle.png",
            "text": [
                "Press \"",
                {
                    "keybind": "key.origins.secondary_active"
                },
                "\" to activate."
            ]
        },
        {
            "type": "origins:tooltip",
            "sprite": "manhunt:textures/icons/misc/cooldown.png",
            "text": "Cooldown: 3m"
        }
    ]
}