{
    "type": "origins:multiple",
    "no_player": {
        "type": "origins:resource",
        "min": 0,
        "max": 300,
        "start_value": 300,
        "hud_render": {
            "should_render": false
        },
        "min_action": {
            "type": "origins:and",
            "actions": [
                {
                    "type": "origins:execute_command",
                    "command": "execute on passengers run kill @s"
                },
                {
                    "type": "origins:execute_command",
                    "command": "kill @s"
                }
            ]
        }
    },
    "no_player_down": {
        "type": "origins:action_over_time",
        "entity_action": {
            "type": "origins:change_resource",
            "resource": "manhunt:hecatomb/hemo/orb_left_no_player",
            "change": -1
        },
        "interval": 1,
        "condition": {
            "type": "origins:and",
            "conditions": [
                {
                    "type": "origins:riding",
                    "inverted": true
                },
                {
                    "type": "origins:resource",
                    "resource": "manhunt:hecatomb/hemo/orb_left_shot",
                    "compare_to": 0,
                    "comparison": "=="
                }
            ]
        }
    },
    "rotation": {
        "type": "origins:resource",
        "min": 0,
        "max": 360,
        "start_value": 0,
        "hud_render": {
            "should_render": false
        },
        "max_action": {
            "type": "origins:change_resource",
            "resource": "manhunt:hecatomb/hemo/orb_left_rotation",
            "change": -360
        }
    },
    "rotate": {
        "type": "origins:action_over_time",
        "entity_action": {
            "type": "origins:and",
            "actions": [
                {
                    "type": "origins:change_resource",
                    "resource": "manhunt:hecatomb/hemo/orb_left_rotation",
                    "change": 8
                },
                {
                    "type": "origins:execute_command",
                    "command": "execute on passengers store result entity @s Rotation[0] float 1 run resource get @e[limit=1,sort=nearest,type=armor_stand] manhunt:hecatomb/hemo/orb_left_rotation"
                },
                {
                    "type": "origins:execute_command",
                    "command": "particle minecraft:dust_color_transition 1 0 0 1 0.3 0 0 ~ ~ ~ 0.05 0.05 0.05 0.05 1 force @a"
                }
            ]
        },
        "interval": 1,
        "condition": {
            "type": "origins:riding"
        }
    },
    "rejoin": {
        "type": "origins:action_over_time",
        "entity_action": {
            "type": "origins:selector_action",
            "selector": "@a[tag=hunter]",
            "bientity_action": {
                "type": "origins:mount"
            },
            "bientity_condition": {
                "type": "origins:invert",
                "condition": {
                    "type": "origins:in_set",
                    "set": "manhunt:hecatomb/hemo/surge_left_orb"
                }
            }
        },
        "interval": 1,
        "condition": {
            "type": "origins:and",
            "conditions": [
                {
                    "type": "origins:riding",
                    "inverted": true
                },
                {
                    "type": "origins:resource",
                    "resource": "manhunt:hecatomb/hemo/orb_left_shot",
                    "compare_to": 0,
                    "comparison": "=="
                }
            ]
        }
    },
    "shot": {
        "type": "origins:resource",
        "min": 0,
        "max": 1,
        "start_value": 0
    },
    "shot_duration": {
        "type": "origins:resource",
        "min": 0,
        "max": 15,
        "start_value": 15,
        "min_action": {
            "type": "origins:and",
            "actions": [
                {
                    "type": "origins:execute_command",
                    "command": "execute on passengers run kill @s"
                },
                {
                    "type": "origins:execute_command",
                    "command": "kill @s"
                }
            ]
        }
    },
    "shot_down": {
        "type": "origins:action_over_time",
        "entity_action": {
            "type": "origins:change_resource",
            "resource": "manhunt:hecatomb/hemo/orb_left_shot_duration",
            "change": -1
        },
        "interval": 1,
        "condition": {
            "type": "origins:resource",
            "resource": "manhunt:hecatomb/hemo/orb_left_shot",
            "compare_to": 1,
            "comparison": "=="
        }
    },
    "moving": {
        "type": "origins:action_over_time",
        "entity_action": {
            "type": "origins:and",
            "actions": [
                {
                    "type": "origins:change_resource",
                    "resource": "manhunt:hecatomb/hemo/orb_left_rotation",
                    "change": 16
                },
                {
                    "type": "origins:execute_command",
                    "command": "execute if block ^ ^1.5 ^1.5 #minecraft:replaceable run tp @s ^ ^ ^1.5"
                },
                {
                    "type": "origins:execute_command",
                    "command": "execute on passengers store result entity @s Rotation[0] float 1 run resource get @e[limit=1,sort=nearest,type=armor_stand] manhunt:hecatomb/hemo/orb_left_rotation"
                },
                {
                    "type": "origins:execute_command",
                    "command": "particle minecraft:dust_color_transition 1 0 0 1 0.3 0 0 ~ ~ ~ 0.05 0.05 0.05 0.05 1 force @a"
                }
            ]
        },
        "interval": 1,
        "condition": {
            "type": "origins:resource",
            "resource": "manhunt:hecatomb/hemo/orb_left_shot",
            "compare_to": 1,
            "comparison": "=="
        }
    },
    "summon_pillar":  {
        "type": "origins:action_over_time",
        "entity_action": {
            "type": "origins:spawn_entity",
            "entity_type": "minecraft:armor_stand",
            "tag": "{Silent:1b,Invulnerable:1b,Invisible:1b,Tags:[\"hecatomb_pillars\"],DisabledSlots:4144959,Passengers:[{id:\"minecraft:item_display\",Tags:[\"hecatomb_pillars\"],transformation:{left_rotation:[0f,0f,0f,1f],right_rotation:[0f,0f,0f,1f],translation:[0f,-2.5f,0f],scale:[0.01f,0.01f,0.01f]},item:{id:\"minecraft:air\",Count:1b}}]}",
            "entity_action": {
                "type": "origins:and",
                "actions": [
                    {
                        "type": "origins:execute_command",
                        "command": "power grant @s manhunt:hecatomb/hemo/pillar"
                    },
                    {
                        "type": "origins:execute_command",
                        "command": "playsound minecraft:item.axe.strip player @a ~ ~ ~ 0.5 0.7"
                    },
                    {
                        "type": "origins:execute_command",
                        "command": "scale set pehkui:hitbox_height 2.5"
                    },
                    {
                        "type": "origins:execute_command",
                        "command": "scale set pehkui:hitbox_width 5.5"
                    },
                    {
                        "type": "origins:execute_command",
                        "command": "data modify entity @s Rotation set value [0f,0f]"
                    }
                ]
            }
        },
        "interval": 2,
        "condition": {
            "type": "origins:resource",
            "resource": "manhunt:hecatomb/hemo/orb_left_shot",
            "compare_to": 1,
            "comparison": "=="
        }
    }
}