{
    "type": "origins:multiple",
    "delay": {
        "type": "origins:resource",
        "min": 0,
        "max": 2,
        "start_value": 2,
        "min_action": {
            "type": "origins:and",
            "actions": [
                {
                    "type": "origins:area_of_effect",
                    "radius": 20,
                    "shape": "sphere",
                    "bientity_action": {
                        "type": "origins:damage",
                        "amount": 0.01,
                        "damage_type": "minecraft:player_attack"
                    },
                    "bientity_condition": {
                        "type": "origins:target_condition",
                        "condition": {
                            "type": "origins:and",
                            "conditions": [
                                {
                                    "type": "origins:living"
                                },
                                {
                                    "type": "origins:origin",
                                    "origin": "manhunt:hunter",
                                    "layer": "origins:origin"
                                }
                            ]
                        }
                    }
                },
                {
                    "type": "origins:execute_command",
                    "command": "tp @s ~ 319 ~",
                    "permission_level": 4
                },
                {
                    "type": "origins:execute_command",
                    "command": "kill @s",
                    "permission_level": 4
                },
                {
                    "type": "origins:modify_death_ticks",
                    "modifier": {
                        "operation": "set_total",
                        "value": 20
                    }
                }
            ]
        }
    },
    "delay_down": {
        "type": "origins:action_over_time",
        "entity_action": {
            "type": "origins:change_resource",
            "resource": "manhunt:fortis/warcry/shield_delay",
            "change": -1
        },
        "interval": 1
    },
    "invis": {
        "type": "origins:invisibility",
        "render_armor": false
    },
    "held_item":{
        "type": "origins:prevent_feature_render",
        "features": [
            "armor",
            "held_item"
        ]
    }
}