{
    "type": "origins:multiple",
    "detection": {
        "type": "origins:action_on_callback",
        "entity_action_gained": {
            "type": "origins:execute_command",
            "command": "scale set pehkui:visibility -0.5",
            "permission_level": 4
        },
        "entity_action_lost": {
            "type": "origins:execute_command",
            "command": "scale set pehkui:visibility 1",
            "permission_level": 4
        },
        "execute_chosen_when_orb": true
    },
    "less_atkdmg": {
        "type": "origins:modify_attribute",
        "attribute": "minecraft:generic.attack_damage",
        "modifiers": [
            {
                "operation": "add_base_early",
                "value": -1
            },
            {
                "operation": "min_total",
                "value": 1
            }
        ]
    },
    "name": "§d            [₪]§r",
    "description": "",
    "badges": [
        {
            "type": "origins:keybind",
            "sprite": "origins:textures/gui/community/silent/badge/math/expression_multiply.png",
            "text": "§a-50%§r Detection Range."
        },
        {
            "type": "origins:tooltip",
            "sprite": "origins:textures/gui/community/silent/badge/icons/sword.png",
            "text": "§c-1§r Attack Damage."
        }
    ]
}