{
    "type": "origins:multiple",
    "kb_res": {
        "type": "origins:attribute",
        "modifier": {
            "name": "Movement speed increase",
            "attribute": "minecraft:generic.knockback_resistance",
            "value": 0.2,
            "operation": "addition"
        }
    },
    "exhaustion": {
        "type": "origins:modify_exhaustion",
        "modifier": {
            "name": "Increased exhaustion",
            "operation": "multiply_base",
            "value": 0.25
        }
    },
    "name": "§7            [回]§r",
    "description": "",
    "badges": [
        {
            "type": "origins:keybind",
            "sprite": "origins:textures/gui/community/silent/badge/icons/armor.png",
            "text": "§a+0.2§r Knockback Resistance."
        },
        {
            "type": "origins:tooltip",
            "sprite": "origins:textures/gui/community/silent/badge/shapes/arrow_down.png",
            "text": "§c+25%§r Exhaustion"
        }
    ]
}