{
    "type": "origins:multiple",
    "speed": {
        "type": "origins:conditioned_attribute",
        "modifier": {
            "name": "Movement speed decrease",
            "attribute": "minecraft:generic.movement_speed",
            "value": -0.05,
            "operation": "multiply_base"
        },
        "update_health": false,
        "tick_rate": 1,
        "condition": {
            "type": "apugli:entity_in_radius",
            "condition": {
                "type": "origins:origin",
                "origin": "manhunt:runner",
                "layer": "origins:origin"
            },
            "radius": 24.0,
            "comparison": "==",
            "compare_to": 0
        }
    },
    "air_speed": {
        "type": "origins:modify_air_speed",
        "modifier": {
            "operation": "multiply_total",
            "value": -0.05
        }
    },
    "food": {
        "type": "origins:modify_food",
        "always_edible": true,
        "entity_action": {
            "type": "origins:execute_command",
            "command": "function manhunt:rivals_absorption",
            "permission_level": 4
        },
        "condition": {
            "type": "origins:and",
            "conditions": [
                {
                    "type": "origins:status_effect",
                    "effect": "minecraft:absorption",
                    "inverted": true
                },
                {
                    "type": "origins:resource",
                    "resource": "manhunt:roles/rivals_absorption",
                    "comparison": "==",
                    "compare_to": 0
                }
            ]
        }
    },
    "absorption": {
        "type": "origins:resource",
        "min": 0,
        "max": 9,
        "start_value": 0,
        "hud_render": {
            "should_render": false
        },
        "min_action": {
            "type": "origins:execute_command",
            "command": "attribute @s minecraft:generic.max_absorption base set 0",
            "permission_level": 4
        }
    },
    "absorption_down": {
        "type": "origins:action_over_time",
        "entity_action": {
            "type": "origins:change_resource",
            "resource": "manhunt:roles/rivals_absorption",
            "change": -1
        },
        "interval": 20,
        "condition": {
            "type": "origins:resource",
            "resource": "manhunt:roles/rivals_absorption",
            "comparison": ">",
            "compare_to": 0
        }
    },
    "hearts": {
        "type": "origins:status_bar_texture",
        "texture_map": {
            "minecraft:hud/heart/absorbing_full": "manhunt:rivals_full",
            "minecraft:hud/heart/absorbing_half": "manhunt:rivals_half"
        },
        "condition": {
            "type": "origins:resource",
            "resource": "manhunt:roles/rivals_absorption",
            "comparison": ">",
            "compare_to": 0
        }
    },
    "name": "§c            [✘]§r",
    "description": "",
    "badges": [
        {
            "type": "origins:keybind",
            "sprite": "origins:textures/gui/community/silent/badge/shapes/shape_heart.png",
            "text": "§a+1§r Absorption heart on eaten food. (9s duration)"
        },
        {
            "type": "origins:tooltip",
            "sprite": "origins:textures/gui/community/silent/badge/shapes/arrow_down.png",
            "text": "§c-5%§r Passive speed.\n(Not applied within a §n32 block radius§r of a runner)"
        }
    ]
}