{
    "type": "origins:multiple",
    "duration": {
        "type": "origins:resource",
        "min": 0,
        "max": 30,
        "start_value": 30,
        "hud_render": {
            "should_render": true,
            "sprite_location": "origins:textures/gui/community/huang/resource_bar_02.png",
            "bar_index": 15
        },
        "min_action": {
            "type": "origins:execute_command",
            "command": "power remove @s manhunt:captain/trained/trained_effects_lava"
        }
    },
    "water_breathing": {
        "type": "origins:action_over_time",
        "entity_action": {
            "type": "origins:gain_air",
            "value": 40
        },
        "interval": 20
    },
    "swim_speed": {
        "type": "origins:modify_swim_speed",
        "modifier": {
            "operation": "addition",
            "value": -0.04
        }
    },
    "swim_lava": {
        "type": "origins:swimming",
        "condition": {
            "type": "origins:fluid_height",
            "fluid": "minecraft:lava",
            "comparison": ">",
            "compare_to": 0
        }
    },
    "lava_vision": {
        "type": "origins:lava_vision",
        "s": 0,
        "v": 6
    },
    "tag": {
        "type": "origins:action_on_callback",
        "entity_action_gained": {
            "type": "origins:and",
            "actions": [
                {
                    "type": "origins:execute_command",
                    "command": "particle minecraft:lava ~ ~1 ~ 0.1 0.1 0.1 1 100",
                    "permission_level": 4
                },
                {
                    "type": "origins:execute_command",
                    "command": "particle minecraft:flame ~ ~1 ~ 0.1 0.1 0.1 0.2 100"
                },
                {
                    "type": "origins:execute_command",
                    "command": "playsound minecraft:entity.ravager.celebrate player @a[distance=..32] ~ ~ ~ 10 1.5 1"
                },
                {
                    "type": "origins:execute_command",
                    "command": "playsound minecraft:block.fire.extinguish player @a[distance=..32] ~ ~ ~ 1 0.5 1"
                }
            ]
        },
        "entity_action_remove": {
            "type": "origins:and",
            "actions": [
                {
                    "type": "origins:execute_command",
                    "command": "particle minecraft:lava ~ ~1 ~ 0.1 0.1 0.1 1 100",
                    "permission_level": 4
                },
                {
                    "type": "origins:execute_command",
                    "command": "particle minecraft:flame ~ ~1 ~ 0.1 0.1 0.1 0.2 100"
                }
            ]
        }
    },
    "duration_down": {
        "type": "origins:action_over_time",
        "entity_action": {
            "type": "origins:change_resource",
            "resource": "manhunt:captain/trained/trained_effects_lava_duration",
            "change": -1
        },
        "interval": 20
    },
    "particles": {
        "type": "origins:particle",
        "particle": "minecraft:lava",
        "frequency": 4
    },
    "hidden": true
}