{
    "type": "origins:multiple",
    "resource": {
        "type": "origins:resource",
        "min": 0,
        "max": 30,
        "start_value": 30,
        "hud_render": {
            "should_render": true,
            "sprite_location": "origins:textures/gui/community/huang/resource_bar_01.png",
            "bar_index": 10
        },
        "min_action": {
            "type": "origins:execute_command",
            "command": "power remove @s manhunt:captain/trained/trained_effects"
        }
    },
    "water_breathing": {
        "type": "origins:action_over_time",
        "entity_action": {
            "type": "origins:gain_air",
            "value": 40
        },
        "interval": 20
    },
    "swim_speed": {
        "type": "origins:modify_swim_speed",
        "modifier": {
            "operation": "addition",
            "value": 0.03
        }
    },
    "tag": {
        "type": "origins:action_on_callback",
        "entity_action_gained": {
            "type": "origins:and",
            "actions": [
                {
                    "type": "origins:execute_command",
                    "command": "particle minecraft:splash ~ ~2 ~ 0 0 0 10 1000 normal",
                    "permission_level": 4
                },
                {
                    "type": "origins:execute_command",
                    "command": "particle minecraft:fishing ~ ~1.3 ~ 0 0 0 0.1 1000 normal"
                },
                {
                    "type": "origins:execute_command",
                    "command": "playsound minecraft:entity.ravager.celebrate player @a[distance=..32] ~ ~ ~ 10 1.5 1"
                },
                {
                    "type": "origins:execute_command",
                    "command": "playsound minecraft:entity.dolphin.splash player @a[distance=..32] ~ ~ ~ 1 0.5 1"
                }
            ]
        },
        "entity_action_remove": {
            "type": "origins:and",
            "actions": [
                {
                    "type": "origins:execute_command",
                    "command": "particle minecraft:splash ~ ~2 ~ 0 0 0 0.01 1000 normal",
                    "permission_level": 4
                },
                {
                    "type": "origins:execute_command",
                    "command": "particle minecraft:fishing ~ ~1.3 ~ 0 0 0 0.1 1000 normal"
                }
            ]
        }
    },
    "remove_resource": {
        "type": "origins:action_over_time",
        "entity_action": {
            "type": "origins:change_resource",
            "resource": "manhunt:captain/trained/trained_effects_resource",
            "change": -1
        },
        "interval": 20
    },
    "particles": {
        "type": "origins:particle",
        "particle": "minecraft:splash",
        "frequency": 4
    },
    "hidden": true
}