{
    "type": "origins:multiple",
    "particles": {
        "type": "origins:particle",
        "particle": "minecraft:enchant",
        "frequency": 6
    },
    "swirl": {
        "type": "apugli:energy_swirl",
        "texture_location": "minecraft:textures/block/cobweb.png",
        "speed": 0.01
    },
    "shatter": {
        "type": "apoli:prevent_death",
        "entity_action": {
            "type": "origins:and",
            "actions": [
                {
                    "type": "origins:execute_command",
                    "command": "playsound minecraft:block.glass.break player @a ~ ~ ~ 1 0.5"
                },
                {
                    "type": "origins:execute_command",
                    "command": "playsound minecraft:entity.iron_golem.damage player @a ~ ~ ~ 1 0.5"
                },
                {
                    "type": "origins:execute_command",
                    "command": "particle minecraft:block minecraft:glass ~ ~1 ~ 0.3 0.3 0.3 0.01 100"
                },
                {
                    "type": "origins:if_else",
                    "condition": {
                        "type": "origins:equipped_item",
                        "equipment_slot": "chest",
                        "item_condition": {
                            "type": "origins:nbt",
                            "nbt": "{Tags:[\"glass_shield_level2\"]}"
                        }
                    },
                    "if_action": {
                        "type": "origins:and",
                        "actions": [
                            {
                                "type": "origins:delay",
                                "ticks": 1,
                                "action": {
                                    "type": "origins:heal",
                                    "amount": 4
                                }
                            },
                            {
                                "type": "origins:execute_command",
                                "command": "playsound minecraft:entity.zombie_villager.converted player @a ~ ~ ~ 1 2"
                            },
                            {
                                "type": "origins:execute_command",
                                "command": "particle minecraft:heart ~ ~1 ~ 0.3 0.4 0.3 0.01 5"
                            }
                        ]
                    }
                },
                {
                    "type": "origins:if_else",
                    "condition": {
                        "type": "origins:equipped_item",
                        "equipment_slot": "chest",
                        "item_condition": {
                            "type": "origins:nbt",
                            "nbt": "{Tags:[\"glass_shield_level3\"]}"
                        }
                    },
                    "if_action": {
                        "type": "origins:and",
                        "actions": [
                            {
                                "type": "origins:delay",
                                "ticks": 1,
                                "action":  {
                                    "type": "origins:heal",
                                    "amount": 8
                                }
                            },
                            {
                                "type": "origins:execute_command",
                                "command": "playsound minecraft:entity.zombie_villager.cure player @a ~ ~ ~ 1 2"
                            },
                            {
                                "type": "origins:execute_command",
                                "command": "playsound minecraft:entity.zombie_villager.converted player @a ~ ~ ~ 1 2"
                            },
                            {
                                "type": "origins:execute_command",
                                "command": "particle minecraft:enchanted_hit ~ ~1 ~ 0.3 0.4 0.3 0.1 20"
                            },
                            {
                                "type": "origins:execute_command",
                                "command": "particle minecraft:heart ~ ~1 ~ 0.3 0.4 0.3 0.01 5"
                            }
                        ]
                    }
                },
                {
                    "type": "origins:equipped_item_action",
                    "equipment_slot": "chest",
                    "action": {
                        "type": "origins:and",
                        "actions": [
                            {
                                "type": "origins:modify",
                                "modifier": "manhunt:enchanter/glass_break"
                            },
                            {
                                "type": "origins:damage",
                                "amount": 150,
                                "ignore_unbreaking": true
                            }
                        ]
                    }
                }
            ]
        }
    },
    "hidden": true
}