{
    "type": "origins:multiple",
    "change": {
        "type": "origins:action_on_callback",
        "entity_action_lost": {
            "type": "origins:action_on_set",
            "set": "manhunt:falconer/falcon/forth_osha",
            "bientity_action": {
                "type": "origins:target_action",
                "action": {
                    "type": "origins:and",
                    "actions": [
                        {
                            "type": "origins:dismount"
                        },
                        {
                            "type": "origins:execute_command",
                            "command": "tp @s ~ 320 ~"
                        },
                        {
                            "type": "origins:execute_command",
                            "command": "kill @s"
                        },
                        {
                            "type": "origins:modify_death_ticks",
                            "modifier": {
                                "operation": "set_total",
                                "value": 20
                            }
                        }
                    ]
                }
            }
        },
        "execute_chosen_when_orb": true
    },
    "crosshair_texture": {
        "type": "origins:status_bar_texture",
        "texture_map": {
            "minecraft:hud/crosshair": "manhunt:falconer/crosshair"
        },
        "condition": {
            "type": "apugli:key_pressed",
            "key": {
                "key": "key.origins.primary_active",
                "continuous": true
            }
        }
    },
    "death": {
        "type": "origins:action_on_death",
        "bientity_action": {
            "type": "origins:target_action",
            "action": {
                "type": "origins:action_on_set",
                "set": "manhunt:falconer/falcon/forth_osha",
                "bientity_action": {
                    "type": "origins:target_action",
                    "action": {
                        "type": "origins:and",
                        "actions": [
                            {
                                "type": "origins:dismount"
                            },
                            {
                                "type": "origins:execute_command",
                                "command": "tp @s ~ 320 ~"
                            },
                            {
                                "type": "origins:execute_command",
                                "command": "kill @s"
                            },
                            {
                                "type": "origins:modify_death_ticks",
                                "modifier": {
                                    "operation": "set_total",
                                    "value": 20
                                }
                            }
                        ]
                    }
                }
            }
        }
    },
    "cooldown": {
        "type": "origins:resource",
        "min": 0,
        "max": 300,
        "start_value": 0,
        "hud_render": [
            {
                "should_render": true,
                "bar_index": 0,
                "icon_index": 0,
                "sprite_location": "manhunt:textures/bars/falconer/osha.png",
                "condition": {
                    "type": "origins:and",
                    "conditions": [
                        {
                            "type": "origins:passenger",
                            "bientity_condition": {
                                "type": "origins:actor_condition",
                                "condition": {
                                    "type": "origins:entity_type",
                                    "entity_type": "minecraft:parrot"
                                }
                            },
                            "compare_to": 1,
                            "comparison": "=="
                        },
                        {
                            "type": "origins:resource",
                            "resource": "manhunt:falconer/falcon/forth_cooldown",
                            "comparison": ">",
                            "compare_to": 0
                        }
                    ]
                }
            },
            {
                "should_render": true,
                "bar_index": 0,
                "icon_index": 1,
                "sprite_location": "manhunt:textures/bars/falconer/osha.png",
                "condition": {
                    "type": "origins:or",
                    "conditions": [
                        {
                            "type": "origins:and",
                            "conditions": [
                                {
                                    "type": "origins:passenger",
                                    "bientity_condition": {
                                        "type": "origins:actor_condition",
                                        "condition": {
                                            "type": "origins:entity_type",
                                            "entity_type": "minecraft:parrot"
                                        }
                                    },
                                    "compare_to": 0,
                                    "comparison": "=="
                                },
                                {
                                    "type": "origins:resource",
                                    "resource": "manhunt:falconer/falcon/forth_cooldown",
                                    "comparison": ">",
                                    "compare_to": 0
                                }
                            ]
                        },
                        {
                            "type": "origins:resource",
                            "resource": "manhunt:falconer/falcon/forth_recovering",
                            "comparison": ">",
                            "compare_to": 0
                        }
                    ]
                }
            }
        ]
    },
    "recovering": {
        "type": "origins:resource",
        "min": 0,
        "max": 1200,
        "start_value": 0,
        "hud_render": {
            "should_render": false
        }
    },
    "recovering_down": {
        "type": "origins:action_over_time",
        "entity_action": {
            "type": "origins:change_resource",
            "resource": "manhunt:falconer/falcon/forth_recovering",
            "change": -1
        },
        "interval": 1
    },
    "cooldown_down": {
        "type": "origins:action_over_time",
        "entity_action": {
            "type": "origins:change_resource",
            "resource": "manhunt:falconer/falcon/forth_cooldown",
            "change": -1
        },
        "interval": 1
    },
    "osha": {
        "type": "origins:entity_set"
    },
    "summon": {
        "type": "origins:active_self",
        "entity_action": {
            "type": "origins:and",
            "actions": [
                {
                    "type": "origins:if_else",
                    "condition": {
                        "type": "origins:passenger",
                        "bientity_condition": {
                            "type": "origins:actor_condition",
                            "condition": {
                                "type": "origins:entity_type",
                                "entity_type": "minecraft:parrot"
                            }
                        },
                        "compare_to": 0,
                        "comparison": "=="
                    },
                    "if_action": {
                        "type": "origins:and",
                        "actions": [
                            {
                                "type": "origins:execute_command",
                                "command": "tag @s add forth_summon",
                                "permission_level": 4
                            },
                            {
                                "type": "origins:execute_command",
                                "command": "execute store result score @s osha_owner run data get entity @s UUID[0]",
                                "permission_level": 4
                            },
                            {
                                "type": "origins:spawn_entity",
                                "entity_type": "minecraft:parrot",
                                "tag": "{DeathLootTable:\"minecraft:empty\",FallFlying:0b,NoAI:1b,CanPickUpLoot:0b,Variant:1,Tags:[\"osha\"],CustomName:'{\"text\":\"OSHA!!\"}'}",
                                "entity_action": {
                                    "type": "origins:and",
                                    "actions": [
                                        {
                                            "type": "origins:selector_action",
                                            "selector": "@p[tag=forth_summon]",
                                            "bientity_action": {
                                                "type": "origins:and",
                                                "actions": [
                                                    {
                                                        "type": "origins:invert",
                                                        "action": {
                                                            "type": "origins:add_to_set",
                                                            "set": "manhunt:falconer/falcon/forth_osha"
                                                        }
                                                    },
                                                    {
                                                        "type": "origins:mount"
                                                    }
                                                ]
                                            }
                                        },
                                        {
                                            "type": "origins:execute_command",
                                            "command": "execute store result score @s osha_owner run data get entity @p[tag=forth_summon] UUID[0]",
                                            "permission_level": 4
                                        },
                                        {
                                            "type": "origins:execute_command",
                                            "command": "scale delay set pehkui:hitbox_width 0 @s",
                                            "permission_level": 4
                                        },
                                        {
                                            "type": "origins:execute_command",
                                            "command": "scale delay set pehkui:hitbox_height 0 @s",
                                            "permission_level": 4
                                        },
                                        {
                                            "type": "origins:execute_command",
                                            "command": "scale delay set pehkui:base 0 @s",
                                            "permission_level": 4
                                        },
                                        {
                                            "type": "origins:execute_command",
                                            "command": "scale set pehkui:base 1.15 @s",
                                            "permission_level": 4
                                        },
                                        {
                                            "type": "origins:execute_command",
                                            "command": "power grant @s manhunt:falconer/falcon/osha",
                                            "permission_level": 4
                                        },
                                        {
                                            "type": "origins:execute_command",
                                            "command": "particle minecraft:poof ~ ~0.2 ~ 0 0 0 0.05 10",
                                            "permission_level": 4
                                        },
                                        {
                                            "type": "origins:execute_command",
                                            "command": "playsound minecraft:entity.parrot.fly player @a ~ ~ ~ 1 0.5",
                                            "permission_level": 4
                                        },
                                        {
                                            "type": "origins:execute_command",
                                            "command": "playsound minecraft:entity.item.pickup player @a ~ ~ ~ 0.4 0.8",
                                            "permission_level": 4
                                        }
                                    ]
                                }
                            },
                            {
                                "type": "origins:execute_command",
                                "command": "tag @s remove forth_summon",
                                "permission_level": 4
                            }
                        ]
                    }
                }
            ]
        },
        "cooldown": 1,
        "key": {
            "key": "key.origins.primary_active",
            "continuous": true
        },
        "hud_render": {
            "should_render": false
        },
        "condition": {
            "type": "origins:and",
            "conditions": [
                {
                    "type": "origins:resource",
                    "resource": "manhunt:falconer/falcon/forth_cooldown",
                    "comparison": "==",
                    "compare_to": 0
                },
                {
                    "type": "origins:set_size",
                    "set": "manhunt:falconer/falcon/forth_osha",
                    "comparison": "==",
                    "compare_to": 0
                },
                {
                    "type": "origins:resource",
                    "resource": "manhunt:falconer/falcon/forth_recovering",
                    "comparison": "==",
                    "compare_to": 0
                }
            ]
        }
    },
    "send": {
        "type": "origins:active_self",
        "entity_action": {
            "type": "origins:and",
            "actions": [
                {
                    "type": "origins:change_resource",
                    "resource": "manhunt:falconer/falcon/forth_cooldown",
                    "change": 300,
                    "operation": "set"
                },
                {
                    "type": "origins:passenger_action",
                    "action": {
                        "type": "origins:and",
                        "actions": [
                            {
                                "type": "origins:dismount"
                            },
                            {
                                "type": "origins:change_resource",
                                "resource": "manhunt:falconer/falcon/osha_fly",
                                "change": 15,
                                "operation": "set"
                            },
                            {
                                "type": "origins:execute_command",
                                "command": "data modify entity @s NoAI set value 1b",
                                "permission_level": 4
                            }
                        ]
                    }
                }
            ]
        },
        "cooldown": 1,
        "key": {
            "key": "key.attack"
        },
        "hud_render": {
            "should_render": false
        },
        "condition": {
            "type": "origins:and",
            "conditions": [
                {
                    "type": "origins:resource",
                    "resource": "manhunt:falconer/falcon/forth_cooldown",
                    "comparison": "==",
                    "compare_to": 0
                },
                {
                    "type": "apugli:key_pressed",
                    "key": {
                        "key": "key.origins.primary_active",
                        "continuous": true
                    }
                },
                {
                    "type": "origins:passenger",
                    "bientity_condition": {
                        "type": "origins:actor_condition",
                        "condition": {
                            "type": "origins:entity_type",
                            "entity_type": "minecraft:parrot"
                        }
                    },
                    "compare_to": 1,
                    "comparison": "=="
                }
            ]
        }
    },
    "grapple": {
        "type": "origins:active_self",
        "entity_action": {
            "type": "origins:and",
            "actions": [
                {
                    "type": "origins:action_on_set",
                    "set": "manhunt:falconer/falcon/forth_osha",
                    "bientity_action": {
                        "type": "origins:target_action",
                        "action": {
                            "type": "origins:if_else",
                            "condition": {
                                "type": "origins:resource",
                                "resource": "manhunt:falconer/falcon/osha_lend",
                                "comparison": ">",
                                "compare_to": 0
                            },
                            "if_action": {
                                "type": "origins:raycast",
                                "distance": 24,
                                "block": true,
                                "entity": true,
                                "shape_type": "collider",
                                "fluid_handling": "none",
                                "bientity_action": {
                                    "type": "origins:and",
                                    "actions": [
                                        {
                                            "type": "origins:add_velocity",
                                            "z": -2
                                        },
                                        {
                                            "type": "origins:target_action",
                                            "action": {
                                                "type": "origins:and",
                                                "actions": [
                                                    {
                                                        "type": "origins:change_resource",
                                                        "resource": "manhunt:falconer/falcon/forth_lend_land",
                                                        "change": 1,
                                                        "operation": "set"
                                                    },
                                                    {
                                                        "type": "origins:change_resource",
                                                        "resource": "manhunt:falconer/falcon/forth_slow_fall",
                                                        "change": 45,
                                                        "operation": "set"
                                                    },
                                                    {
                                                        "type": "origins:execute_command",
                                                        "command": "playsound minecraft:block.chain.hit player @a ~ ~ ~ 1 0.5",
                                                        "permission_level": 4
                                                    },
                                                    {
                                                        "type": "origins:execute_command",
                                                        "command": "playsound minecraft:block.tripwire.detach player @a ~ ~ ~ 1 2",
                                                        "permission_level": 4
                                                    }
                                                ]
                                            }
                                        }
                                    ]
                                },
                                "command_along_ray": "particle minecraft:dust_color_transition 1 1 0 1.2 0.4 0.4 0 ~ ~ ~",
                                "command_step": 0.5,
                                "command_along_ray_only_on_hit": true,
                                "bientity_condition": {
                                    "type": "origins:invert",
                                    "condition": {
                                        "type": "origins:in_set",
                                        "set": "manhunt:falconer/falcon/forth_osha"
                                    }
                                }
                            }
                        }
                    }
                }
            ]
        },
        "cooldown": 30,
        "key": {
            "key": "key.attack"
        },
        "hud_render": {
            "should_render": false
        },
        "condition": {
            "type": "origins:and",
            "conditions": [
                {
                    "type": "apugli:key_pressed",
                    "key": {
                        "key": "key.origins.primary_active",
                        "continuous": true
                    }
                },
                {
                    "type": "origins:passenger",
                    "bientity_condition": {
                        "type": "origins:actor_condition",
                        "condition": {
                            "type": "origins:entity_type",
                            "entity_type": "minecraft:parrot"
                        }
                    },
                    "compare_to": 0,
                    "comparison": "=="
                }
            ]
        }
    },
    "lend_land": {
        "type": "origins:resource",
        "min": 0,
        "max": 1,
        "start_value": 0
    },
    "slow_fall": {
        "type": "origins:resource",
        "min": 0,
        "max": 45,
        "start_value": 0
    },
    "falling": {
        "type": "origins:modify_falling",
        "velocity": 0.004,
        "take_fall_damage": false,
        "condition": {
            "type": "origins:and",
            "conditions": [
                {
                    "type": "origins:resource",
                    "resource": "manhunt:falconer/falcon/forth_slow_fall",
                    "comparison": ">",
                    "compare_to": 0
                },
                {
                    "type": "origins:resource",
                    "resource": "manhunt:falconer/falcon/forth_lend_land",
                    "comparison": "==",
                    "compare_to": 1
                },
                {
                    "type": "origins:using_item",
                    "item_condition": {
                        "type": "origins:ingredient",
                        "ingredient": {
                            "item": "minecraft:bow"
                        }
                    }
                }
            ]
        }
    },
    "aerial": {
        "type": "origins:action_over_time",
        "entity_action": {
            "type": "origins:change_resource",
            "resource": "manhunt:falconer/falcon/forth_slow_fall",
            "change": -1
        },
        "interval": 1,
        "condition": {
            "type": "origins:and",
            "conditions": [
                {
                    "type": "origins:on_block",
                    "inverted": true
                },
                {
                    "type": "origins:resource",
                    "resource": "manhunt:falconer/falcon/forth_slow_fall",
                    "comparison": ">",
                    "compare_to": 0
                },
                {
                    "type": "origins:using_item",
                    "item_condition": {
                        "type": "origins:ingredient",
                        "ingredient": {
                            "item": "minecraft:bow"
                        }
                    }
                }
            ]
        }
    },
    "immune": {
        "type": "origins:invulnerability",
        "damage_condition": {
            "type": "origins:in_tag",
            "tag": "minecraft:is_fall"
        },
        "condition": {
            "type": "origins:resource",
            "resource": "manhunt:falconer/falcon/forth_lend_land",
            "comparison": "==",
            "compare_to": 1
        }
    },
    "particles": {
        "type": "origins:action_over_time",
        "entity_action": {
            "type": "origins:execute_command",
            "command": "particle minecraft:dust_color_transition 1 1 0 1.2 0.4 0.4 0 ~ ~0.1 ~"
        },
        "interval": 1,
        "condition": {
            "type": "origins:resource",
            "resource": "manhunt:falconer/falcon/forth_lend_land",
            "comparison": "==",
            "compare_to": 1
        }
    },
    "land": {
        "type": "origins:action_over_time",
        "rising_action": {
            "type": "origins:and",
            "actions": [
                {
                    "type": "origins:change_resource",
                    "resource": "manhunt:falconer/falcon/forth_lend_land",
                    "change": 0,
                    "operation": "set"
                },
                {
                    "type": "origins:change_resource",
                    "resource": "manhunt:falconer/falcon/forth_slow_fall",
                    "change": 0,
                    "operation": "set"
                }
            ]
        },
        "interval": 1,
        "condition": {
            "type": "origins:and",
            "conditions": [
                {
                    "type": "origins:on_block"
                },
                {
                    "type": "origins:resource",
                    "resource": "manhunt:falconer/falcon/forth_lend_land",
                    "comparison": "==",
                    "compare_to": 1
                }
            ]
        }
    },
    "grapple_glow": {
        "type": "origins:entity_glow",
        "bientity_condition": {
            "type": "origins:and",
            "conditions": [
                {
                    "type": "origins:can_see"
                },
                {
                    "type": "origins:in_set",
                    "set": "manhunt:falconer/falcon/forth_osha"
                },
                {
                    "type": "origins:distance",
                    "comparison": "<=",
                    "compare_to": 24
                }
            ]
        },
        "condition": {
            "type": "origins:passenger",
            "bientity_condition": {
                "type": "origins:actor_condition",
                "condition": {
                    "type": "origins:entity_type",
                    "entity_type": "minecraft:parrot"
                }
            },
            "compare_to": 0,
            "comparison": "=="
        },
        "use_teams": false,
        "red": 1.0,
        "green": 1.0,
        "blue": 0.0
    },
    "scout": {
        "type": "origins:active_self",
        "entity_action": {
            "type": "origins:and",
            "actions": [
                {
                    "type": "origins:change_resource",
                    "resource": "manhunt:falconer/falcon/forth_cooldown",
                    "change": 300,
                    "operation": "set"
                },
                {
                    "type": "origins:swing_hand",
                    "hand": "MAIN_HAND"
                },
                {
                    "type": "origins:selector_action",
                    "selector": "@p[tag=runner]",
                    "bientity_action": {
                        "type": "origins:target_action",
                        "action": {
                            "type": "origins:and",
                            "actions": [
                                {
                                    "type": "origins:execute_command",
                                    "command": "execute store result score @s osha_target run data get entity @s UUID[0]",
                                    "permission_level": 4
                                },
                                {
                                    "type": "origins:spawn_entity",
                                    "entity_type": "minecraft:armor_stand",
                                    "tag": "{NoGravity:1b,Invulnerable:1b,Marker:1b,Invisible:1b,Tags:[\"osha_target\"]}",
                                    "entity_action": {
                                        "type": "origins:and",
                                        "actions": [
                                            {
                                                "type": "origins:execute_command",
                                                "command": "data modify entity @s Rotation set value [0f,0f]",
                                                "permission_level": 4
                                            },
                                            {
                                                "type": "origins:execute_command",
                                                "command": "power grant @s manhunt:falconer/falcon/target",
                                                "permission_level": 4
                                            },
                                            {
                                                "type": "origins:execute_command",
                                                "command": "tp @s ~ ~12 ~",
                                                "permission_level": 4
                                            },
                                            {
                                                "type": "origins:execute_command",
                                                "command": "execute store result score @s osha_target run data get entity @p[tag=runner] UUID[0]",
                                                "permission_level": 4
                                            }
                                        ]
                                    },
                                    "bientity_action": {
                                        "type": "origins:invert",
                                        "action": {
                                            "type": "origins:add_to_set",
                                            "set": "manhunt:falconer/falcon/target_preyed"
                                        }
                                    }
                                }
                            ]
                        }
                    }
                },
                {
                    "type": "origins:passenger_action",
                    "action": {
                        "type": "origins:and",
                        "actions": [
                            {
                                "type": "origins:dismount"
                            },
                            {
                                "type": "origins:change_resource",
                                "resource": "manhunt:falconer/falcon/osha_scout",
                                "change": 900,
                                "operation": "set"
                            },
                            {
                                "type": "origins:execute_command",
                                "command": "data modify entity @s NoAI set value 0b",
                                "permission_level": 4
                            }
                        ]
                    }
                }
            ]
        },
        "cooldown": 1,
        "key": {
            "key": "key.use"
        },
        "hud_render": {
            "should_render": false
        },
        "condition": {
            "type": "origins:and",
            "conditions": [
                {
                    "type": "origins:resource",
                    "resource": "manhunt:falconer/falcon/forth_cooldown",
                    "comparison": "==",
                    "compare_to": 0
                },
                {
                    "type": "apugli:key_pressed",
                    "key": {
                        "key": "key.origins.primary_active",
                        "continuous": true
                    }
                },
                {
                    "type": "origins:passenger",
                    "bientity_condition": {
                        "type": "origins:actor_condition",
                        "condition": {
                            "type": "origins:entity_type",
                            "entity_type": "minecraft:parrot"
                        }
                    },
                    "compare_to": 1,
                    "comparison": "=="
                }
            ]
        }
    },
    "recalling": {
        "type": "origins:resource",
        "min": 0,
        "max": 2,
        "start_value": 0,
        "hud_render": {
            "should_render": false
        },
        "max_action": {
            "type": "origins:and",
            "actions": [
                {
                    "type": "origins:swing_hand",
                    "hand": "MAIN_HAND"
                },
                {
                    "type": "origins:change_resource",
                    "resource": "manhunt:falconer/falcon/forth_recalling",
                    "change": -2
                },
                {
                    "type": "origins:action_on_set",
                    "set": "manhunt:falconer/falcon/forth_osha",
                    "bientity_action": {
                        "type": "origins:and",
                        "actions": [
                            {
                                "type": "origins:target_action",
                                "action": {
                                    "type": "origins:execute_command",
                                    "command": "execute as @e[tag=osha_target,type=armor_stand] if score @s osha_target = @e[limit=1,sort=nearest,type=parrot] osha_target run resource set @s manhunt:falconer/falcon/target_duration 0",
                                    "permission_level": 4
                                }
                            },
                            {
                                "type": "origins:invert",
                                "action": {
                                    "type": "origins:mount"
                                }
                            },
                            {
                                "type": "origins:target_action",
                                "action": {
                                    "type": "origins:and",
                                    "actions": [
                                        {
                                            "type": "origins:change_resource",
                                            "resource": "manhunt:falconer/falcon/osha_scout",
                                            "change": -900
                                        },
                                        {
                                            "type": "origins:change_resource",
                                            "resource": "manhunt:falconer/falcon/osha_fly",
                                            "change": -15
                                        },
                                        {
                                            "type": "origins:change_resource",
                                            "resource": "manhunt:falconer/falcon/osha_lend",
                                            "change": -600
                                        },
                                        {
                                            "type": "origins:execute_command",
                                            "command": "data modify entity @s NoAI set value 1b",
                                            "permission_level": 4
                                        }
                                    ]
                                }
                            }
                        ]
                    }
                }
            ]
        }
    },
    "cancel_recall": {
        "type": "origins:action_over_time",
        "entity_action": {
            "type": "origins:change_resource",
            "resource": "manhunt:falconer/falcon/forth_recalling",
            "change": -2
        },
        "interval": 10,
        "condition": {
            "type": "apugli:key_pressed",
            "key": {
                "key": "key.sneak",
                "continuous": true
            }
        }
    },
    "recall": {
        "type": "origins:active_self",
        "entity_action": {
            "type": "origins:change_resource",
            "resource": "manhunt:falconer/falcon/forth_recalling",
            "change": 1
        },
        "cooldown": 1,
        "key": {
            "key": "key.sneak",
            "continuous": false
        },
        "hud_render": {
            "should_render": false
        },
        "condition": {
            "type": "origins:and",
            "conditions": [
                {
                    "type": "apugli:key_pressed",
                    "key": {
                        "key": "key.origins.primary_active",
                        "continuous": true
                    }
                },
                {
                    "type": "origins:passenger",
                    "bientity_condition": {
                        "type": "origins:actor_condition",
                        "condition": {
                            "type": "origins:entity_type",
                            "entity_type": "minecraft:parrot"
                        }
                    },
                    "compare_to": 0,
                    "comparison": "=="
                }
            ]
        }
    },
    "name": "Forth: Osha",
    "description": "Summon forth your trusted falcon: Osha. With this little rascal at your side, you can show who truly is humanity's best friend. (its Osha of course)",
    "badges": [
        {
            "type": "origins:tooltip",
            "sprite": "manhunt:textures/item/icons/hunters/falconer.png",
            "text": "§e§lOSHA 🐦§r§7\nOsha is your trusted companion!\nOn your shoulder, he can be ordered to do §r§etwo§r§7 things:\n\n§l§eLEND 🕊§r§7\nSends Osha forward.\nAfter a short while, cast the ability again to §r§egrapple§r§7 to him §r§8(fall damage is negated)§r\n\n§l§6SCOUT 📌§r§7\n Send Osha to find the §nclosest§r§7 runner and §r§ereveal§r§7 their position to you.\n\n§r§c🕕§r§7 Lend Duration: §r§f7s§r§8 (Upon activation)\n§r§c🕕§r§7 Scout Duration: §r§f45s§r§8 (Upon activation)\n§e⌛§r§7 Cooldown: §r§f15s§r§8 (Taking fatal damage puts Osha on a 1m cooldown)\n\n§7§lActive Ability"
        },
        {
            "type": "origins:tooltip",
            "sprite": "origins:textures/gui/badge/toggle.png",
            "text": [
                "§7Hold §7[",
                {
                    "keybind": "key.origins.primary_active"
                },
                "]§7 to summon Osha to your shoulder!\n§r[",
                {
                    "keybind": "key.attack"
                },
                "]§7 to use §l§eLEND 🕊§r\n§r[",
                {
                    "keybind": "key.use"
                },
                "]§7 to use §l§6SCOUT 📌§r\n§8(Press §r[",
                {
                    "keybind": "key.sneak"
                },
                "]§8 twice quickly to recall Osha!)"
            ]
        }
    ]
}