{
    "type": "origins:multiple",
    "duration": {
        "type": "origins:resource",
        "min": 0,
        "max": 30,
        "start_value": 30,
        "hud_render": {
            "should_render": false
        },
        "min_action": {
            "type": "origins:and",
            "actions": [
                {
                    "type": "origins:execute_command",
                    "command": "power remove @s manhunt:chronos/time/sped",
                    "permission_level": 4
                }
            ]
        }
    },
    "duration_down": {
        "type": "origins:action_over_time",
        "entity_action": {
            "type": "origins:change_resource",
            "resource": "manhunt:chronos/time/sped_duration",
            "change": -1
        },
        "interval": 1
    },
    "shader":{
        "type": "origins:shader",
        "shader": "minecraft:shaders/post/deconverge.json",
        "toggleable": false
    },
    "velocity": {
        "type": "origins:modify_velocity",
        "modifier": {
            "value": 1,
            "operation": "multiply_total"
        },
        "axes": [
            "x",
            "y",
            "z"
        ]
    },
    "jump":{
        "type": "origins:modify_jump",
        "modifier": {
            "operation": "multiply_total",
            "value": -0.35
        }
    },
    "hidden": true
}