{
    "name": "Ardor Blossom Star projectile",
    "type": "origins:multiple",
    "particles": {
        "type": "origins:action_over_time",
        "interval": 1,
        "entity_action": {
            "type": "origins:execute_command",
            "command": "particle flame ~ ~0.25 ~ 0.15 0.15 0.15 0 4"
        },
        "condition": {
            "type": "origins:resource",
            "resource": "*:*_grounded",
            "compare_to": 0,
            "comparison": "=="
        }
    },
    "particles2": {
        "type": "origins:action_over_time",
        "interval": 1,
        "entity_action": {
            "type": "origins:execute_command",
            "command": "particle smoke ~ ~0.25 ~ 0.15 0.15 0.15 0 4"
        },
        "condition": {
            "type": "origins:resource",
            "resource": "*:*_grounded",
            "compare_to": 0,
            "comparison": "=="
        }
    },
    "grounded": {
        "type": "origins:resource",
        "min": 0,
        "max": 1,
        "start_value": 0
    },
    "kill": {
        "type": "origins:action_over_time",
        "interval": 200,
        "entity_action": {
            "type": "origins:execute_command",
            "command": "kill @s"
        }
    },
    "land": {
        "type": "origins:action_on_land",
        "entity_action": {
            "type": "origins:change_resource",
            "resource": "*:*_grounded",
            "change": 1
        }
    },
    "spreadflame": {
        "type": "origins:action_over_time",
        "interval": 1,
        "condition": {
            "type": "origins:resource",
            "resource": "*:*_grounded",
            "compare_to": 1,
            "comparison": "=="
        },
        "rising_action": {
            "type": "origins:and",
            "actions": [
                {
                    "type": "origins:spawn_entity",
                    "entity_type": "minecraft:area_effect_cloud",
                    "tag": "{Particle:\"flame\",Radius:3f,RadiusPerTick:0f,RadiusOnUse:0f,Duration:80,DurationOnUse:0f,Tags:[\"manhunt.firestarter_abs.aec\"]}"
                },
                {
                    "type": "origins:play_sound",
                    "sound": "minecraft:entity.dragon_fireball.explode",
                    "pitch": 1.3,
                    "volume": 1
                },
                {
                    "type": "origins:play_sound",
                    "sound": "minecraft:block.fire.extinguish",
                    "pitch": 0.7,
                    "volume": 1
                }
            ]
        },
        "entity_action": {
            "type": "origins:area_of_effect",
            "radius": 3,
            "bientity_action": {
                "type": "origins:target_action",
                "action": {
                    "type": "origins:set_on_fire",
                    "duration": 2
                }
            },
            "bientity_condition": {
                "type": "origins:target_condition",
                "condition": {
                    "type": "origins:command",
                    "command": "execute if entity @s[team=Hunters]",
                    "compare_to": 0,
                    "comparison": "=="
                }
            }
        }
    }
}