{
  "type": "origins:multiple",
  "health": {
    "type": "origins:attribute",
    "modifier": {
      "name": "Max health increase",
      "attribute": "minecraft:generic.max_health",
      "value": -8,
      "operation": "addition"
    }
  },
  "mining": {
    "type": "origins:modify_break_speed",
    "modifier": {
      "operation": "multiply_total",
      "value": -0.40
    },
    "hardness_modifiers": [
      {
        "operation": "min_total",
        "value": 0
      }
    ],
    "condition": {
      "type": "origins:dimension",
      "dimension": "minecraft:the_nether",
      "inverted": true
    }
  },
  "name": "Frail Shape",
  "description": "Being the lowest class of hellbeing has it's downsides.",
  "badges": [
    {
      "type": "origins:keybind",
      "sprite": "origins:textures/gui/badge/toggle.png",
      "text": "§c-40%§r mining speed §noutside the Nether§r."
    },
    {
      "type": "origins:tooltip",
      "sprite": "origins:textures/gui/community/silent/badge/shapes/shape_heart.png",
      "text": "Frail: -3 §l§c❤§r"
    }
  ]
}