{
    "type": "origins:multiple",
    "energy": {
        "type": "origins:resource",
        "min": 0,
        "max": 60,
        "start_value": 60,
        "hud_render": {
            "should_render": true,
            "sprite_location": "manhunt:textures/bars/imp/fly.png",
            "bar_index": 0
        }
    },
    "gain_energy": {
        "type": "origins:action_over_time",
        "entity_action": {
            "type": "origins:change_resource",
            "resource": "manhunt:imp/flight_energy",
            "change": 1
        },
        "interval": 3,
        "condition": {
            "type": "origins:and",
            "conditions": [
                {
                    "type": "origins:on_block"
                }
            ]
        }
    },
    "holding_key": {
        "type": "origins:resource",
        "min": 0,
        "max": 3,
        "start_value": 0
    },
    "key_release": {
        "type": "origins:action_over_time",
        "entity_action": {
            "type": "origins:change_resource",
            "resource": "manhunt:imp/flight_holding_key",
            "change": -1
        },
        "interval": 1
    },
    "no_elytra":{
        "type": "origins:prevent_elytra_flight"
    },
    "wings":{
        "type": "origins:elytra_flight",
        "render_elytra": true,
        "texture_location": "manhunt:textures/item/imp_wings.png",
        "condition":  {
            "type": "origins:resource",
            "resource": "manhunt:imp/flight_holding_key",
            "comparison": ">",
            "compare_to": 0
        }
    },
    "activate": {
        "type": "origins:active_self",
        "entity_action": {
            "type": "origins:and",
            "actions": [
                {
                    "type": "origins:execute_command",
                    "command": "execute run effect give @s minecraft:slow_falling 1 0 true"
                },
                {
                    "type": "origins:execute_command",
                    "command": "execute at @s run particle minecraft:witch ^ ^0.5 ^-0.5 0.1 0.1 0.1 0.08 8 normal"
                },
                {
                    "type": "origins:execute_command",
                    "command": "execute at @s run particle minecraft:dust_color_transition 0.502 0.000 0.000 1 0.592 0.024 0.612 ^ ^0.5 ^-0.5 0.3 0.3 0.3 1 4 normal"
                },
                {
                    "type": "origins:execute_command",
                    "command": "execute at @s run particle minecraft:dust_color_transition 0.780 0.000 0.000 1 1.000 0.133 0.000 ^ ^0.5 ^-0.5 0.3 0.3 0.3 1 4 normal"
                },
                {
                    "type": "origins:execute_command",
                    "command": "execute at @s run playsound block.fire.ambient player @a ~ ~1 ~ 1 1"
                },
                {
                    "type": "origins:execute_command",
                    "command": "execute at @s run playsound minecraft:entity.guardian.attack player @a ~ ~1 ~ 1 2"
                },
                {
                    "type": "origins:set_fall_distance",
                    "fall_distance": 0
                },
                {
                    "type": "origins:add_velocity",
                    "z": 0.23,
                    "space": "local"
                },
                {
                    "type": "origins:change_resource",
                    "resource": "manhunt:imp/flight_energy",
                    "change": -3
                },
                {
                    "type": "origins:change_resource",
                    "resource": "manhunt:imp/flight_holding_key",
                    "change": 3,
                    "operation": "set"
                }
            ]
        },
        "key": {
            "key": "key.origins.primary_active",
            "continuous": true
        },
        "cooldown": 1,
        "hud_render": {
            "should_render": false
        },
        "condition": {
            "type": "origins:and",
            "conditions": [
                {
                    "type": "origins:resource",
                    "resource": "manhunt:imp/flight_energy",
                    "comparison": ">=",
                    "compare_to": 2
                },
                {
                    "type": "origins:using_item",
                    "inverted": true,
                    "item_condition": {
                        "type": "origins:ingredient",
                        "ingredient": {
                            "item": "minecraft:trident"
                        }
                    }
                }
            ]
        }
    },
    "no_spam": {
        "type": "origins:active_self",
        "entity_action": {
            "type": "origins:change_resource",
            "resource": "manhunt:imp/flight_energy",
            "change": -6
        },
        "key": {
            "key": "key.origins.primary_active"
        },
        "cooldown": 1,
        "hud_render": {
            "should_render": false
        },
        "condition": {
            "type": "origins:and",
            "conditions": [
                {
                    "type": "origins:resource",
                    "resource": "manhunt:imp/flight_energy",
                    "comparison": ">=",
                    "compare_to": 5
                },
                {
                    "type": "origins:using_item",
                    "inverted": true,
                    "item_condition": {
                        "type": "origins:ingredient",
                        "ingredient": {
                            "item": "minecraft:trident"
                        }
                    }
                }
            ]
        }
    },
    "name": "Infernal Flight",
    "description": "Devilish wings for Demon movement.",
    "badges": [
        {
            "type": "origins:tooltip",
            "sprite": "manhunt:textures/item/imp_wings_item.png",
            "text": "§4§lInfernal Flight §r§4🔥§r\n§7This ability allows you to fly in the direction you're looking!\nTo recharge, simply remain grounded (i.e: on a block)\n§r§8Using Flight will reset fall distance§r\n\n§e⌛§r§7 Recharge: §r§f8.5%/s§r\n§4🕕§r§7 Cost: §r§f10%/0.1s§r\n\n§7§lActive Ability"
        },
        {
            "type": "origins:keybind",
            "sprite": "origins:textures/gui/badge/toggle.png",
            "text": "§7Fly with §r%s§7!"
        }
    ]
}