{
    "type": "origins:multiple",
    "energy": {
        "type": "origins:resource",
        "min": 0,
        "max": 60,
        "start_value": 60,
        "hud_render": {
            "should_render": true,
            "sprite_location": "manhunt:textures/bars/imp/fly.png",
            "bar_index": 0
        }
    },
    "gain_energy": {
        "type": "origins:action_over_time",
        "entity_action": {
            "type": "origins:change_resource",
            "resource": "manhunt:imp/flight_energy",
            "change": 1
        },
        "interval": 3,
        "condition": {
            "type": "origins:and",
            "conditions": [
                {
                    "type": "origins:on_block"
                }
            ]
        }
    },
    "activate": {
        "type": "origins:active_self",
        "entity_action": {
            "type": "origins:and",
            "actions": [
                {
                    "type": "origins:execute_command",
                    "command": "execute run effect give @s minecraft:slow_falling 1 0 true"
                },
                {
                    "type": "origins:execute_command",
                    "command": "execute at @s run particle minecraft:witch ^ ^0.5 ^-0.5 0.1 0.1 0.1 0.08 8 normal"
                },
                {
                    "type": "origins:execute_command",
                    "command": "execute at @s run particle minecraft:dust_color_transition 0.502 0.000 0.000 1 0.592 0.024 0.612 ^ ^0.5 ^-0.5 0.3 0.3 0.3 1 4 normal"
                },
                {
                    "type": "origins:execute_command",
                    "command": "execute at @s run particle minecraft:dust_color_transition 0.780 0.000 0.000 1 1.000 0.133 0.000 ^ ^0.5 ^-0.5 0.3 0.3 0.3 1 4 normal"
                },
                {
                    "type": "origins:execute_command",
                    "command": "execute at @s run playsound block.fire.ambient player @a ~ ~1 ~ 1 1"
                },
                {
                    "type": "origins:execute_command",
                    "command": "execute at @s run playsound minecraft:entity.guardian.attack player @a ~ ~1 ~ 1 2"
                },
                {
                    "type": "origins:set_fall_distance",
                    "fall_distance": 0
                },
                {
                    "type": "origins:add_velocity",
                    "z": 0.23,
                    "space": "local"
                },
                {
                    "type": "origins:change_resource",
                    "resource": "manhunt:imp/flight_energy",
                    "change": -3
                }
            ]
        },
        "key": {
            "key": "key.origins.primary_active",
            "continuous": true
        },
        "cooldown": 1,
        "hud_render": {
            "should_render": false
        },
        "condition": {
            "type": "origins:and",
            "conditions": [
                {
                    "type": "origins:resource",
                    "resource": "manhunt:imp/flight_energy",
                    "comparison": ">=",
                    "compare_to": 2
                },
                {
                    "type": "origins:using_item",
                    "inverted": true,
                    "item_condition": {
                        "type": "origins:ingredient",
                        "ingredient": {
                            "item": "minecraft:trident"
                        }
                    }
                }
            ]
        }
    },
    "no_spam": {
        "type": "origins:active_self",
        "entity_action": {
            "type": "origins:change_resource",
            "resource": "manhunt:imp/flight_energy",
            "change": -6
        },
        "key": {
            "key": "key.origins.primary_active"
        },
        "cooldown": 1,
        "hud_render": {
            "should_render": false
        },
        "condition": {
            "type": "origins:and",
            "conditions": [
                {
                    "type": "origins:resource",
                    "resource": "manhunt:imp/flight_energy",
                    "comparison": ">=",
                    "compare_to": 5
                },
                {
                    "type": "origins:using_item",
                    "inverted": true,
                    "item_condition": {
                        "type": "origins:ingredient",
                        "ingredient": {
                            "item": "minecraft:trident"
                        }
                    }
                }
            ]
        }
    },
    "name": "Infernal Flight",
    "description": "Fly at high speeds in the direction you are looking.",
    "badges": [
        {
            "type": "origins:tooltip",
            "sprite": "origins:textures/gui/badge/star.png",
            "text": "The ability can be used to negate fall damage."
        },
        {
            "type": "origins:keybind",
            "sprite": "origins:textures/gui/badge/toggle.png",
            "text": "Fly with \"%s\"!"
        },
        {
            "type": "origins:tooltip",
            "sprite": "manhunt:textures/icons/cooldown.png",
            "text": "8.5%/sec energy recharge whilst on the ground."
        }
    ]
}