{
    "type": "origins:multiple",
    "carnivore": {
        "type": "origins:prevent_item_use",
        "name": "🚫",
        "item_condition": {
            "type": "origins:and",
            "conditions": [
                {
                    "type": "origins:food"
                },
                {
                    "type": "origins:meat",
                    "inverted": true
                }
            ]
        }
    },
    "no_shield": {
        "type": "origins:prevent_item_use",
        "name": "🚫",
        "item_condition": {
            "type": "origins:ingredient",
            "ingredient": {
                "item": "minecraft:shield"
            }
        }
    },
    "name": "Feral Form",
    "description": "You have no wish for modern societies standards, showing nothing but a beast inside.",
    "badges": [
        {
            "type": "origins:tooltip",
            "sprite": "origins:textures/gui/badge/star.png",
            "text": "§c§lFERAL 🍗§r\n§7You can §r§conly§r§7 eat meat.\nShields cannot be used.\n\n§7§lPassive Ability"
        }
    ]
}