{
    "type": "minecraft:fishing",
    "pools": [
      {
        "rolls": 2.0,
        "entries": [
          {
            "type": "minecraft:item",
            "functions": [
                {
                  "function": "minecraft:set_count",
                  "count": 3
                }
            ],
            "weight": 60,
            "name": "minecraft:cod"
          },
          {
            "type": "minecraft:item",
            "functions": [
                {
                  "function": "minecraft:set_count",
                  "count": 3
                }
            ],
            "weight": 25,
            "name": "minecraft:salmon"
          },
          {
            "type": "minecraft:item",
            "functions": [
                {
                  "function": "minecraft:set_count",
                  "count": 3
                }
            ],
            "weight": 2,
            "name": "minecraft:tropical_fish"
          },
          {
            "type": "minecraft:item",
            "functions": [
                {
                  "function": "minecraft:set_count",
                  "count": 3
                }
            ],
            "weight": 13,
            "name": "minecraft:pufferfish"
          }
        ]
      }
    ]
  }