{
    "type": "minecraft:barter",
    "pools": [
      {
        "rolls": 2,
        "bonus_rolls": 0,
        "entries": [
          {
            "type": "minecraft:item",
            "name": "minecraft:book",
            "weight": 5,
            "functions": [
              {
                "function": "minecraft:enchant_randomly",
                "enchantments": [
                  "minecraft:soul_speed"
                ]
              }
            ]
          },
          {
            "type": "minecraft:item",
            "name": "minecraft:iron_boots",
            "weight": 8,
            "functions": [
              {
                "function": "minecraft:enchant_randomly",
                "enchantments": [
                  "minecraft:soul_speed"
                ]
              }
            ]
          },
          {
            "type": "minecraft:item",
            "name": "minecraft:potion",
            "weight": 8,
            "functions": [
              {
                "function": "minecraft:set_potion",
                "id": "minecraft:fire_resistance"
              }
            ]
          },
          {
            "type": "minecraft:item",
            "name": "minecraft:splash_potion",
            "weight": 8,
            "functions": [
              {
                "function": "minecraft:set_potion",
                "id": "minecraft:fire_resistance"
              }
            ]
          },
          {
            "type": "minecraft:item",
            "name": "minecraft:potion",
            "weight": 10,
            "functions": [
              {
                "function": "minecraft:set_potion",
                "id": "minecraft:water"
              }
            ]
          },
          {
            "type": "minecraft:item",
            "name": "minecraft:iron_nugget",
            "weight": 10,
            "functions": [
              {
                "function": "minecraft:set_count",
                "count": {
                  "type": "minecraft:uniform",
                  "min": 10,
                  "max": 36
                },
                "add": false
              }
            ]
          },
          {
            "type": "minecraft:item",
            "name": "minecraft:ender_pearl",
            "weight": 10,
            "functions": [
              {
                "function": "minecraft:set_count",
                "count": {
                  "type": "minecraft:uniform",
                  "min": 2,
                  "max": 4
                },
                "add": false
              }
            ]
          },
          {
            "type": "minecraft:item",
            "name": "minecraft:string",
            "weight": 20,
            "functions": [
              {
                "function": "minecraft:set_count",
                "count": {
                  "type": "minecraft:uniform",
                  "min": 3,
                  "max": 9
                },
                "add": false
              }
            ]
          },
          {
            "type": "minecraft:item",
            "name": "minecraft:quartz",
            "weight": 20,
            "functions": [
              {
                "function": "minecraft:set_count",
                "count": {
                  "type": "minecraft:uniform",
                  "min": 5,
                  "max": 12
                },
                "add": false
              }
            ]
          },
          {
            "type": "minecraft:item",
            "name": "minecraft:obsidian",
            "weight": 40
          },
          {
            "type": "minecraft:item",
            "name": "minecraft:crying_obsidian",
            "weight": 40,
            "functions": [
              {
                "function": "minecraft:set_count",
                "count": {
                  "type": "minecraft:uniform",
                  "min": 1,
                  "max": 3
                },
                "add": false
              }
            ]
          },
          {
            "type": "minecraft:item",
            "name": "minecraft:fire_charge",
            "weight": 40
          },
          {
            "type": "minecraft:item",
            "name": "minecraft:leather",
            "weight": 40,
            "functions": [
              {
                "function": "minecraft:set_count",
                "count": {
                  "type": "minecraft:uniform",
                  "min": 2,
                  "max": 4
                },
                "add": false
              }
            ]
          },
          {
            "type": "minecraft:item",
            "name": "minecraft:soul_sand",
            "weight": 40,
            "functions": [
              {
                "function": "minecraft:set_count",
                "count": {
                  "type": "minecraft:uniform",
                  "min": 2,
                  "max": 8
                },
                "add": false
              }
            ]
          },
          {
            "type": "minecraft:item",
            "name": "minecraft:nether_brick",
            "weight": 40,
            "functions": [
              {
                "function": "minecraft:set_count",
                "count": {
                  "type": "minecraft:uniform",
                  "min": 2,
                  "max": 8
                },
                "add": false
              }
            ]
          },
          {
            "type": "minecraft:item",
            "name": "minecraft:spectral_arrow",
            "weight": 40,
            "functions": [
              {
                "function": "minecraft:set_count",
                "count": {
                  "type": "minecraft:uniform",
                  "min": 6,
                  "max": 12
                },
                "add": false
              }
            ]
          },
          {
            "type": "minecraft:item",
            "name": "minecraft:gravel",
            "weight": 40,
            "functions": [
              {
                "function": "minecraft:set_count",
                "count": {
                  "type": "minecraft:uniform",
                  "min": 8,
                  "max": 16
                },
                "add": false
              }
            ]
          },
          {
            "type": "minecraft:item",
            "name": "minecraft:blackstone",
            "weight": 40,
            "functions": [
              {
                "function": "minecraft:set_count",
                "count": {
                  "type": "minecraft:uniform",
                  "min": 8,
                  "max": 16
                },
                "add": false
              }
            ]
          }
        ]
      }
    ],
    "random_sequence": "minecraft:gameplay/piglin_bartering"
  }
  