{
    "type": "origins:multiple",
    "windup": {
        "type": "origins:resource",
        "min": 0,
        "max": 50,
        "start_value": 50,
        "hud_render": {
            "should_render": false
        }
    },
    "windup_down": {
        "type": "origins:action_over_time",
        "entity_action": {
            "type": "origins:change_resource",
            "resource": "manhunt:balatro/madness/mad_runners_windup",
            "change": -1
        },
        "interval": 1
    },
    "duration": {
        "type": "origins:resource",
        "min": 0,
        "max": 350,
        "start_value": 350,
        "hud_render": {
            "should_render": false
        },
        "min_action": {
            "type": "origins:and",
            "actions": [
                {
                    "type": "origins:execute_command",
                    "command": "power remove @s manhunt:balatro/madness/mad_runners"
                }
            ]
        }
    },
    "duration_down": {
        "type": "origins:action_over_time",
        "entity_action": {
            "type": "origins:change_resource",
            "resource": "manhunt:balatro/madness/mad_runners_duration",
            "change": -10
        },
        "interval": 10
    },
    "invisible": {
        "type": "origins:invisibility",
        "render_armor": false,
        "render_outline": true,
        "bientity_condition": {
            "type": "origins:actor_condition",
            "condition": {
                "type": "origins:origin",
                "origin": "manhunt:hunter",
                "layer": "origins:origin"
            }
        },
        "condition": {
            "type": "origins:resource",
            "resource": "manhunt:balatro/madness/mad_runners_windup",
            "comparison": "==",
            "compare_to": 0
        }
    },
    "glow_hunters": {
        "type": "origins:entity_glow",
        "bientity_condition": {
            "type": "origins:and",
            "conditions": [
                {
                    "type": "origins:can_see"
                },
                {
                    "type": "origins:distance",
                    "comparison": "<=",
                    "compare_to": 32
                },
                {
                    "type": "origins:actor_condition",
                    "condition": {
                        "type": "origins:resource",
                        "resource": "manhunt:balatro/madness/mad_runners_windup",
                        "comparison": "==",
                        "compare_to": 0
                    }
                },
                {
                    "type": "origins:target_condition",
                    "condition": {
                        "type": "origins:entity_type",
                        "entity_type": "minecraft:player"
                    }
                }
            ]
        },
        "use_teams": false,
        "red": 0.0,
        "green": 0.0,
        "blue": 0.0
    },
    "mobs_ignore": {
        "type": "apugli:mobs_ignore",
        "condition": {
            "type": "origins:resource",
            "resource": "manhunt:balatro/madness/mad_runners_windup",
            "comparison": "==",
            "compare_to": 0
        }
    },
    "label": {
        "type": "eggolib:modify_label_render",
        "render_mode": "hide_completely"
    },
    "hidden": true
}