{
    "type":"origins:multiple",
    "permanent":{
        "type": "origins:modify_attribute",
        "attribute": "minecraft:generic.movement_speed",
        "modifier": {
            "operation": "multiply_total",
            "value": -0.5
        },
        "condition": {
            "type": "origins:fluid_height",
            "fluid": "minecraft:water",
            "comparison": ">=",
            "compare_to": 1
        }
    },
    "sink":{
        "type": "origins:ignore_water"
    },
    "energy_down": {
        "type": "origins:action_over_time",
        "entity_action": {
            "type": "origins:change_resource",
            "resource": "manhunt:deleo/disable/disable_energy",
            "change": -1
        },
        "interval": 1,
        "condition": {
            "type": "origins:fluid_height",
            "fluid": "minecraft:water",
            "comparison": ">=",
            "compare_to": 1
        }
    },
    "name": "Cursed",
    "description": "Your cursed energy comes with a downside; You can't swim.",
    "badges": [
        {
            "type": "origins:tooltip",
            "sprite": "origins:textures/gui/badge/star.png",
            "text": "You sink in water and lose some movement. Additionally, you lose energy at a rapid pace."
        }
    ]
}