{
    "type":"origins:multiple",
    "break":{
        "type": "origins:action_on_block_break",
        "entity_action": {
            "type": "origins:change_resource",
            "resource": "manhunt:deleo/disable/disable_energy",
            "change": -5
        },
        "only_when_harvested": false,
        "block_condition": {
            "type": "origins:movement_blocking"
        },
        "condition": {
            "type": "origins:resource",
            "resource": "manhunt:deleo/disable/disable_windup",
            "comparison": "==",
            "compare_to": 15
        }
    },
    "slow":{
        "type": "origins:modify_break_speed",
        "modifier": {
            "operation": "multiply_total",
            "value": -0.5
        },
        "hardness_modifiers": [
            {
                "operation": "min_total",
                "value": 0.1
            }
        ],
        "condition": {
            "type": "origins:resource",
            "resource": "manhunt:deleo/disable/disable_windup",
            "comparison": "<",
            "compare_to": 15
        }
    },
    "name": "Forbidden Fists",
    "description": "Cursed energy has a massive weakness out in nature: Water.",
    "badges": [
        {
            "type": "origins:tooltip",
            "sprite": "origins:textures/gui/badge/star.png",
            "text": "As long as you have cursed energy, you will sink in water. Once out of energy, you will be able to swim but at -25% speed."
        }
    ]
}