{
    "type": "origins:multiple",
    "heal": {
        "type": "origins:modify_healing",
        "modifier": {
            "operation": "multiply_total",
            "value": -0.5
        },
        "condition": {
            "type": "origins:resource",
            "resource": "manhunt:deleo/disable/disable_energy",
            "compare_to": 60,
            "comparison": "<"
        }
    },
    "shield":{
        "type": "origins:prevent_item_use",
        "item_condition": {
            "type": "origins:ingredient",
            "ingredient": {
                "item": "minecraft:shield"
            }
        }
    },
    "name": "Overflow",
    "description": "The energy coursing through your veins is sometimes too overwhelming.",
    "badges": [
        {
            "type": "origins:tooltip",
            "sprite": "origins:textures/gui/badge/star.png",
            "text": "Regeneration is reduced by 50% if your energy is below 60%"
        },
        {
            "type": "origins:tooltip",
            "sprite": "origins:textures/gui/badge/star.png",
            "text": "You cannot use shields."
        }
    ]
}