{
    "type": "origins:multiple",
    "heal": {
        "type": "origins:modify_healing",
        "modifier": {
            "operation": "multiply_total",
            "value": -0.5
        },
        "condition": {
            "type": "origins:resource",
            "resource": "manhunt:deleo/disable/disable_energy",
            "compare_to": 60,
            "comparison": "<"
        }
    },
    "shield":{
        "type": "origins:prevent_item_use",
        "name":"🚫",
        "item_condition": {
            "type": "origins:ingredient",
            "ingredient": {
                "item": "minecraft:shield"
            }
        }
    },
    "name": "Overflow",
    "description": "The energy coursing through your veins is sometimes too overwhelming.",
    "badges": [
        {
            "type": "origins:tooltip",
            "sprite": "origins:textures/gui/community/silent/badge/shapes/shape_heart.png",
            "text": "Regeneration is §nreduced by§r §n§c50%§r if your energy is §nbelow 60%§r"
        },
        {
            "type": "origins:tooltip",
            "sprite": "origins:textures/gui/community/silent/badge/icons/shield.png",
            "text": "You §c§ncannot§r use shields."
        }
    ]
}