{
    "type": "origins:multiple",
    "duration": {
        "type": "origins:resource",
        "min": 0,
        "max": 50,
        "start_value": 50,
        "hud_render": {
            "should_render": false
        },
        "min_action": {
            "type": "origins:and",
            "actions": [
                {
                    "type": "origins:execute_command",
                    "command": "playsound minecraft:entity.ender_eye.death player @a ~ ~ ~ 1 0.7"
                },
                {
                    "type": "origins:execute_command",
                    "command": "particle minecraft:witch ~ ~-0.7 ~ 0.4 0.4 0.4 10 100"
                },
                {
                    "type": "origins:execute_command",
                    "command": "execute on passengers run kill @s"
                },
                {
                    "type": "origins:execute_command",
                    "command": "kill @s"
                }
            ]
        }
    },
    "windup": {
        "type": "origins:action_over_time",
        "entity_action": {
            "type": "origins:and",
            "actions": [
                {
                    "type": "origins:execute_command",
                    "command": "tp @s ~ ~0.3 ~ ~9 ~"
                },
                {
                    "type": "origins:execute_command",
                    "command": "execute on passengers run data modify entity @s Rotation set from entity @e[limit=1,sort=nearest,type=armor_stand] Rotation"
                },
                {
                    "type": "origins:execute_command",
                    "command": "execute on passengers on passengers run data modify entity @s Rotation set from entity @e[limit=1,sort=nearest,type=armor_stand] Rotation"
                },
                {
                    "type": "origins:execute_command",
                    "command": "particle minecraft:witch ~ ~-1.2 ~ 0.1 0.1 0.1 0 10"
                }
            ]
        },
        "interval": 1,
        "condition": {
            "type": "origins:resource",
            "resource": "manhunt:inmortuae/chains/chained_duration",
            "compare_to": 35,
            "comparison": ">"
        }
    },
    "effect": {
        "type": "origins:action_over_time",
        "rising_action": {
            "type": "origins:area_of_effect",
            "radius": 8,
            "shape": "sphere",
            "bientity_action": {
                "type": "origins:and",
                "actions": [
                    {
                        "type": "origins:target_action",
                        "action": {
                            "type": "origins:execute_command",
                            "command": "power grant @s manhunt:inmortuae/chains/souls"
                        }
                    },
                    {
                        "type": "origins:actor_action",
                        "action": {
                            "type": "origins:and",
                            "actions": [
                                {
                                    "type": "origins:execute_command",
                                    "command": "tp @s ~ ~ ~ 0 -180"
                                },
                                {
                                    "type": "origins:execute_command",
                                    "command": "function manhunt:abilities/chains_sphere"
                                },
                                {
                                    "type": "origins:execute_command",
                                    "command": "playsound minecraft:entity.wither.shoot player @a ~ ~ ~ 1.4 0.5"
                                }
                            ]
                        }
                    }
                ]
            },
            "bientity_condition": {
                "type": "origins:and",
                "conditions": [
                    {
                        "type": "origins:target_condition",
                        "condition": {
                            "type": "origins:and",
                            "conditions": [
                                {
                                    "type": "origins:living"
                                },
                                {
                                    "type": "origins:entity_type",
                                    "entity_type": "minecraft:armor_stand",
                                    "inverted": true
                                },
                                {
                                    "type": "origins:origin",
                                    "origin": "manhunt:runner",
                                    "layer": "origins:origin",
                                    "inverted": true
                                }
                            ]
                        }
                    }
                ]
            }
        },
        "interval": 1,
        "condition": {
            "type": "origins:resource",
            "resource": "manhunt:inmortuae/chains/chained_duration",
            "compare_to": 35,
            "comparison": "<="
        }
    },
    "duration_down": {
        "type": "origins:action_over_time",
        "entity_action": {
            "type": "origins:change_resource",
            "resource": "manhunt:inmortuae/chains/chained_duration",
            "change": -1
        },
        "interval": 1
    },
    "hidden": true
}