{
    "type": "origins:multiple",
    "cooldown": {
        "type": "origins:resource",
        "min": 0,
        "max": 1200,
        "start_value": 1200,
        "hud_render": {
            "sprite_location": "origins:textures/gui/community/huang/resource_bar_01.png",
            "bar_index": 5,
            "should_render": true,
            "condition": {
                "type": "origins:resource",
                "resource": "manhunt:inmortuae/chains/chains_cooldown",
                "comparison": "<",
                "compare_to": 1200
            }
        }
    },
    "cooldown_up": {
        "type": "origins:action_over_time",
        "entity_action": {
            "type": "origins:change_resource",
            "resource": "manhunt:inmortuae/chains/chains_cooldown",
            "change": 20
        },
        "interval": 20
    },
    "activate": {
        "type": "origins:active_self",
        "cooldown": 1,
        "hud_render": {
            "should_render": false
        },
        "entity_action": {
            "type": "origins:and",
            "actions": [
                {
                    "type": "origins:raycast",
                    "distance": 96,
                    "block": false,
                    "entity": true,
                    "shape_type": "visual",
                    "fluid_handling": "none",
                    "bientity_action": {
                        "type": "origins:and",
                        "actions": [
                            {
                                "type": "origins:target_action",
                                "action": {
                                    "type": "origins:and",
                                    "actions": [
                                        {
                                            "type": "origins:spawn_entity",
                                            "entity_type": "minecraft:armor_stand",
                                            "tag": "{NoGravity:1b,Invulnerable:1b,Marker:1b,Invisible:1b,Tags:[\"chains\"],Passengers:[{id:\"minecraft:item_display\",view_range:10f,shadow_radius:1f,shadow_strength:1f,Tags:[\"chains\"],transformation:{left_rotation:[0f,0f,0f,1f],right_rotation:[0f,0f,0f,1f],translation:[0f,0f,0f],scale:[2f,2f,2f]},item:{id:\"minecraft:skeleton_skull\",Count:1b}},{id:\"minecraft:item_display\",view_range:10f,shadow_radius:1f,shadow_strength:1f,Tags:[\"chains\"],transformation:{left_rotation:[0f,0f,0f,1f],right_rotation:[0f,0f,0f,1f],translation:[0f,-8f,0f],scale:[0.7f,15f,0.7f]},item:{id:\"minecraft:bone_block\",Count:1b}}]}",
                                            "entity_action": {
                                                "type": "origins:and",
                                                "actions": [
                                                    {
                                                        "type": "origins:execute_command",
                                                        "command": "power grant @s manhunt:inmortuae/chains/chained"
                                                    },
                                                    {
                                                        "type": "origins:execute_command",
                                                        "command": "data modify entity @s Rotation set value [0f,0f]"
                                                    },
                                                    {
                                                        "type": "origins:execute_command",
                                                        "command": "execute on passengers run data modify entity @s Rotation set value [0f,0f]"
                                                    },
                                                    {
                                                        "type": "origins:execute_command",
                                                        "command": "execute on passengers on passengers run data modify entity @s Rotation set value [0f,0f]"
                                                    }
                                                ]
                                            }
                                        },
                                        {
                                            "type": "origins:execute_command",
                                            "command": "particle minecraft:item minecraft:bone ~ ~1 ~ 0.3 0.3 0.3 0.2 100"
                                        },
                                        {
                                            "type": "origins:execute_command",
                                            "command": "particle minecraft:dust 1 1 1 1 ~ ~1 ~ 0.5 0 0.5 0.2 100"
                                        },
                                        {
                                            "type": "origins:execute_command",
                                            "command": "particle minecraft:ash ~ ~1 ~ 0.5 0.7 0.5 0.2 300"
                                        },
                                        {
                                            "type": "origins:execute_command",
                                            "command": "playsound minecraft:entity.skeleton.converted_to_stray player @s ~ ~ ~ 1 0.5 1"
                                        }
                                    ]
                                }
                            },
                            {
                                "type": "origins:actor_action",
                                "action": {
                                    "type": "origins:and",
                                    "actions": [
                                        {
                                            "type": "origins:change_resource",
                                            "resource": "manhunt:inmortuae/chains/chains_cooldown",
                                            "change": -1200
                                        },
                                        {
                                            "type": "origins:execute_command",
                                            "command": "particle minecraft:item minecraft:bone ~ ~1 ~ 0.3 0.3 0.3 0.2 100"
                                        },
                                        {
                                            "type": "origins:execute_command",
                                            "command": "particle minecraft:dust 1 1 1 1 ~ ~1 ~ 0.5 0 0.5 0.2 100"
                                        },
                                        {
                                            "type": "origins:execute_command",
                                            "command": "particle minecraft:ash ~ ~1 ~ 0.5 0.7 0.5 0.2 300"
                                        },
                                        {
                                            "type": "origins:execute_command",
                                            "command": "playsound minecraft:entity.skeleton.converted_to_stray player @s ~ ~ ~ 1 0.5 1"
                                        }
                                    ]
                                }
                            }
                        ]
                    },
                    "bientity_condition": {
                        "type": "origins:and",
                        "conditions": [
                            {
                                "type": "origins:target_condition",
                                "condition": {
                                    "type": "origins:and",
                                    "conditions": [
                                        {
                                            "type": "origins:entity_type",
                                            "entity_type": "minecraft:arrow"
                                        },
                                        {
                                            "type": "origins:passenger",
                                            "bientity_condition": {
                                                "type": "origins:actor_condition",
                                                "condition": {
                                                    "type": "origins:and",
                                                    "conditions": [
                                                        {
                                                            "type": "origins:entity_type",
                                                            "entity_type": "minecraft:armor_stand"
                                                        },
                                                        {
                                                            "type": "origins:power",
                                                            "power": "manhunt:inmortuae/bow/bow_arrow"
                                                        }
                                                    ]
                                                }
                                            },
                                            "compare_to": 0,
                                            "comparison": ">"
                                        }
                                    ]
                                }
                            },
                            {
                                "type": "origins:distance",
                                "comparison": "<=",
                                "compare_to": 96
                            },
                            {
                                "type": "origins:owner"
                            }
                        ]
                    },
                    "command_step": 1,
                    "command_along_ray_only_on_hit": true
                }
            ]
        },
        "key": "key.origins.secondary_active",
        "condition": {
            "type": "origins:and",
            "conditions": [
                {
                    "type": "origins:resource",
                    "resource": "manhunt:inmortuae/chains/chains_cooldown",
                    "comparison": "==",
                    "compare_to": 1200
                }
            ]
        }
    },
    "name": "Chains of despair",
    "description": "Whilst looking at a tagged arrow you can summon a cursed skull that levitates and chains entities middair.",
    "badges": [
        {
            "type": "origins:keybind",
            "sprite": "origins:textures/gui/badge/toggle.png",
            "text": "Chain with \"%s\"!"
        },
        {
            "type": "origins:tooltip",
            "sprite": "manhunt:textures/item/icons/misc/cooldown.png",
            "text": "Cooldown: 1m"
        }
    ]
}