{
    "type": "origins:multiple",
    "immune": {
        "type": "origins:invulnerability",
        "damage_condition": {
            "type": "origins:in_tag",
            "tag": "minecraft:is_fall"
        }
    },
    "land": {
        "type": "origins:action_over_time",
        "rising_action": {
            "type": "origins:execute_command",
            "command": "power remove @s manhunt:inmortuae/chains/fall"
        },
        "interval": 1,
        "condition": {
            "type": "origins:on_block"
        }
    },
    "hidden": true
}