{
    "type": "origins:multiple",
    "restrict":{
        "type": "origins:prevent_item_use",
        "item_condition": {
            "type": "origins:meat"
        }
    },
    "name": "Vegetarian",
    "description": "Those that eat meat are morally inferior and impossible of higher thinking.",
    "badges": [
        {
            "type": "origins:tooltip",
            "sprite": "origins:textures/gui/community/silent/badge/shapes/arrow_down.png",
            "text": "§c§lVegetarian 🍎§r§7\nYou cannot eat meat under any circumstance.\n\n§7§lPassive Ability"
        }
    ]
}