{
    "type": "origins:multiple",
    "duration": {
        "type": "origins:resource",
        "min": 0,
        "max": 60,
        "start_value": 60,
        "hud_render": {
            "should_render": false
        },
        "min_action": {
            "type": "origins:and",
            "actions": [
                {
                    "type": "origins:execute_command",
                    "command": "execute at @a[tag=runner] if score @p tracking = @s hunters run tp @s @e[limit=1,sort=nearest,tag=switchtp]",
                    "permission_level": 4
                },
                {
                    "type": "origins:execute_command",
                    "command": "kill @e[limit=1,sort=nearest,tag=switchtp]",
                    "permission_level": 4
                },
                {
                    "type": "origins:execute_command",
                    "command": "effect give @s minecraft:fire_resistance 7 0",
                    "permission_level": 4
                },
                {
                    "type": "origins:execute_command",
                    "command": "effect give @s minecraft:slow_falling 7 0",
                    "permission_level": 4
                },
                {
                    "type": "origins:execute_command",
                    "command": "power remove @s manhunt:jester/switch/switch_effects"
                }
            ]
        }
    },
    "sound": {
        "type": "origins:action_on_callback",
        "entity_action_gained": {
            "type": "origins:and",
            "actions": [
                {
                    "type": "origins:execute_command",
                    "command": "playsound minecraft:entity.vex.charge player @s ~ ~ ~ 3 0.5",
                    "permission_level": 4
                }
            ]
        }
    },
    "duration_down": {
        "type": "origins:action_over_time",
        "entity_action": {
            "type": "origins:change_resource",
            "resource": "manhunt:jester/switch/switch_effects_duration",
            "change": -1
        },
        "interval": 1
    },
    "red_white": {
        "type": "origins:resource",
        "min": 0,
        "max": 1,
        "start_value": 0,
        "hud_render": {
            "should_render": false
        }
    },
    "red_white_switch": {
        "type": "origins:action_over_time",
        "entity_action": {
            "type": "origins:if_else",
            "condition": {
                "type": "origins:resource",
                "resource": "manhunt:jester/switch/switch_effects_red_white",
                "comparison": "==",
                "compare_to": 1
            },
            "if_action": {
                "type": "origins:change_resource",
                "resource": "manhunt:jester/switch/switch_effects_red_white",
                "change": -1
            },
            "else_action": {
                "type": "origins:change_resource",
                "resource": "manhunt:jester/switch/switch_effects_red_white",
                "change": 1
            }
        },
        "interval": 4
    },
    "camera": {
        "type": "eggolib:modify_mouse_sensitivity",
        "modifier": {
            "operation": "multiply_total_multiplicative",
            "value": -0.5
        }
    },
    "shader": {
        "type": "origins:shader",
        "shader": "minecraft:shaders/post/phosphor.json"
    },
    "prevent_item": {
        "type": "origins:prevent_item_use"
    },
    "prevent_block": {
        "type": "origins:prevent_block_use"
    },
    "deaf": {
        "type": "apugli:prevent_sound",
        "categories": [
            "BLOCKS",
            "AMBIENT",
            "HOSTILE",
            "MASTER",
            "MUSIC",
            "NEUTRAL",
            "PLAYERS",
            "RECORDS",
            "WEATHER"
        ]
    },
    "glow_red": {
        "type": "origins:self_glow",
        "use_teams": false,
        "red": 1.0,
        "green": 0.0,
        "blue": 0.0,
        "condition": {
            "type": "origins:and",
            "conditions": [
                {
                    "type": "origins:resource",
                    "resource": "manhunt:jester/switch/switch_effects_red_white",
                    "comparison": "==",
                    "compare_to": 0
                },
                {
                    "type": "origins:power",
                    "power": "manhunt:jester/madness/mad",
                    "inverted": true
                }
            ]
        }
    },
    "glow_white": {
        "type": "origins:self_glow",
        "use_teams": false,
        "red": 1.0,
        "green": 1.0,
        "blue": 1.0,
        "condition": {
            "type": "origins:and",
            "conditions": [
                {
                    "type": "origins:resource",
                    "resource": "manhunt:jester/switch/switch_effects_red_white",
                    "comparison": "==",
                    "compare_to": 1
                },
                {
                    "type": "origins:power",
                    "power": "manhunt:jester/madness/mad",
                    "inverted": true
                }
            ]
        }
    },
    "hidden": true
}