{
    "type": "origins:multiple",
    "activate": {
        "type": "origins:active_self",
        "entity_action": {
            "type": "origins:and",
            "actions": [
                {
                    "type": "origins:execute_command",
                    "command": "power remove @s manhunt:draco/wings/fly_wings"
                },
                {
                    "type": "origins:execute_command",
                    "command": "playsound manhunt:roar player @a ~ ~ ~ 4 2"
                },
                {
                    "type": "origins:execute_command",
                    "command": "particle minecraft:flame ~ ~1 ~ 0 0 0 0.4 100"
                },
                {
                    "type": "origins:change_resource",
                    "resource": "manhunt:draco/dragonblood/rage_duration",
                    "change": 600
                }
            ]
        },
        "cooldown": 3000,
        "hud_render": {
            "should_render": true,
            "bar_index": 5,
            "sprite_location": "origins:textures/gui/community/huang/resource_bar_02.png"
        },
        "key": "key.origins.secondary_active"
    },
    "duration": {
        "type": "origins:resource",
        "min": 0,
        "max": 600,
        "start_value": 0,
        "hud_render": {
            "should_render": false
        },
        "min_action": {
            "type": "origins:execute_command",
            "command": "power grant @s manhunt:draco/wings/fly_wings"
        }
    },
    "duration_down": {
        "type": "origins:action_over_time",
        "entity_action": {
            "type": "origins:change_resource",
            "resource": "manhunt:draco/dragonblood/rage_duration",
            "change": -10
        },
        "interval": 10
    },
    "wings": {
        "type": "origins:elytra_flight",
        "render_elytra": true,
        "texture_location": "manhunt:textures/item/draco/blood_wings.png",
        "condition": {
            "type": "origins:and",
            "conditions": [
                {
                    "type": "origins:resource",
                    "resource": "manhunt:draco/dragonblood/rage_duration",
                    "comparison": ">",
                    "compare_to": 0
                },
                {
                    "type": "origins:power",
                    "power": "manhunt:start",
                    "inverted": true
                }
            ]
        }
    },
    "overlay1": {
        "type": "apoli:overlay",
        "texture": "minecraft:textures/misc/nausea.png",
        "red": 0.6,
        "green": 0.1,
        "blue": 0.1,
        "strength": 0.8,
        "draw_mode": "nausea",
        "draw_phase": "above_hud",
        "visible_in_third_person": true,
        "hide_with_hud": false,
        "condition": {
            "type": "origins:resource",
            "resource": "manhunt:draco/dragonblood/rage_duration",
            "comparison": ">",
            "compare_to": 0
        }
    },
    "overlay2": {
        "type": "apoli:overlay",
        "texture": "manhunt:textures/gui/overlays/draco/rage.png",
        "red": 0.6,
        "green": 0.1,
        "blue": 0.1,
        "strength": 0.8,
        "draw_mode": "nausea",
        "draw_phase": "above_hud",
        "visible_in_third_person": true,
        "hide_with_hud": false,
        "condition": {
            "type": "origins:resource",
            "resource": "manhunt:draco/dragonblood/rage_duration",
            "comparison": ">",
            "compare_to": 0
        }
    },
    "chargequick": {
        "type": "origins:action_over_time",
        "entity_action": {
            "type": "origins:change_resource",
            "resource": "manhunt:draco/wings/fly_cooldown",
            "change": -2
        },
        "interval": 1,
        "condition": {
            "type": "origins:and",
            "conditions": [
                {
                    "type": "origins:resource",
                    "resource": "manhunt:draco/wings/fly_charges",
                    "comparison": "<",
                    "compare_to": 2
                },
                {
                    "type": "origins:resource",
                    "resource": "manhunt:draco/dragonblood/rage_duration",
                    "comparison": ">",
                    "compare_to": 0
                }
            ]
        }
    },
    "water": {
        "type": "origins:damage_over_time",
        "interval": 10,
        "onset_delay": 1,
        "damage": 2,
        "damage_type": "origins:hurt_by_water",
        "protection_enchantment": "origins:water_protection",
        "protection_effectiveness": 1.0,
        "condition": {
            "type": "origins:and",
            "conditions": [
                {
                    "type": "origins:fluid_height",
                    "fluid": "minecraft:water",
                    "comparison": ">",
                    "compare_to": 0.0
                },
                {
                    "type": "origins:resource",
                    "resource": "manhunt:draco/dragonblood/rage_duration",
                    "comparison": ">",
                    "compare_to": 0
                }
            ]
        }
    },
    "fire_res": {
        "type": "origins:modify_damage_taken",
        "damage_condition": {
            "type": "origins:in_tag",
            "tag": "minecraft:is_fire"
        },
        "modifier": {
            "name": "Fire resistance",
            "operation": "multiply_total",
            "value": -0.6
        }
    },
    "no_render": {
        "type": "origins:prevent_entity_render",
        "bientity_condition": {
            "type": "origins:and",
            "conditions": [
                {
                    "type": "origins:distance",
                    "comparison": ">",
                    "compare_to": 3
                },
                {
                    "type": "origins:target_condition",
                    "condition": {
                        "type": "origins:or",
                        "conditions": [
                            {
                                "type": "origins:sneaking"
                            },
                            {
                                "type": "origins:moving",
                                "inverted": true
                            }
                        ]
                    }
                }
            ]
        },
        "condition": {
            "type": "origins:resource",
            "resource": "manhunt:draco/dragonblood/rage_duration",
            "comparison": ">",
            "compare_to": 0
        }
    },
    "glow": {
        "type": "origins:entity_glow",
        "bientity_condition": {
            "type": "origins:and",
            "conditions": [
                {
                    "type": "origins:distance",
                    "comparison": "<=",
                    "compare_to": 64
                },
                {
                    "type": "origins:target_condition",
                    "condition": {
                        "type": "origins:and",
                        "conditions": [
                            {
                                "type": "origins:sneaking",
                                "inverted": true
                            },
                            {
                                "type": "origins:moving"
                            }
                        ]
                    }
                }
            ]
        },
        "use_teams": false,
        "red": 1.0,
        "green": 0.0,
        "blue": 0.0,
        "condition": {
            "type": "origins:resource",
            "resource": "manhunt:draco/dragonblood/rage_duration",
            "comparison": ">",
            "compare_to": 0
        }
    },
    "name": "Dragon Blood",
    "description": "Warm dragon blood flows through your veins; waiting to unleash the rage within you.",
    "badges": [
		{
			"type": "origins:tooltip",
			"sprite": "origins:textures/gui/badge/star.png",
			"text": "Dragon Rage: 60% fire resistance, 200% Wind Charge recharge speed and augments both of your abilities.\n\nGust: Now ignites enemies on fire.\nLunge: Deals fire damage on hit."
		},
        {
			"type": "origins:tooltip",
			"sprite": "origins:textures/gui/badge/star.png",
			"text": "Bloodshot Eyes: Your rage indirectly inpairs your vision.\nEntities that do NOT move are invisible to you. Enemies that move are highlighted to you."
		},
        {
            "type": "origins:keybind",
            "sprite": "origins:textures/gui/badge/toggle.png",
            "text": "Press \"%s\" to unleash your rage!"
        },
        {
            "type": "origins:tooltip",
            "sprite": "manhunt:textures/item/icons/misc/cooldown.png",
            "text": "Cooldown: 2 mins 30s"
        }
	]
}