{
    "type": "origins:multiple",
    "key_check": {
        "type": "origins:resource",
        "min": 0,
        "max": 3,
        "start_value": 0,
        "hud_render": {
            "should_render": false
        }
    },
    "key_held": {
        "type": "origins:active_self",
        "entity_action": {
            "type": "origins:change_resource",
            "resource": "manhunt:sicarius/pearl/pearl_key_check",
            "change": 3,
            "operation": "set"
        },
        "cooldown": 1,
        "hud_render": {
            "should_render": false
        },
        "key": {
            "key": "key.origins.primary_active",
            "continuous": true
        }
    },
    "key_stop": {
        "type": "origins:action_over_time",
        "entity_action": {
            "type": "origins:change_resource",
            "resource": "manhunt:sicarius/pearl/pearl_key_check",
            "change": -1
        },
        "interval": 1
    },
    "owner": {
        "type": "origins:entity_set"
    },
    "shoot": {
        "type": "origins:active_self",
        "entity_action": {
            "type": "origins:and",
            "actions": [
                {
                    "type": "origins:change_resource",
                    "resource": "manhunt:sicarius/pearl/pearl_key_check",
                    "change": 0,
                    "operation": "set"
                },
                {
                    "type": "origins:execute_command",
                    "command": "tag @s add pearl_owner"
                },
                {
                    "type": "origins:execute_command",
                    "command": "playsound minecraft:entity.ender_eye.launch player @a ~ ~ ~ 1 0.5"
                },
                {
                    "type": "origins:fire_projectile",
                    "entity_type": "origins:enderian_pearl",
                    "speed": 1.5,
                    "divergence": 1,
                    "tag": "{Item:{id:\"minecraft:ender_pearl\",Count:1b,tag:{CustomModelData:4}}}",
                    "projectile_action": {
                        "type": "origins:and",
                        "actions": [
                            {
                                "type": "origins:selector_action",
                                "selector": "@p[tag=pearl_owner]",
                                "bientity_action": {
                                    "type": "origins:invert",
                                    "action": {
                                        "type": "origins:add_to_set",
                                        "set": "manhunt:sicarius/pearl/pearl_owner"
                                    }
                                }
                            },
                            {
                                "type": "origins:spawn_entity",
                                "entity_type": "minecraft:armor_stand",
                                "tag": "{Silent:1b,Invulnerable:1b,Marker:1b,Invisible:1b,Tags:[\"shadowpearl\"]}",
                                "bientity_action": {
                                    "type": "origins:invert",
                                    "action": {
                                        "type": "origins:mount"
                                    }
                                },
                                "entity_action": {
                                    "type": "origins:and",
                                    "actions": [
                                        {
                                            "type": "origins:selector_action",
                                            "selector": "@p[tag=pearl_owner]",
                                            "bientity_action": {
                                                "type": "origins:invert",
                                                "action": {
                                                    "type": "origins:add_to_set",
                                                    "set": "manhunt:sicarius/pearl/pearl_owner"
                                                }
                                            }
                                        },
                                        {
                                            "type": "origins:execute_command",
                                            "command": "power grant @s manhunt:sicarius/pearl/particles"
                                        }
                                    ]
                                }
                            }
                        ]
                    }
                },
                {
                    "type": "origins:execute_command",
                    "command": "tag @s remove pearl_owner"
                }
            ]
        },
        "cooldown": 900,
        "hud_render": [
            {
                "should_render": true,
                "sprite_location": "manhunt:textures/bars/sicarius/sicarius.png",
                "bar_index": 0,
                "icon_index": 0,
                "condition": {
                    "type": "origins:set_size",
                    "set": "manhunt:sicarius/pearl/pearl_owner",
                    "comparison": "==",
                    "compare_to": 0
                }
            },
            {
                "should_render": true,
                "sprite_location": "manhunt:textures/bars/sicarius/sicarius.png",
                "bar_index": 0,
                "icon_index": 1,
                "condition":  {
                    "type": "origins:set_size",
                    "set": "manhunt:sicarius/pearl/pearl_owner",
                    "comparison": ">",
                    "compare_to": 0
                }
            }
        ],
        "key": {
            "key": "key.attack"
        },
        "condition": {
            "type": "origins:resource",
            "resource": "manhunt:sicarius/pearl/pearl_key_check",
            "comparison": ">",
            "compare_to": 0
        }
    },
    "teleport": {
        "type": "origins:active_self",
        "entity_action": {
            "type": "origins:and",
            "actions": [
                {
                    "type": "origins:execute_command",
                    "command": "tag @s add pearl_tp"
                },
                {
                    "type": "origins:action_on_set",
                    "set": "manhunt:sicarius/pearl/pearl_owner",
                    "bientity_action": {
                        "type": "origins:target_action",
                        "action": {
                            "type": "origins:and",
                            "actions": [
                                {
                                    "type": "origins:execute_command",
                                    "command": "tp @p[tag=pearl_tp] ~ ~ ~"
                                },
                                {
                                    "type": "origins:execute_command",
                                    "command": "kill @s"
                                }
                            ]
                        }
                    },
                    "bientity_condition": {
                        "type": "origins:target_condition",
                        "condition": {
                            "type": "origins:entity_type",
                            "entity_type": "origins:enderian_pearl"
                        }
                    }
                },
                {
                    "type": "origins:area_of_effect",
                    "radius": 4,
                    "shape": "sphere",
                    "bientity_action": {
                        "type": "origins:add_velocity",
                        "z": 1
                    }
                },
                {
                    "type": "origins:set_fall_distance",
                    "fall_distance": 0
                },
                {
                    "type": "origins:execute_command",
                    "command": "effect give @s minecraft:slow_falling 1 0 true",
                    "permission_level": 4
                },
                {
                    "type": "origins:execute_command",
                    "command": "tag @s remove pearl_tp"
                }
            ]
        },
        "cooldown": 1,
        "hud_render": {
            "should_render": false
        },
        "key": {
            "key": "key.attack"
        },
        "condition": {
            "type": "origins:and",
            "conditions": [
                {
                    "type": "origins:resource",
                    "resource": "manhunt:sicarius/pearl/pearl_key_check",
                    "comparison": ">",
                    "compare_to": 0
                },
                {
                    "type": "origins:set_size",
                    "set": "manhunt:sicarius/pearl/pearl_owner",
                    "comparison": ">",
                    "compare_to": 0
                }
            ]
        }
    },
    "name": "Perla de Sombra",
    "description": "Send forth a shadowy pearl that teleports you as would an ender pearl",
    "badges": [
        {
            "type": "origins:tooltip",
            "sprite": "origins:textures/gui/badge/star.png",
            "text": "The Shadow pearl you send can be interrupted middair by re-pressing the ability key.\nUpon landing or interrupting, the pearl pushes close-by entities away."
        },
        {
            "type": "origins:tooltip",
            "sprite": "origins:textures/gui/badge/toggle.png",
            "text": [
                "Throw your pearl by holding \"",
                {
                    "keybind": "key.origins.primary_active"
                },
                "\" and pressing \"",
                {
                    "keybind": "key.attack"
                },
                "\"!\nPress again to teleport mid-usage!"
            ]
        },
        {
            "type": "origins:tooltip",
            "sprite": "manhunt:textures/icons/cooldown.png",
            "text": "Cooldown: 45s"
        }
    ]
}