
[
    {
    "function": "minecraft:copy_nbt",
    "source": {
      "type": "minecraft:storage",
      "source": "minecraft:lode"
    },
    "ops": [
      {
        "source": "Track3.tag.LodestonePos.Z",
        "target": "LodestonePos.Z",
        "op": "replace"
      }
    ]
  },
  {
    "function": "minecraft:copy_nbt",
    "source": {
      "type": "minecraft:storage",
      "source": "minecraft:lode"
    },
    "ops": [
      {
        "source": "Track3.tag.LodestonePos.Y",
        "target": "LodestonePos.Y",
        "op": "replace"
      }
    ]
  },
  {
    "function": "minecraft:copy_nbt",
    "source": {
      "type": "minecraft:storage",
      "source": "minecraft:lode"
    },
    "ops": [
      {
        "source": "Track3.tag.LodestonePos.X",
        "target": "LodestonePos.X",
        "op": "replace"
      }
    ]
  },
  {
    "function": "minecraft:copy_nbt",
    "source": {
      "type": "minecraft:storage",
      "source": "minecraft:lode"
    },
    "ops": [
      {
        "source": "Track3.tag.LodestoneDimension",
        "target": "LodestoneDimension",
        "op": "replace"
      }
    ]
  }
]
    