{
	"type": "origins:multiple",
	"winding": {
		"type": "origins:resource",
		"min": 0,
		"max": 4,
		"start_value": 0,
		"hud_render": {
			"should_render": false
		},
		"max_action": {
			"type": "origins:and",
			"actions": [
				{
					"type": "origins:execute_command",
					"command": "power grant @s manhunt:ritualist/wrath/wrath_effects"
				},
				{
					"type": "origins:change_resource",
					"resource": "manhunt:ritualist/wrath/wrath_winding",
					"change": -4
				}
			]
		}
	},
	"winding_down": {
		"type": "origins:action_over_time",
		"rising_action": {
			"type": "origins:change_resource",
			"resource": "manhunt:ritualist/wrath/wrath_winding",
			"change": -4
		},
		"interval": 1,
		"condition": {
			"type": "origins:or",
			"conditions": [
				{
					"type": "apugli:key_pressed",
					"key": {
						"key": "key.origins.primary_active",
						"continuous": true
					},
					"inverted": true
				},
				{
					"type": "apugli:key_pressed",
					"key": {
						"key": "key.use",
						"continuous": true
					},
					"inverted": true
				}
			]
		}
	},
	"windup": {
		"type": "origins:active_self",
		"entity_action": {
			"type": "origins:and",
			"actions": [
				{
					"type": "origins:if_else_list",
					"actions": [
						{
							"condition": {
								"type": "origins:resource",
								"resource": "manhunt:ritualist/wrath/wrath_winding",
								"comparison": "==",
								"compare_to": 0
							},
							"action": {
								"type": "origins:execute_command",
								"command": "playsound minecraft:block.enchantment_table.use player @a ~ ~ ~ 2 2"
							}
						},
						{
							"condition": {
								"type": "origins:resource",
								"resource": "manhunt:ritualist/wrath/wrath_winding",
								"comparison": "==",
								"compare_to": 3
							},
							"action": {
								"type": "origins:execute_command",
								"command": "playsound minecraft:entity.phantom.bite player @a ~ ~ ~ 3 0.5"
							}
						}
					]
				},
				{
					"type": "origins:change_resource",
					"resource": "manhunt:ritualist/wrath/wrath_winding",
					"change": 1
				}
			]
		},
		"cooldown": 1,
		"key": {
			"key": "key.use",
			"continuous": true
		},
		"hud_render": {
			"should_render": false
		},
		"condition": {
			"type": "origins:and",
			"conditions": [
				{
					"type": "apugli:key_pressed",
					"key": {
						"key": "key.origins.primary_active",
						"continuous": true
					}
				},
				{
					"type": "origins:resource",
					"resource": "manhunt:ritualist/sacrifice_souls",
					"comparison": ">=",
					"compare_to": 7
				},
				{
					"type": "origins:resource",
					"resource": "manhunt:ritualist/wrath/wrath_winding",
					"comparison": "<",
					"compare_to": 4
				},
				{
					"type": "origins:power",
					"power": "manhunt:ritualist/wrath/wrath_effects",
					"inverted": true
				}
			]
		}
	},
	"winding_movement": {
		"type": "origins:modify_velocity",
		"modifier": {
			"value": -0.4,
			"operation": "multiply_total"
		},
		"axes": [
			"x",
			"y",
			"z"
		],
		"condition": {
			"type": "origins:and",
			"conditions": [
				{
					"type": "apugli:key_pressed",
					"key": {
						"key": "key.use",
						"continuous": true
					}
				},
				{
					"type": "apugli:key_pressed",
					"key": {
						"key": "key.origins.primary_active",
						"continuous": true
					}
				},
				{
					"type": "origins:resource",
					"resource": "manhunt:ritualist/sacrifice_souls",
					"comparison": ">=",
					"compare_to": 7
				},
				{
					"type": "origins:resource",
					"resource": "manhunt:ritualist/wrath/wrath_winding",
					"comparison": "<",
					"compare_to": 4
				},
				{
					"type": "origins:power",
					"power": "manhunt:ritualist/wrath/wrath_effects",
					"inverted": true
				}
			]
		}
	},
	"swirl":{
        "type": "apugli:energy_swirl",
        "texture_location": "manhunt:textures/swirls/soul.png",
        "speed": 0.03,
        "condition": {
			"type": "origins:resource",
			"resource": "manhunt:ritualist/wrath/wrath_winding",
			"comparison": ">",
			"compare_to": 0
		}     
    },
	"name": "Wrath",
	"description": "Unleash your soul energy into an unstoppable wrath that makes you much stronger.",
	"badges": [
		{
			"type": "origins:tooltip",
			"sprite": "origins:textures/gui/badge/star.png",
			"text": "Wrath: +20% speed, +20% attack speed and picking up souls now feeds you. (+1 full hunger shank per soul)\nAdditionally, dealing a critical hit will make you invisible for a very brief delay."
		},
		{
            "type": "origins:tooltip",
            "sprite": "origins:textures/gui/badge/toggle.png",
            "text": [
                "Unleash wrath by holding \"",
                {
                    "keybind": "key.origins.primary_active"
                },
                "\" and \"",
                {
                    "keybind": "key.use"
                },
                "\"!"
            ]
        },
		{
			"type": "origins:tooltip",
			"sprite": "manhunt:textures/item/icons/soul_icon.png",
			"text": "Requires 7 or more souls.\nConsumes 1 soul per second."
		}
	]
}