{
    "type": "origins:multiple",
    "gauge": {
        "type": "origins:resource",
        "min": 0,
        "max": 400,
        "start_value": 400,
        "hud_render": [
            {
                "sprite_location": "manhunt:textures/bars/fortis/stamina.png",
                "bar_index": 0,
                "icon_index": 0,
                "condition": {
                    "type": "origins:resource",
                    "resource": "manhunt:fortis/stamina_delay",
                    "comparison": "==",
                    "compare_to": 16
                }
            },
            {
                "sprite_location": "manhunt:textures/bars/fortis/stamina.png",
                "bar_index": 0,
                "icon_index": 1,
                "condition": {
                    "type": "origins:and",
                    "conditions": [
                        {
                            "type": "origins:resource",
                            "resource": "manhunt:fortis/stamina_delay",
                            "comparison": ">",
                            "compare_to": 12
                        },
                        {
                            "type": "origins:resource",
                            "resource": "manhunt:fortis/stamina_delay",
                            "comparison": "<=",
                            "compare_to": 16
                        }
                    ]
                }
            },
            {
                "sprite_location": "manhunt:textures/bars/fortis/stamina.png",
                "bar_index": 0,
                "icon_index": 2,
                "condition": {
                    "type": "origins:and",
                    "conditions": [
                        {
                            "type": "origins:resource",
                            "resource": "manhunt:fortis/stamina_delay",
                            "comparison": ">",
                            "compare_to": 8
                        },
                        {
                            "type": "origins:resource",
                            "resource": "manhunt:fortis/stamina_delay",
                            "comparison": "<=",
                            "compare_to": 12
                        }
                    ]
                }
            },
            {
                "sprite_location": "manhunt:textures/bars/fortis/stamina.png",
                "bar_index": 0,
                "icon_index": 3,
                "condition": {
                    "type": "origins:and",
                    "conditions": [
                        {
                            "type": "origins:resource",
                            "resource": "manhunt:fortis/stamina_delay",
                            "comparison": ">",
                            "compare_to": 4
                        },
                        {
                            "type": "origins:resource",
                            "resource": "manhunt:fortis/stamina_delay",
                            "comparison": "<=",
                            "compare_to": 8
                        }
                    ]
                }
            },
            {
                "sprite_location": "manhunt:textures/bars/fortis/stamina.png",
                "bar_index": 0,
                "icon_index": 4,
                "condition": {
                    "type": "origins:and",
                    "conditions": [
                        {
                            "type": "origins:resource",
                            "resource": "manhunt:fortis/stamina_delay",
                            "comparison": ">=",
                            "compare_to": 0
                        },
                        {
                            "type": "origins:resource",
                            "resource": "manhunt:fortis/stamina_delay",
                            "comparison": "<=",
                            "compare_to": 4
                        }
                    ]
                }
            }
        ],
        "min_action": {
            "type": "origins:change_resource",
            "resource": "manhunt:fortis/stamina_exhausted",
            "change": 140
        }
    },
    "warcry": {
        "type": "origins:resource",
        "min": 0,
        "max": 300,
        "start_value": 0,
        "hud_render": {
            "should_render": false
        }
    },
    "warcry_down": {
        "type": "origins:action_over_time",
        "entity_action": {
            "type": "origins:change_resource",
            "resource": "manhunt:fortis/stamina_warcry",
            "change": -10
        },
        "interval": 10,
        "condition": {
            "type": "origins:resource",
            "resource": "manhunt:fortis/stamina_warcry",
            "comparison": ">",
            "compare_to": 0
        }
    },
    "gauge_down": {
        "type": "origins:action_over_time",
        "entity_action": {
            "type": "origins:change_resource",
            "resource": "manhunt:fortis/stamina_gauge",
            "change": -1
        },
        "rising_action": {
            "type": "origins:change_resource",
            "resource": "manhunt:fortis/stamina_delay",
            "change": -16
        },
        "interval": 1,
        "condition": {
            "type": "origins:or",
            "conditions": [
                {
                    "type": "origins:sprinting"
                },
                {
                    "type": "origins:swimming"
                }
            ]
        }
    },
    "delay": {
        "type": "origins:resource",
        "min": 0,
        "max": 16,
        "start_value": 16,
        "hud_render": {
            "should_render": false
        }
    },
    "recharge_delay": {
        "type": "origins:action_over_time",
        "entity_action": {
            "type": "origins:change_resource",
            "resource": "manhunt:fortis/stamina_delay",
            "change": 1
        },
        "interval": 1,
        "condition": {
            "type": "origins:and",
            "conditions": [
                {
                    "type": "origins:sprinting",
                    "inverted": true
                },
                {
                    "type": "origins:swimming",
                    "inverted": true
                }
            ]
        }
    },
    "recharge": {
        "type": "origins:action_over_time",
        "entity_action": {
            "type": "origins:if_else",
            "condition": {
                "type": "origins:resource",
                "resource": "manhunt:fortis/stamina_warcry",
                "comparison": ">",
                "compare_to": 0
            },
            "if_action": {
                "type": "origins:change_resource",
                "resource": "manhunt:fortis/stamina_gauge",
                "change": 10
            },
            "else_action": {
                "type": "origins:change_resource",
                "resource": "manhunt:fortis/stamina_gauge",
                "change": 5
            }
        },
        "interval": 1,
        "condition": {
            "type": "origins:resource",
            "resource": "manhunt:fortis/stamina_delay",
            "comparison": "==",
            "compare_to": 16
        }
    },
    "exhaust_down": {
        "type": "origins:action_over_time",
        "entity_action": {
            "type": "origins:change_resource",
            "resource": "manhunt:fortis/stamina_exhausted",
            "change": -1
        },
        "interval": 1,
        "condition": {
            "type": "origins:resource",
            "resource": "manhunt:fortis/stamina_exhausted",
            "comparison": ">",
            "compare_to": 0
        }
    },
    "exhausted": {
        "type": "origins:resource",
        "min": 0,
        "max": 140,
        "start_value": 0,
        "hud_render": {
            "should_render": false
        }
    },
    "air_speed": {
        "type": "origins:modify_air_speed",
        "modifier": {
            "operation": "multiply_total",
            "value": -0.4
        },
        "condition": {
            "type": "origins:resource",
            "resource": "manhunt:fortis/stamina_exhausted",
            "comparison": ">",
            "compare_to": 0
        }
    },
    "swim_speed": {
        "type": "origins:modify_swim_speed",
        "modifier": {
            "operation": "multiply_total",
            "value": -0.4
        },
        "condition": {
            "type": "origins:resource",
            "resource": "manhunt:fortis/stamina_exhausted",
            "comparison": ">",
            "compare_to": 0
        }
    },
    "exhaustion": {
        "type": "origins:modify_exhaustion",
        "modifier": {
            "operation": "multiply_total",
            "value": 3
        },
        "condition": {
            "type": "origins:resource",
            "resource": "manhunt:fortis/stamina_exhausted",
            "comparison": ">",
            "compare_to": 0
        }
    },
    "prevent_sprint": {
        "type": "origins:prevent_sprinting",
        "condition": {
            "type": "origins:resource",
            "resource": "manhunt:fortis/stamina_exhausted",
            "comparison": ">",
            "compare_to": 0
        }
    },
    "name": "Limited Stamina",
    "description": "Your over-the-top confidence drags you to the ground after a long sprint.",
    "badges": [
        {
            "type": "origins:tooltip",
            "sprite": "minecraft:textures/mob_effect/unluck.png",
            "text": "§5§lLimited Stamina 🫁§r§7\nYou have a stamina bar that offers 20s worth of sprinting.\nReaching zero grants the EXHAUSTED status effect.\n\nEXHAUSTED:\nPrevent sprinting, §l§c-30%§r to Air/Swim Speed and gain a §l§c4x§r Exhaustion multiplier.\n\n§r§c🕕§r§7 Duration: §r§f7s §r§8(Exhausted Duration)§r\n§e⌛§r§7 Recharge: §r§f25%/s§r\n\n§7§lPassive Ability"
        }
    ]
}