{
    "type": "origins:multiple",
    "fall_speed": {
        "type": "origins:modify_falling",
        "velocity": 0.12,
        "take_fall_damage": true
    },
    "atk_speed":{
        "type": "origins:attribute",
        "modifier": {
            "name": "Less atk speed",
            "attribute": "minecraft:generic.attack_speed",
            "value": -0.2,
            "operation": "multiply_base"
        }
    },
    "name": "Weighted Armor",
    "description": "Your heavy armor weighs down on your actions.",
    "badges": [
        {
            "type": "origins:tooltip",
            "sprite": "minecraft:textures/mob_effect/slowness.png",
            "text": "§5§lWeighted ⚖§r§7\n§c-20%§r§7 Attack Speed\n§r§c+50%§r§7 Fall Speed\n\n§7§lPassive Ability"
        }
    ]
}