{
	"powers": [
		"manhunt:celeritas/celeritas",
		"manhunt:celeritas/boots/boots",
		"manhunt:celeritas/checkpoint/checkpoint",
		"manhunt:celeritas/more_adrenaline",
		"manhunt:celeritas/feeble",
		"manhunt:celeritas/shield"
	],
	"icon": {
		"item": "minecraft:diamond_boots",
		"tag": "{Enchantments:[{}],CustomModelData:1}"
	},
	"order": 10,
	"impact": 1,
	"name": "Celeritas ⋙",
	"description": "Speed incarnate and true speedrunner, Celeritas swiftly paces to it's next win."
}