{
    "parent": "minecraft:item/handheld",
    "textures": {
      "layer0": "minecraft:item/iron_sword"
    },
    "overrides": [
        {
            "predicate": {
                "custom_model_data": 1
            },
            "model": "manhunt:item/swordfish"
        },
        {
            "predicate": {
                "custom_model_data": 2
            },
            "model": "manhunt:item/icons/sicarius_icon"
        },
        {
            "predicate": {
                "custom_model_data": 3
            },
            "model": "manhunt:item/iron_cleaver"
        }
    ]
  }