{
    "type": "origins:multiple",
    "duration": {
        "type": "origins:resource",
        "min": 0,
        "max": 200,
        "start_value": 200,
        "hud_render": {
            "should_render": false
        },
        "min_action": {
            "type": "origins:execute_command",
            "command": "power remove @s manhunt:herald/boost/boost_effects"
        }
    },
    "remove_resource": {
        "type": "origins:action_over_time",
        "entity_action": {
            "type": "origins:change_resource",
            "resource": "manhunt:herald/boost/boost_effects_duration",
            "change": -10
        },
        "interval": 10
    },
    "speed": {
        "type": "origins:conditioned_attribute",
        "modifier": {
            "name": "Movement speed increase",
            "attribute": "minecraft:generic.movement_speed",
            "value": 0.2,
            "operation": "multiply_base"
        }
    },
    "air_speed": {
        "type": "origins:modify_velocity",
        "axes": [
            "z",
            "x"
        ],
        "modifier": {
            "operation": "multiply_total",
            "value": 0.10
        }
    },
    "hidden": true
}