{
    "type": "origins:multiple",
    "blink_grant": {
        "type": "origins:action_when_damage_taken",
        "entity_action": {
            "type": "origins:execute_command",
            "command": "power grant @s manhunt:lurker/blink"
        },
        "cooldown": 30
    },
    "name": "Myodesopsia",
    "description": "Keeping your eyes open for so long has lead to some health problems..",
    "badges": [
        {
            "type": "origins:tooltip",
            "sprite": "origins:textures/gui/badge/star.png",
            "text": "Taking damage causes blind spots in your eyes and reduces attack speed for a brief moment.\n(1.5 Second Cooldown)"
        }
    ]
}