{
    "type": "origins:multiple",
    "activate": {
        "type": "origins:active_self",
        "entity_action": {
            "type": "origins:and",
            "actions": [
                {
                    "type": "origins:change_resource",
                    "resource": "manhunt:berserker/beast_resource",
                    "change": 200
                }, 
                {
                    "type": "origins:damage",
                    "amount": 10,
                    "source": {
                        "name": "generic.player",
                        "bypasses_armor": true,
                        "unblockable": true
                    }
                },
                {
                    "type": "origins:execute_command",
                    "command": "particle minecraft:small_flame ~ ~ ~ 0.4 0 0.4 0.1 20"
                },
                {
                    "type": "origins:execute_command",
                    "command": "particle minecraft:dust_color_transition 1 0 0 1 1 0.5 0 ~ ~ ~ 0.4 0 0.4 0.1 20"
                },
                {
                    "type": "origins:execute_command",
                    "command": "particle minecraft:item minecraft:gilded_blackstone ~ ~1 ~ 0.5 0.3 0.5 0.1 30"
                },
                {
                    "type": "origins:execute_command",
                    "command": "particle minecraft:item minecraft:shroomlight ~ ~1 ~ 0.5 0.3 0.5 0.1 30"
                },
                {
                    "type": "origins:execute_command",
                    "command": "particle minecraft:item minecraft:gilded_blackstone ~ ~1 ~ 0.5 0.3 0.5 0.1 100"
                },
                {
                    "type": "origins:execute_command",
                    "command": "playsound minecraft:entity.warden.sniff player @a[distance=..16] ~ ~ ~ 3 2 1"
                },
                {
                    "type": "origins:execute_command",
                    "command": "playsound minecraft:entity.vindicator.death player @a[distance=..16] ~ ~ ~ 3 0.5 1"
                }
            ]
        },
        "key": {
            "key": "key.origins.primary_active"
        },
        "cooldown": 600,
        "hud_render": {
            "sprite_location": "origins:textures/gui/community/huang/resource_bar_02.png",
            "bar_index": 5,
            "should_render": true
        },
        "condition": {
            "type": "origins:health",
            "comparison": ">",
            "compare_to": 10
        }
    },
    "resource": {
        "type": "origins:resource",
        "min": 0,
        "max": 0,
        "start_value": 200,
        "hud_render": {
            "should_render": true,
            "sprite_location": "origins:textures/gui/community/spiderkolo/resource_bar_02.png",
            "bar_index": 4
        }
    },
    "remove_resource": {
        "type": "origins:action_over_time",
        "entity_action": {
            "type": "origins:change_resource",
            "resource": "manhunt:beast_effects_resource",
            "change": -10
        },
        "condition": {
            "type": "origins:resource",
            "resource": "manhunt:berserker/beast_resource",
            "comparison": ">",
            "compare_to": 0
        },
        "interval": 10
    },
    "movement_speed": {
        "type": "origins:attribute",
        "modifier": {
            "name": "Increase movement speed",
            "attribute": "minecraft:generic.movement_speed",
            "value": 0.2,
            "operation": "multiply_total"
        },
        "condition": {
            "type": "origins:resource",
            "resource": "manhunt:berserker/beast_resource",
            "comparison": ">",
            "compare_to": 0
        }
    },
    "more_damage": {
        "type": "origins:modify_damage_dealt",
        "modifier": {
            "operation": "addition",
            "value": 4
        },
        "condition": {
            "type": "origins:resource",
            "resource": "manhunt:berserker/beast_resource",
            "comparison": ">",
            "compare_to": 0
        }
    },
    "particles": {
        "type": "origins:particle",
        "particle": "minecraft:crimson_spore",
        "frequency": 1,
        "condition": {
            "type": "origins:resource",
            "resource": "manhunt:berserker/beast_resource",
            "comparison": ">",
            "compare_to": 0
        }
    },
    "risk":{
        "type": "origins:modify_damage_dealt",
        "modifier": {
            "operation": "addition",
            "value": -2
        },
        "condition": {
            "type": "origins:resource",
            "resource": "manhunt:berserker/beast_resource",
            "comparison": "==",
            "compare_to": 0
        }
    },
    "name": "§l§nTHE BEAST INSIDE",
    "description": "Sacrificing 5 hearts, you are granted 10 seconds of +4 damage and 20% more movement speed. But outside of your frenzy, you have -2 damage passively."
}