{
    "type": "origins:multiple",
    "give": {
        "type": "origins:action_on_hit",
        "bientity_action": {
            "type": "origins:and",
            "actions": [
                {
                    "type": "origins:target_action",
                    "action": {
                        "type": "origins:execute_command",
                        "command": "power grant @s manhunt:berserker/bleeding_effects",
                        "permission_level": 4
                    }
                },
                {
                    "type": "origins:actor_action",
                    "action": {
                        "type": "origins:execute_command",
                        "command": "resource set @s manhunt:berserker/bleeding_resource 0",
                        "permission_level": 4
                    }
                }
            ]
        },
        "condition": {
            "type": "origins:resource",
            "resource": "manhunt:berserker/bleeding_resource",
            "comparison": "==",
            "compare_to": 1
        },
        "cooldown": 1,
        "hud_render": {
            "should_render": false,
            "bar_index": 0
        }
    },
    "resource": {
        "type": "origins:resource",
        "min": 0,
        "max": 1,
        "start_value": 0,
        "hud_render": {
            "should_render": false
        }
    },
    "activate": {
        "type": "origins:active_self",
        "entity_action": {
            "type": "origins:and",
            "actions": [
                {
                    "type": "origins:execute_command",
                    "command": "resource set @s manhunt:berserker/bleeding_resource 1",
                    "permission_level": 4
                }
            ]
        },
        "cooldown": 3600,
        "hud_render": {
            "should_render": true,
            "sprite_location": "origins:textures/gui/community/spiderkolo/resource_bar_02.png",
            "bar_index": 14
        },
        "key": {
            "key": "key.origins.secondary_active"
        }
    },
    "name": "§l§nBleeding Hit",
    "description": "Using your secondary ability key, you will grant your next hit a bleeding stack that will last 10 seconds for the victim. If the victim uses any item (Ender pearl, charging a bow, blocking with a shield), they will take periodic damage."
}