{
    "type": "origins:multiple",
    "equipment": {
        "type": "origins:starting_equipment",
        "stacks": [
            {
                "item": "minecraft:goat_horn",
                "amount": 1,
                "slot": 4,
                "tag": "{display:{Name:'{\"text\":\"Berserker\\'s Horn\",\"color\":\"red\"}'},Enchantments:[{id:\"minecraft:vanishing_curse\",lvl:1s}],instrument:\"minecraft:sing_goat_horn\"}"
            }
        ],
        "recurrent": true
    },
    "using": {
        "type": "origins:active_self",
        "entity_action": {
            "type": "origins:and",
            "actions": [
                {
                    "type": "origins:execute_command",
                    "command": "power grant @a[tag=hunter,distance=..32] manhunt:horn_effects"
                }
            ]
        },
        "condition": {
            "type": "origins:equipped_item",
            "equipment_slot": "mainhand",
            "item_condition": {
                "type": "origins:nbt",
                "nbt": "{display:{Name:'{\"text\":\"Berserker\\'s Horn\",\"color\":\"red\"}'},Enchantments:[{id:\"minecraft:vanishing_curse\",lvl:1s}],instrument:\"minecraft:sing_goat_horn\"}"
            }
        },
        "hud_render": {
            "should_render": true,
            "sprite_location": "origins:textures/gui/community/spiderkolo/resource_bar_03.png",
            "bar_index": 13
        },
        "key": {
            "key": "key.use",
            "continuous": false
        },
        "cooldown": 6000
    },
    "name": "§l§nHorny (Wait a minute-)",
    "description": "You spawn with your personalized horn. Using said horn will grant a defense and attack speed boost to all other hunters in a 32 block radius. (5 mins cooldown)"
}