{
    "type": "origins:multiple",
    "blink_grant": {
        "type": "origins:action_when_damage_taken",
        "entity_action": {
            "type": "origins:and",
            "actions": [
                {
                    "type": "origins:execute_command",
                    "command": "power grant @s manhunt:lurker/blink"
                },
                {
                    "type": "origins:change_resource",
                    "resource": "manhunt:lurker/blink_duration",
                    "change": 50,
                    "operation": "add"
                }
            ]
        },
        "cooldown": 30
    },
    "name": "Myodesopsia",
    "description": "Keeping your eyes open for so long has lead to some health problems..",
    "badges": [
        {
            "type": "origins:tooltip",
            "sprite": "origins:textures/gui/badge/star.png",
            "text": "§c§lDisturbed Vision '.'§r\n§7When taking damage you subconsciously Blink, briefly §r§cpreventing§r§7 vision and attacking.\n§8(1.5s Cooldown)\n\n§7§lPassive Ability"
        }
    ]
}