{
    "type": "origins:multiple",
    "duration": {
        "type": "origins:resource",
        "min": 0,
        "max": 900,
        "start_value": 900,
        "hud_render": {
            "should_render": false
        },
        "min_action": {
            "type": "origins:and",
            "actions": [
                {
                    "type": "origins:selector_action",
                    "selector": "@e[type=parrot]",
                    "bientity_action": {
                        "type": "origins:target_action",
                        "action": {
                            "type": "origins:selector_action",
                            "selector": "@a[tag=hunter]",
                            "bientity_action": {
                                "type": "origins:and",
                                "actions": [
                                    {
                                        "type": "origins:mount"
                                    },
                                    {
                                        "type": "origins:actor_action",
                                        "action": {
                                            "type": "origins:and",
                                            "actions": [
                                                {
                                                    "type": "origins:change_resource",
                                                    "resource": "manhunt:falconer/falcon/osha_scout",
                                                    "change": -900
                                                },
                                                {
                                                    "type": "origins:change_resource",
                                                    "resource": "manhunt:falconer/falcon/osha_fly",
                                                    "change": -15
                                                },
                                                {
                                                    "type": "origins:change_resource",
                                                    "resource": "manhunt:falconer/falcon/osha_lend",
                                                    "change": -600
                                                },
                                                {
                                                    "type": "origins:execute_command",
                                                    "command": "data modify entity @s NoAI set value 1b",
                                                    "permission_level": 4
                                                }
                                            ]
                                        }
                                    }
                                ]
                            },
                            "bientity_condition": {
                                "type": "origins:invert",
                                "condition": {
                                    "type": "origins:in_set",
                                    "set": "manhunt:falconer/falcon/forth_osha"
                                }
                            }
                        }
                    },
                    "bientity_condition": {
                        "type": "origins:and",
                        "conditions": [
                            {
                                "type": "origins:target_condition",
                                "condition": {
                                    "type": "origins:power",
                                    "power": "manhunt:falconer/falcon/osha"
                                }
                            },
                            {
                                "type": "eggolib:compare_score",
                                "actor_objective": "osha_target",
                                "target_objective": "osha_target",
                                "comparison": "=="
                            }
                        ]
                    }
                },
                {
                    "type": "origins:action_on_set",
                    "set": "manhunt:falconer/falcon/target_preyed",
                    "bientity_action": {
                        "type": "origins:target_action",
                        "action": {
                            "type": "origins:execute_command",
                            "command": "power remove @s manhunt:falconer/falcon/preyed",
                            "permission_level": 4
                        }
                    }
                },
                {
                    "type": "origins:execute_command",
                    "command": "kill @s",
                    "permission_level": 4
                }
            ]
        }
    },
    "duration_down": {
        "type": "origins:action_over_time",
        "entity_action": {
            "type": "origins:and",
            "actions": [
                {
                    "type": "origins:if_else",
                    "condition": {
                        "type": "origins:exposed_to_sky",
                        "inverted": true
                    },
                    "if_action": {
                        "type": "origins:execute_command",
                        "command": "tp @s ~ ~2 ~",
                        "permission_level": 4
                    }
                },
                {
                    "type": "origins:execute_command",
                    "command": "execute as @a[tag=runner] if score @s osha_target = @e[limit=1,sort=nearest] osha_target run data modify entity @e[limit=1,sort=nearest] Pos[0] set from entity @s Pos[0]",
                    "permission_level": 4
                },
                {
                    "type": "origins:execute_command",
                    "command": "execute as @a[tag=runner] if score @s osha_target = @e[limit=1,sort=nearest] osha_target run data modify entity @e[limit=1,sort=nearest] Pos[2] set from entity @s Pos[2]",
                    "permission_level": 4
                },
                {
                    "type": "origins:execute_command",
                    "command": "execute store result score @s osha_target run data get entity @p[tag=runner] UUID[0]",
                    "permission_level": 4
                },
                {
                    "type": "origins:change_resource",
                    "resource": "manhunt:falconer/falcon/target_duration",
                    "change": -1
                }
            ]
        },
        "interval": 1
    },
    "preyed": {
        "type": "origins:entity_set"
    },
    "osha_targets": {
        "type": "origins:action_over_time",
        "entity_action": {
            "type": "origins:and",
            "actions": [
                {
                    "type": "origins:selector_action",
                    "selector": "@e[type=parrot]",
                    "bientity_action": {
                        "type": "origins:add_velocity",
                        "z": -0.9,
                        "set": true
                    },
                    "bientity_condition": {
                        "type": "origins:target_condition",
                        "condition": {
                            "type": "origins:and",
                            "conditions": [
                                {
                                    "type": "origins:power",
                                    "power": "manhunt:falconer/falcon/osha"
                                },
                                {
                                    "type": "origins:resource",
                                    "resource": "manhunt:falconer/falcon/osha_scout",
                                    "comparison": ">",
                                    "compare_to": 0
                                }
                            ]
                        }
                    }
                },
                {
                    "type": "origins:selector_action",
                    "selector": "@e[type=parrot]",
                    "bientity_action": {
                        "type": "origins:and",
                        "actions": [
                            {
                                "type": "origins:target_action",
                                "action": {
                                    "type": "origins:and",
                                    "actions": [
                                        {
                                            "type": "origins:change_resource",
                                            "resource": "manhunt:falconer/falcon/osha_scout",
                                            "change": 0,
                                            "operation": "set"
                                        },
                                        {
                                            "type": "origins:execute_command",
                                            "command": "tag @s add found_target",
                                            "permission_level": 4
                                        },
                                        {
                                            "type": "origins:execute_command",
                                            "command": "execute store result score @s osha_target run scoreboard players get @e[limit=1,sort=nearest,tag=osha_target] osha_target",
                                            "permission_level": 4
                                        },
                                        {
                                            "type": "origins:execute_command",
                                            "command": "tag @s remove found_target",
                                            "permission_level": 4
                                        }
                                    ]
                                }
                            },
                            {
                                "type": "origins:actor_action",
                                "action": {
                                    "type": "origins:and",
                                    "actions": [
                                        {
                                            "type": "origins:change_resource",
                                            "resource": "manhunt:falconer/falcon/target_found",
                                            "change": 1
                                        }
                                    ]
                                }
                            }
                        ]
                    },
                    "bientity_condition": {
                        "type": "origins:and",
                        "conditions": [
                            {
                                "type": "origins:target_condition",
                                "condition": {
                                    "type": "origins:and",
                                    "conditions": [
                                        {
                                            "type": "origins:power",
                                            "power": "manhunt:falconer/falcon/osha"
                                        },
                                        {
                                            "type": "origins:resource",
                                            "resource": "manhunt:falconer/falcon/osha_scout",
                                            "comparison": ">",
                                            "compare_to": 0
                                        }
                                    ]
                                }
                            },
                            {
                                "type": "origins:distance",
                                "comparison": "<=",
                                "compare_to": 1
                            }
                        ]
                    }
                }
            ]
        },
        "interval": 1,
        "condition": {
            "type": "origins:resource",
            "resource": "manhunt:falconer/falcon/target_found",
            "comparison": "==",
            "compare_to": 0
        }
    },
    "found": {
        "type": "origins:resource",
        "min": 0,
        "max": 1,
        "start_value": 0,
        "hud_render": {
            "should_render": false
        }
    },
    "rotation": {
        "type": "origins:resource",
        "min": 0,
        "max": 360,
        "start_value": 0,
        "hud_render": {
            "should_render": false
        },
        "max_action": {
            "type": "origins:change_resource",
            "resource": "manhunt:falconer/falcon/target_rotation",
            "change": -360
        }
    },
    "rotate_osha": {
        "type": "origins:action_over_time",
        "entity_action": {
            "type": "origins:and",
            "actions": [
                {
                    "type": "origins:change_resource",
                    "resource": "manhunt:falconer/falcon/target_rotation",
                    "change": 12
                },
                {
                    "type": "origins:execute_command",
                    "command": "execute store result entity @s Rotation[0] float 1 run resource get @s manhunt:falconer/falcon/target_rotation"
                },
                {
                    "type": "origins:execute_command",
                    "command": "execute as @e[tag=osha,type=parrot] if score @s osha_target = @e[limit=1,sort=nearest] osha_target run tp @s ^ ^ ^4",
                    "permission_level": 4
                },
                {
                    "type": "origins:execute_command",
                    "command": "execute as @e[tag=osha,type=parrot] if score @s osha_target = @e[limit=1,sort=nearest] osha_target at @s run particle minecraft:cloud ^ ^0.2 ^-0.1 0.1 0.1 0.1 0.02 4",
                    "permission_level": 4
                }
            ]
        },
        "interval": 1,
        "condition": {
            "type": "origins:resource",
            "resource": "manhunt:falconer/falcon/target_found",
            "comparison": "==",
            "compare_to": 1
        }
    },
    "glow": {
        "type": "origins:action_over_time",
        "rising_action": {
            "type": "origins:and",
            "actions": [
                {
                    "type": "origins:action_on_set",
                    "set": "manhunt:falconer/falcon/target_preyed",
                    "bientity_action": {
                        "type": "origins:target_action",
                        "action": {
                            "type": "origins:execute_command",
                            "command": "power grant @s manhunt:falconer/falcon/preyed",
                            "permission_level": 4
                        }
                    }
                }
            ]
        },
        "interval": 1,
        "condition": {
            "type": "origins:resource",
            "resource": "manhunt:falconer/falcon/target_found",
            "comparison": "==",
            "compare_to": 1
        }
    },
    "hidden": true
}