{
    "type": "origins:multiple",
    "invis": {
        "type": "origins:invisibility",
        "render_armor": false
    },
    "break": {
        "type": "origins:action_when_hit",
        "bientity_action": {
            "type": "origins:target_action",
            "action": {
                "type": "origins:and",
                "actions": [
                    {
                        "type": "origins:execute_command",
                        "command": "execute on vehicle at @s run particle minecraft:dragon_breath ~ ~ ~ 0.3 0.3 0.3 0.1 50"
                    },
                    {
                        "type": "origins:execute_command",
                        "command": "playsound minecraft:block.respawn_anchor.deplete player @a ~ ~ ~ 3 1.4"
                    },
                    {
                        "type": "origins:execute_command",
                        "command": "execute on vehicle run kill @s"
                    },
                    {
                        "type": "origins:execute_command",
                        "command": "kill @s"
                    }
                ]
            }
        }
    },
    "no_interact":{
        "type": "origins:prevent_entity_use"
    },
    "hidden": true
}