{
    "type": "origins:multiple",
    "stacks": {
        "type": "origins:resource",
        "min": 0,
        "max": 15,
        "start_value": 0,
        "hud_render": {
            "should_render": false
        },
        "min_action":{
            "type": "origins:execute_command",
            "command": "power remove @s manhunt:lurker/lurk/lurked"
        }
    },
    "glow": {
        "type": "origins:self_glow",
        "use_teams": false,
        "red": 0,
        "green": 0.9,
        "blue": 1.0,
        "condition": {
            "type": "origins:resource",
            "resource": "manhunt:lurker/lurk/lurked_stacks",
            "comparison": ">=",
            "compare_to": 5
        }
    },
    "stacks_down": {
        "type": "origins:action_over_time",
        "entity_action": {
            "type": "origins:change_resource",
            "resource": "manhunt:lurker/lurk/lurked_stacks",
            "change": -1
        },
        "interval": 10
    },
    "less_speed": {
        "type": "origins:conditioned_attribute",
        "modifier": {
            "name": "Decrease speed",
            "attribute": "minecraft:generic.movement_speed",
            "value": -0.25,
            "operation": "multiply_total"
        },
        "condition":  {
            "type": "origins:resource",
            "resource": "manhunt:lurker/lurk/lurked_stacks",
            "comparison": ">=",
            "compare_to": 5
        }
    },
    "less_air_speed": {
        "type": "origins:modify_velocity",
        "axes": [
            "z",
            "x"
        ],
        "modifier": {
            "operation": "multiply_total",
            "value": -0.15
        },
        "condition": {
            "type": "origins:and",
            "conditions": [
                {
                    "type":"origins:on_block",
                    "inverted": true
                },
                {
                    "type": "origins:resource",
                    "resource": "manhunt:lurker/lurk/lurked_stacks",
                    "comparison": ">=",
                    "compare_to": 5
                }
            ]
        }
    },
    "hidden": true
}