{
    "type": "origins:multiple",
    "cant_see": {
        "type": "origins:action_on_callback",
        "entity_action_gained": {
            "type": "origins:and",
            "actions": [
                {
                    "type": "origins:execute_command",
                    "command": "particle minecraft:sculk_charge 100 ~ ~1 ~ 0.5 0 0.5 0.1 100",
                    "permission_level": 4
                },
                {
                    "type": "origins:execute_command",
                    "command": "particle minecraft:dust_color_transition 0 0 0 1 0 0.3 0.1 ~ ~1 ~ 0.4 0.6 0.4 1 100",
                    "permission_level": 4
                },
                {
                    "type": "origins:execute_command",
                    "command": "playsound minecraft:entity.warden.roar player @s ~ ~ ~ 1 2",
                    "permission_level": 4
                }
            ]
        }
    },
    "flight":{
        "type": "origins:creative_flight"
    },
    "slowflight": {
        "type": "origins:modify_velocity",
        "modifier": {
            "value": -0.1,
            "operation": "multiply_total"
        },
        "axes": [
            "x",
            "y",
            "z"
        ]
    },
    "fog": {
        "type": "moborigins:fog",
        "red": 0,
        "green": 0,
        "blue": 0,
        "start": -1,
        "end": 14
    },
    "move_eye": {
        "type": "origins:action_over_time",
        "entity_action": {
            "type": "origins:execute_command",
            "command": "execute as @e[tag=lurk_eye,type=item_display] if score @s lurker = @p lurker run tp @s ~ ~ ~ ~ ~",
            "permission_level": 4
        },
        "interval": 1
    },
    "no_atk_speed": {
        "type": "origins:attribute",
        "modifier": {
            "name": "Decrease speed",
            "attribute": "minecraft:generic.attack_speed",
            "value": -3,
            "operation": "multiply_total"
        }
    },
    "no_collision": {
        "type": "origins:prevent_entity_collision"
    },
    "invisible": {
        "type": "origins:invisibility",
        "render_armor": false
    },
    "no_attack": {
        "type": "origins:modify_damage_dealt",
        "modifier": {
            "operation": "multiply_total",
            "value": -1
        }
    },
    "phase": {
        "type": "origins:phasing",
        "blacklist": false,
        "render_type": "blindness",
        "view_distance": 12,
        "phase_down_condition": {
            "type": "origins:and",
            "conditions": [
                {
                    "type": "origins:sneaking"
                },
                {
                    "type": "origins:creative_flying"
                }
            ]
        }
    },
    "no_damage": {
        "type": "origins:modify_damage_taken",
        "modifier": {
            "name": "No damage",
            "operation": "multiply_total",
            "value": -1
        }
    },
    "prevent_item": {
        "type": "origins:prevent_item_use"
    },
    "prevent_block": {
        "type": "origins:prevent_block_use"
    },
    "no_ability":{
        "type": "eggolib:prevent_key_use",
        "key": "key.origins.primary_active"
    },
    "item_pickup":{
        "type": "eggolib:prevent_item_pickup"
    },
    "hidden": true
}