{
    "type": "origins:multiple",
    "toggle": {
        "type": "origins:active_self",
        "entity_action": {
            "type": "origins:if_else",
            "condition": {
                "type": "origins:power",
                "power": "manhunt:lurker/lurk/lurk_effects",
                "inverted": true
            },
            "if_action": {
                "type": "origins:and",
                "actions": [
                    {
                        "type": "origins:execute_command",
                        "command": "forceload add ~ ~ ~ ~",
                        "permission_level": 4
                    },
                    {
                        "type": "origins:spawn_entity",
                        "entity_type": "minecraft:wither_skeleton",
                        "tag": "{NoGravity:1b,Silent:0b,DeathLootTable:\"minecraft:empty\",PersistenceRequired:1b,NoAI:1b,CanPickUpLoot:0b,Tags:[\"lurk\"]}",
                        "entity_action": {
                            "type": "origins:and",
                            "actions": [
                                {
                                    "type": "origins:execute_command",
                                    "command": "execute store result score @p lurker run data get entity @p UUID[0] 1",
                                    "permission_level": 4
                                },
                                {
                                    "type": "origins:execute_command",
                                    "command": "execute store result score @s lurker run data get entity @p UUID[0] 1",
                                    "permission_level": 4
                                },
                                {
                                    "type": "origins:execute_command",
                                    "command": "power grant @s manhunt:lurker/lurk/body"
                                }
                            ]
                        }
                    },
                    {
                        "type": "origins:if_else",
                        "condition": {
                            "type": "origins:command",
                            "command": "execute as @e[tag=lurk_eye,type=item_display] if score @s lurker = @p lurker",
                            "comparison": "==",
                            "compare_to": 0
                        },
                        "if_action": {
                            "type": "origins:spawn_entity",
                            "entity_type": "minecraft:item_display",
                            "tag": "{Tags:[\"lurk_eye\"],Passengers:[{id:\"minecraft:allay\",NoGravity:1b,Silent:1b,DeathLootTable:\"minecraft:empty\",NoAI:1b,CanPickUpLoot:0b,Tags:[\"lurk_eye\"]}],transformation:{left_rotation:[0f,0f,0f,1f],right_rotation:[0f,0f,0f,1f],translation:[0f,1f,0f],scale:[2f,2f,2f]},item:{id:\"minecraft:ender_eye\",Count:1b,tag:{CustomModelData:2}}}",
                            "entity_action": {
                                "type": "origins:and",
                                "actions": [
                                    {
                                        "type": "origins:execute_command",
                                        "command": "execute on passengers run power grant @s manhunt:lurker/lurk/eye_main"
                                    },
                                    {
                                        "type": "origins:execute_command",
                                        "command": "execute on passengers run scale set pehkui:height 2.2"
                                    },
                                    {
                                        "type": "origins:execute_command",
                                        "command": "execute on passengers run scale set pehkui:width 3"
                                    },
                                    {
                                        "type": "origins:execute_command",
                                        "command": "execute on passengers store result score @p lurker run data get entity @p UUID[0] 1",
                                        "permission_level": 4
                                    },
                                    {
                                        "type": "origins:execute_command",
                                        "command": "execute on passengers store result score @s lurker run data get entity @p UUID[0] 1",
                                        "permission_level": 4
                                    },
                                    {
                                        "type": "origins:execute_command",
                                        "command": "execute store result score @p lurker run data get entity @p UUID[0] 1",
                                        "permission_level": 4
                                    },
                                    {
                                        "type": "origins:execute_command",
                                        "command": "execute store result score @s lurker run data get entity @p UUID[0] 1",
                                        "permission_level": 4
                                    }
                                ]
                            }
                        },
                        "else_action": {
                            "type": "origins:execute_command",
                            "command": "execute at @e[tag=lurk_eye,type=item_display] if score @s lurker = @e[tag=lurk_eye,type=item_display,limit=1,sort=nearest] lurker run tp @s ~ ~ ~ ~ ~",
                            "permission_level": 4
                        }
                    },
                    {
                        "type": "origins:execute_command",
                        "command": "power grant @s manhunt:lurker/lurk/lurk_effects"
                    },
                    {
                        "type": "origins:execute_command",
                        "command": "power remove @e[limit=1,sort=nearest,tag=lurk_eye,type=allay] manhunt:lurker/lurk/eye_effects"
                    }
                ]
            },
            "else_action": {
                "type": "origins:and",
                "actions": [
                    {
                        "type": "origins:execute_command",
                        "command": "forceload add ~ ~ ~ ~",
                        "permission_level": 4
                    },
                    {
                        "type": "origins:execute_command",
                        "command": "power grant @e[limit=1,sort=nearest,tag=lurk_eye,type=allay] manhunt:lurker/lurk/eye_effects"
                    },
                    {
                        "type": "origins:execute_command",
                        "command": "execute as @e[tag=lurk] if score @s lurker = @p lurker run tp @p @s"
                    },
                    {
                        "type": "origins:execute_command",
                        "command": "execute as @e[tag=lurk] if score @s lurker = @p lurker run kill @s"
                    },
                    {
                        "type": "origins:execute_command",
                        "command": "power remove @s manhunt:lurker/lurk/lurk_effects"
                    }
                ]
            }
        },
        "key": {
            "key": "key.origins.secondary_active"
        },
        "cooldown": 60,
        "hud_render": {
            "should_render": false
        },
        "condition": {
            "type":"origins:sneaking",
            "inverted": true
        }
    },
    "retrieve": {
        "type": "origins:active_self",
        "entity_action": {
            "type": "origins:if_else",
            "condition": {
                "type": "origins:command",
                "command": "execute as @e[tag=lurk_eye,type=item_display] if score @s lurker = @p lurker",
                "comparison": ">=",
                "compare_to": 1
            },
            "if_action": {
                "type": "origins:and",
                "actions": [
                    {
                        "type": "origins:change_resource",
                        "resource": "manhunt:lurker/lurk/lurk_retrieve_chargeup",
                        "change": 1
                    }
                ]
            }
        },
        "key": {
            "key": "key.origins.secondary_active",
            "continuous": true
        },
        "condition": {
            "type":"origins:sneaking"
        },
        "cooldown": 1,
        "hud_render": {
            "should_render": false
        }
    },
    "retrieve_stop": {
        "type": "origins:action_over_time",
        "rising_action": {
            "type": "origins:change_resource",
            "resource": "manhunt:lurker/lurk/lurk_retrieve_chargeup",
            "change": -30
        },
        "interval": 1,
        "condition":{
            "type": "apugli:key_pressed",
            "key": {
                "key": "key.origins.secondary_active",
                "continuous": true
            },
            "inverted": true
        }
    },
    "retrieve_chargeup":{
        "type": "origins:resource",
        "min": 0,
        "max": 30,
        "start_value": 0,
        "hud_render": {
            "should_render": false
        },
        "max_action": {
            "type": "origins:and",
            "actions": [
                {
                    "type": "origins:execute_command",
                    "command": "execute as @e[tag=lurk_eye] if score @s lurker = @p lurker run kill @s"
                },
                {
                    "type": "origins:execute_command",
                    "command": "playsound minecraft:entity.ender_eye.death player @s ~ ~ ~ 3 0.7"
                },
                {
                    "type": "origins:change_resource",
                    "resource": "manhunt:lurker/lurk/lurk_retrieve_chargeup",
                    "change": -30
                }
            ]
        }
    },
    "name": "The Watching Eye",
    "description": "Control your ever-so lurking presence through your all-seeing eye.",
    "badges": [
        {
            "type": "origins:tooltip",
            "sprite": "origins:textures/gui/badge/star.png",
            "text": "Your eye can go through solid blocks and fly around. If in a 12 block radius of a player,\nit will shoot a beam that slows and reveals (glow) the runner.\n(Watch out! Your eye can be broken.)"
        },
        {
            "type": "origins:keybind",
            "sprite": "origins:textures/gui/badge/toggle.png",
            "text": "Summon or control your eye with %s!\nSneak and hold the key to retrieve it!"
        }
    ]
}