{
    "type": "origins:multiple",
    "duration": {
        "type": "origins:resource",
        "min": 0,
        "max": 200,
        "start_value": 200,
        "hud_render": {
            "should_render": false
        },
        "min_action": {
            "type": "origins:execute_command",
            "command": "kill @s",
            "permission_level": 4
        }
    },
    "duration_down": {
        "type": "origins:action_over_time",
        "entity_action": {
            "type": "origins:change_resource",
            "resource": "manhunt:lurker/lurk/slow_duration",
            "change": -10
        },
        "interval": 10
    },
    "particles": {
        "type": "origins:action_over_time",
        "entity_action": {
            "type": "origins:execute_command",
            "command": "particle minecraft:dust_color_transition 0 0.9 0.8 3 0 0 0 ~ ~ ~ 2 0 2 1 100"
        },
        "interval": 8
    },
    "slowing": {
        "type": "origins:action_over_time",
        "entity_action": {
            "type": "origins:area_of_effect",
            "radius": 6,
            "bientity_action": {
                "type": "origins:target_action",
                "action": {
                    "type": "origins:and",
                    "actions": [
                        {
                            "type": "origins:execute_command",
                            "command": "power grant @s manhunt:lurker/lurk/lurked"
                        },
                        {
                            "type": "origins:change_resource",
                            "resource": "manhunt:lurker/lurk/lurked_stacks",
                            "change": 1
                        }
                    ]
                }
            },
            "bientity_condition": {
                "type": "origins:target_condition",
                "condition": {
                    "type": "origins:and",
                    "conditions": [
                        {
                            "type": "origins:entity_type",
                            "entity_type": "minecraft:armor_stand",
                            "inverted": true
                        },
                        {
                            "type": "origins:entity_type",
                            "entity_type": "minecraft:block_display",
                            "inverted": true
                        },
                        {
                            "type": "origins:entity_type",
                            "entity_type": "minecraft:item_display",
                            "inverted": true
                        }
                    ]
                }
            }
        },
        "interval": 1
    },
    "hidden": true
}