{
    "type": "origins:multiple",
    "key_check": {
        "type": "origins:resource",
        "min": 0,
        "max": 3,
        "start_value": 0,
        "hud_render": {
            "should_render": false
        }
    },
    "key_held": {
        "type": "origins:active_self",
        "entity_action": {
            "type": "origins:change_resource",
            "resource": "manhunt:xolotl/wolf/wolfpack_key_check",
            "change": 3,
            "operation": "set"
        },
        "cooldown": 1,
        "hud_render": {
            "should_render": false
        },
        "key": {
            "key": "key.origins.primary_active",
            "continuous": true
        }
    },
    "key_stop": {
        "type": "origins:action_over_time",
        "entity_action": {
            "type": "origins:change_resource",
            "resource": "manhunt:xolotl/wolf/wolfpack_key_check",
            "change": -1
        },
        "interval": 1
    },
    "crosshair_texture": {
        "type": "origins:status_bar_texture",
        "texture_map": {
            "minecraft:hud/crosshair": "manhunt:xolotl/crosshair"
        },
        "condition": {
            "type": "origins:resource",
            "resource": "manhunt:xolotl/wolf/wolfpack_key_check",
            "comparison": ">",
            "compare_to": 0
        }
    },
    "wolves": {
        "type": "origins:entity_set",
        "action_on_remove": {
            "type": "origins:target_action",
            "action": {
                "type": "origins:execute_command",
                "command": "kill @s",
                "permission_level": 4
            }
        }
    },
    "summon": {
        "type": "origins:active_self",
        "entity_action": {
            "type": "origins:and",
            "actions": [
                {
                    "type": "origins:execute_command",
                    "command": "tag @s add wolf_owner",
                    "permission_level": 4
                },
                {
                    "type": "origins:spawn_entity",
                    "entity_type": "minecraft:wolf",
                    "tag": "{CustomNameVisible:1b,PersistenceRequired:1b,CanPickUpLoot:0b,Age:0,CollarColor:1b,Tags:[\"xolotl_wolf\"],CustomName:'{\"text\":\"Starbrone\"}'}",
                    "entity_action": {
                        "type": "origins:and",
                        "actions": [
                            {
                                "type": "origins:execute_command",
                                "command": "power grant @s manhunt:xolotl/wolf/wolves",
                                "permission_level": 4
                            },
                            {
                                "type": "origins:execute_command",
                                "command": "data modify entity @s Owner set from entity @p[tag=wolf_owner] UUID",
                                "permission_level": 4
                            }
                        ]
                    },
                    "bientity_action": {
                        "type": "origins:add_to_set",
                        "set": "manhunt:xolotl/wolf/wolfpack_wolves"
                    }
                },
                {
                    "type": "origins:spawn_entity",
                    "entity_type": "minecraft:wolf",
                    "tag": "{CustomNameVisible:1b,PersistenceRequired:1b,CanPickUpLoot:0b,Age:0,CollarColor:1b,Tags:[\"xolotl_wolf\"],CustomName:'{\"text\":\"Hexedblade\"}'}",
                    "entity_action": {
                        "type": "origins:and",
                        "actions": [
                            {
                                "type": "origins:execute_command",
                                "command": "power grant @s manhunt:xolotl/wolf/wolves",
                                "permission_level": 4
                            },
                            {
                                "type": "origins:execute_command",
                                "command": "data modify entity @s Owner set from entity @p[tag=wolf_owner] UUID",
                                "permission_level": 4
                            }
                        ]
                    },
                    "bientity_action": {
                        "type": "origins:add_to_set",
                        "set": "manhunt:xolotl/wolf/wolfpack_wolves"
                    }
                },
                {
                    "type": "origins:spawn_entity",
                    "entity_type": "minecraft:wolf",
                    "tag": "{CustomNameVisible:1b,PersistenceRequired:1b,CanPickUpLoot:0b,Age:0,CollarColor:1b,Tags:[\"xolotl_wolf\"],CustomName:'{\"text\":\"Unchosen Entropy\"}'}",
                    "entity_action": {
                        "type": "origins:and",
                        "actions": [
                            {
                                "type": "origins:execute_command",
                                "command": "power grant @s manhunt:xolotl/wolf/wolves",
                                "permission_level": 4
                            },
                            {
                                "type": "origins:execute_command",
                                "command": "data modify entity @s Owner set from entity @p[tag=wolf_owner] UUID",
                                "permission_level": 4
                            }
                        ]
                    },
                    "bientity_action": {
                        "type": "origins:add_to_set",
                        "set": "manhunt:xolotl/wolf/wolfpack_wolves"
                    }
                },
                {
                    "type": "origins:action_on_set",
                    "set": "manhunt:xolotl/wolf/wolfpack_wolves",
                    "bientity_action": {
                        "type": "origins:target_action",
                        "action": {
                            "type": "origins:random_teleport",
                            "area_width": 4,
                            "area_height": 2,
                            "success_action": {
                                "type": "origins:spawn_particles",
                                "particle": "minecraft:poof",
                                "count": 12
                            }
                        }
                    }
                },
                {
                    "type": "origins:execute_command",
                    "command": "tag @s remove wolf_owner",
                    "permission_level": 4
                },
                {
                    "type": "origins:execute_command",
                    "command": "playsound minecraft:item.nether_wart.plant player @a ~ ~ ~ 3 0.8"
                }
            ]
        },
        "cooldown": 3600,
        "key": {
            "key": "key.use"
        },
        "hud_render": {
            "should_render": true,
            "bar_index": 0,
            "sprite_location": "manhunt:textures/bars/xolotl/xolotl.png"
        },
        "condition": {
            "type": "origins:and",
            "conditions": [
                {
                    "type": "origins:resource",
                    "resource": "manhunt:xolotl/wolf/wolfpack_key_check",
                    "comparison": ">",
                    "compare_to": 0
                }
            ]
        }
    },
    "glow":{
        "type": "origins:entity_glow",
        "bientity_condition": {
            "type": "origins:in_set",
            "set": "manhunt:xolotl/wolf/wolfpack_wolves"
        },
        "red": 0.5,
        "green": 0.35,
        "blue": 0
    },
    "name": "Packleader",
    "description": "Wolves respond to your call and serve you wherever you go.",
    "badges": [
        {
            "type": "origins:tooltip",
            "sprite": "origins:textures/gui/badge/star.png",
            "text": "Wolves summoned have 4 lesser hearts and deal 40% less damage.\nIf killed, the wolves will howl; buffing all hunters with 15% extra movement and attack speed.\nRunners are instead debuffed with 15% less attack damage."
        },
        {
            "type": "origins:tooltip",
            "sprite": "origins:textures/gui/badge/toggle.png",
            "text": [
                "Hold \"",
                {
                    "keybind": "key.origins.primary_active"
                },
                "\" and press \"",
                {
                    "keybind": "key.use"
                },
                "\" to summon your wolf pack!"
            ]
        },
        {
            "type": "origins:tooltip",
            "sprite": "manhunt:textures/icons/cooldown.png",
            "text": "Cooldown: 3m per wolf pack.\nWolves summoned last for 2m before vanishing."
        }
    ]
}