{
    "type": "origins:multiple",
    "health": {
        "type": "origins:attribute",
        "modifier": {
            "name": "Max health decrease",
            "attribute": "minecraft:generic.max_health",
            "value": -8,
            "operation": "addition"
        }
    },
    "damage": {
        "type": "origins:modify_damage_dealt",
        "modifier": {
            "name": "Less damage",
            "operation": "multiply_total",
            "value": -0.4
        }
    },
    "death": {
        "type": "origins:prevent_death",
        "entity_action": {
            "type": "origins:and",
            "actions": [
                {
                    "type": "origins:change_resource",
                    "resource": "manhunt:xolotl/wolf/wolves_life",
                    "change": 40,
                    "operation": "set"
                },
                {
                    "type": "origins:change_resource",
                    "resource": "manhunt:xolotl/wolf/wolves_howling",
                    "change": 1,
                    "operation": "set"
                },
                {
                    "type": "origins:execute_command",
                    "command": "playsound minecraft:entity.wolf.howl player @a ~ ~ ~ 5 1.4",
                    "permission_level": 4
                },
                {
                    "type": "origins:execute_command",
                    "command": "data modify entity @s NoAI set value 1b",
                    "permission_level": 4
                },
                {
                    "type": "origins:execute_command",
                    "command": "tp @s ~ ~ ~ ~ -90",
                    "permission_level": 4
                }
            ]
        },
        "condition": {
            "type": "origins:and",
            "conditions": [
                {
                    "type": "origins:resource",
                    "resource": "manhunt:xolotl/wolf/wolves_life",
                    "comparison": ">",
                    "compare_to": 10
                },
                {
                    "type": "origins:resource",
                    "resource": "manhunt:xolotl/wolf/wolves_howling",
                    "comparison": "==",
                    "compare_to": 0
                },
                {
                    "type": "origins:resource",
                    "resource": "manhunt:xolotl/wolf/wolves_offering",
                    "comparison": "==",
                    "compare_to": 0
                }
            ]
        }
    },
    "life": {
        "type": "origins:resource",
        "min": 0,
        "max": 1800,
        "start_value": 1800,
        "hud_render": {
            "should_render": false
        },
        "min_action": {
            "type": "origins:and",
            "actions": [
                {
                    "type": "origins:execute_command",
                    "command": "tag @s add offered_tp",
                    "permission_level": 4
                },
                {
                    "type": "origins:action_on_set",
                    "set": "manhunt:xolotl/wolf/wolves_offered",
                    "bientity_action": {
                        "type": "origins:target_action",
                        "action": {
                            "type": "origins:execute_command",
                            "command": "tp @s @e[limit=1,sort=nearest,type=wolf,tag=offered_tp]",
                            "permission_level": 4
                        }
                    }
                },
                {
                    "type": "origins:execute_command",
                    "command": "forceload remove ~ ~ ~ ~",
                    "permission_level": 4
                },
                {
                    "type": "origins:damage",
                    "amount": 9999,
                    "damage_type": "manhunt:vanish"
                }
            ]
        }
    },
    "ticking": {
        "type": "origins:action_over_time",
        "entity_action": {
            "type": "origins:change_resource",
            "resource": "manhunt:xolotl/wolf/wolves_life",
            "change": -10
        },
        "interval": 10,
        "condition": {
            "type": "origins:resource",
            "resource": "manhunt:xolotl/wolf/wolves_offering",
            "comparison": "==",
            "compare_to": 0
        }
    },
    "howling": {
        "type": "origins:resource",
        "min": 0,
        "max": 1,
        "start_value": 0
    },
    "glow_color": {
        "type": "origins:resource",
        "min": 0,
        "max": 1,
        "start_value": 0
    },
    "howl": {
        "type": "origins:action_over_time",
        "entity_action": {
            "type": "origins:and",
            "actions": [
                {
                    "type": "origins:spawn_entity",
                    "entity_type": "minecraft:armor_stand",
                    "tag": "{NoGravity:1b,Silent:1b,Invulnerable:1b,Marker:1b,Invisible:1b,Tags:[\"howl\"],Passengers:[{id:\"minecraft:item_display\",start_interpolation:-1,Tags:[\"howl\"],transformation:{left_rotation:[0f,0f,0f,1f],right_rotation:[0f,0f,0f,1f],translation:[0f,0f,2f],scale:[0.5f,0.5f,1f]},item:{id:\"minecraft:bone\",Count:1b,tag:{CustomModelData:2}}}]}",
                    "entity_action": {
                        "type": "origins:and",
                        "actions": [
                            {
                                "type": "origins:execute_command",
                                "command": "power grant @s manhunt:xolotl/wolf/delete_howl",
                                "permission_level": 4
                            },
                            {
                                "type": "origins:execute_command",
                                "command": "execute on passengers run data modify entity @s Rotation set value [0f,-90f]",
                                "permission_level": 4
                            },
                            {
                                "type": "origins:execute_command",
                                "command": "execute on passengers run data modify entity @s interpolation_duration set value 10",
                                "permission_level": 4
                            },
                            {
                                "type": "origins:execute_command",
                                "command": "execute on passengers run data modify entity @s transformation.scale set value [5f,5f,1f]",
                                "permission_level": 4
                            }
                        ]
                    }
                },
                {
                    "type": "origins:area_of_effect",
                    "radius": 7,
                    "shape": "sphere",
                    "bientity_action": {
                        "type": "origins:target_action",
                        "action": {
                            "type": "origins:execute_command",
                            "command": "power grant @s manhunt:xolotl/wolf/howled",
                            "permission_level": 4
                        }
                    }
                },
                {
                    "type": "origins:if_else",
                    "condition": {
                        "type": "origins:resource",
                        "resource": "manhunt:xolotl/wolf/wolves_glow_color",
                        "comparison": "==",
                        "compare_to": 0
                    },
                    "if_action": {
                        "type": "origins:change_resource",
                        "resource": "manhunt:xolotl/wolf/wolves_glow_color",
                        "change": 1,
                        "operation": "set"
                    },
                    "else_action": {
                        "type": "origins:change_resource",
                        "resource": "manhunt:xolotl/wolf/wolves_glow_color",
                        "change": 0,
                        "operation": "set"
                    }
                }
            ]
        },
        "interval": 6,
        "condition": {
            "type": "origins:resource",
            "resource": "manhunt:xolotl/wolf/wolves_howling",
            "comparison": "==",
            "compare_to": 1
        }
    },
    "howl_glow_orange": {
        "type": "origins:self_glow",
        "condition": {
            "type": "origins:and",
            "conditions": [
                {
                    "type": "origins:resource",
                    "resource": "manhunt:xolotl/wolf/wolves_howling",
                    "comparison": "==",
                    "compare_to": 1
                },
                {
                    "type": "origins:resource",
                    "resource": "manhunt:xolotl/wolf/wolves_glow_color",
                    "comparison": "==",
                    "compare_to": 0
                }
            ]
        },
        "use_teams": false,
        "red": 0.8,
        "green": 0.55,
        "blue": 0
    },
    "howl_glow_white": {
        "type": "origins:self_glow",
        "condition": {
            "type": "origins:and",
            "conditions": [
                {
                    "type": "origins:resource",
                    "resource": "manhunt:xolotl/wolf/wolves_howling",
                    "comparison": "==",
                    "compare_to": 1
                },
                {
                    "type": "origins:resource",
                    "resource": "manhunt:xolotl/wolf/wolves_glow_color",
                    "comparison": "==",
                    "compare_to": 1
                }
            ]
        },
        "use_teams": false,
        "red": 1,
        "green": 1,
        "blue": 1
    },
    "offering": {
        "type": "origins:resource",
        "min": 0,
        "max": 1,
        "start_value": 0,
        "max_action": {
            "type": "origins:execute_command",
            "command": "forceload add ~ ~ ~ ~",
            "permission_level": 4
        },
        "min_action": {
            "type": "origins:execute_command",
            "command": "forceload remove ~ ~ ~ ~",
            "permission_level": 4
        }
    },
    "offering_ticking": {
        "type": "origins:action_over_time",
        "entity_action": {
            "type": "origins:change_resource",
            "resource": "manhunt:xolotl/wolf/wolves_life",
            "change": -10
        },
        "interval": 20,
        "condition": {
            "type": "origins:resource",
            "resource": "manhunt:xolotl/wolf/wolves_offering",
            "comparison": "==",
            "compare_to": 1
        }
    },
    "model": {
        "type": "origins:model_color",
        "red": 0.5,
        "green": 0.2,
        "blue": 0.05,
        "alpha": 0.8,
        "condition": {
            "type": "origins:resource",
            "resource": "manhunt:xolotl/wolf/wolves_offering",
            "comparison": "==",
            "compare_to": 1
        }
    },
    "bite": {
        "type": "origins:resource",
        "min": 0,
        "max": 1,
        "start_value": 0
    },
    "bite_duration": {
        "type": "origins:resource",
        "min": 0,
        "max": 200,
        "start_value": 0,
        "min_action": {
            "type": "origins:and",
            "actions": [
                {
                    "type": "origins:change_resource",
                    "resource": "manhunt:xolotl/wolf/wolves_bite",
                    "change": 0,
                    "operation": "set"
                },
                {
                    "type": "origins:change_resource",
                    "resource": "manhunt:xolotl/wolf/wolves_bite_ready",
                    "change": 0
                }
            ]
        }
    },
    "bite_ready": {
        "type": "origins:resource",
        "min": 0,
        "max": 25,
        "start_value": 0,
        "max_action": {
            "type": "origins:change_resource",
            "resource": "manhunt:xolotl/wolf/wolves_bite_duration",
            "change": 200,
            "operation": "set"
        }
    },
    "bite_up": {
        "type": "origins:action_over_time",
        "entity_action": {
            "type": "origins:change_resource",
            "resource": "manhunt:xolotl/wolf/wolves_bite_ready",
            "change": 1
        },
        "interval": 1,
        "condition": {
            "type": "origins:resource",
            "resource": "manhunt:xolotl/wolf/wolves_bite",
            "comparison": "==",
            "compare_to": 1
        }
    },
    "bite_down": {
        "type": "origins:action_over_time",
        "entity_action": {
            "type": "origins:change_resource",
            "resource": "manhunt:xolotl/wolf/wolves_bite_duration",
            "change": -10
        },
        "interval": 10,
        "condition": {
            "type": "origins:resource",
            "resource": "manhunt:xolotl/wolf/wolves_bite_duration",
            "comparison": ">",
            "compare_to": 0
        }
    },
    "bite_effect":{
        "type": "origins:action_on_hit",
        "bientity_action": {
            "type": "origins:and",
            "actions": [
                {
                    "type": "origins:actor_action",
                    "action": {
                        "type": "origins:and",
                        "actions": [
                            {
                                "type": "origins:change_resource",
                                "resource": "manhunt:xolotl/wolf/wolves_bite",
                                "change": 0,
                                "operation": "set"
                            },
                            {
                                "type": "origins:change_resource",
                                "resource": "manhunt:xolotl/wolf/wolves_bite_ready",
                                "change": 0
                            }
                        ]
                    }
                },
                {
                    "type": "origins:target_action",
                    "action": {
                        "type": "origins:and",
                        "actions": [
                            {
                                "type": "origins:if_else",
                                "condition": {
                                    "type": "origins:power",
                                    "power": "manhunt:xolotl/bite/bit"
                                },
                                "if_action": {
                                    "type": "origins:change_resource",
                                    "resource": "manhunt:xolotl/bite/bit_duration",
                                    "change": 140,
                                    "operation": "set"
                                }
                            },
                            {
                                "type": "origins:execute_command",
                                "command": "power grant @s manhunt:xolotl/bite/bit",
                                "permission_level": 4
                            },
                            {
                                "type": "origins:exhaust",
                                "amount": 4.0
                            }
                        ]
                    }
                }
            ]
        },
        "bientity_condition": {
            "type": "origins:actor_condition",
            "condition": {
                "type": "origins:resource",
                "resource": "manhunt:xolotl/wolf/wolves_bite_ready",
                "comparison": "==",
                "compare_to": 25
            }
        },
        "cooldown": 1
    },
    "glow_hunters": {
        "type": "origins:self_glow",
        "bientity_condition": {
            "type": "origins:and",
            "conditions": [
                {
                    "type": "origins:actor_condition",
                    "condition": {
                        "type": "origins:and",
                        "conditions": [
                            {
                                "type": "origins:origin",
                                "origin": "manhunt:hunter",
                                "layer": "origins:origin"
                            },
                            {
                                "type": "origins:equipped_item",
                                "equipment_slot": "mainhand",
                                "item_condition": {
                                    "type": "origins:ingredient",
                                    "ingredient": {
                                        "tag": "origins:meat"
                                    }
                                }
                            }
                        ]
                    }
                },
                {
                    "type": "origins:distance",
                    "comparison": "<=",
                    "compare_to": 151
                }
            ]
        },
        "condition": {
            "type": "origins:resource",
            "resource": "manhunt:xolotl/wolf/wolves_offering",
            "comparison": "==",
            "compare_to": 1
        },
        "use_teams": false,
        "red": 0.5,
        "green": 0.35,
        "blue": 0
    },
    "glow_close": {
        "type": "origins:self_glow",
        "bientity_condition": {
            "type": "origins:and",
            "conditions": [
                {
                    "type": "origins:distance",
                    "comparison": "<=",
                    "compare_to": 16
                },
                {
                    "type": "origins:actor_condition",
                    "condition": {
                        "type": "origins:origin",
                        "origin": "manhunt:runner",
                        "layer": "origins:origin"
                    }
                }
            ]
        },
        "condition": {
            "type": "origins:resource",
            "resource": "manhunt:xolotl/wolf/wolves_offering",
            "comparison": "==",
            "compare_to": 1
        },
        "red": 0.5,
        "green": 0.35,
        "blue": 0
    },
    "offered": {
        "type": "origins:entity_set"
    },
    "hidden": true
}