{
    "type": "origins:multiple",
    "duration": {
        "type": "origins:resource",
        "min": 0,
        "max": 30,
        "start_value": 30,
        "hud_render": {
            "should_render": false
        },
        "min_action": {
            "type": "origins:and",
            "actions": [
                {
                    "type": "origins:explode",
                    "power": 75,
                    "destruction_type": "destroy",
                    "damage_self": false,
                    "create_fire": false,
                    "destructible": {
                        "type": "origins:movement_blocking"
                    }
                },
                {
                    "type": "origins:execute_command",
                    "command": "execute on passengers run kill @s"
                },
                {
                    "type": "origins:execute_command",
                    "command": "kill @s"
                }
            ]
        }
    },
    "duration_down": {
        "type": "origins:action_over_time",
        "entity_action": {
            "type": "origins:change_resource",
            "resource": "manhunt:domains/inmortuae_arrow_duration",
            "change": -1
        },
        "interval": 1
    },
    "hidden": true
}