{
    "type": "origins:multiple",
    "duration": {
        "type": "origins:resource",
        "min": 0,
        "max": 400,
        "start_value": 400,
        "hud_render":{
            "should_render": true,
            "sprite_location": "manhunt:textures/bars/berserker/berserker.png",
            "bar_index": 6
        },
        "min_action": {
            "type": "origins:execute_command",
            "command": "power remove @s manhunt:berserker/horn/horn_effects_self"
        }
    },

    "anim": {
        "type": "origins:action_on_callback",
        "entity_action_gained": {
            "type": "origins:and",
            "actions": [
                {
                    "type": "origins:if_else",
                    "condition": {
                        "type": "origins:origin",
                        "origin": "manhunt:hunters/berserker",
                        "layer": "manhunt:hunters",
                        "inverted": true
                    },
                    "if_action": {
                        "type": "origins:spawn_entity",
                        "entity_type": "minecraft:armor_stand",
                        "tag": "{Marker:1b,Invisible:1b,Tags:[\"horn_effect\"],Passengers:[{id:\"minecraft:item_display\",view_range:100f,start_interpolation:-3,interpolation_duration:0,Tags:[\"horn_effect\"],transformation:{left_rotation:[0f,0f,0f,1f],right_rotation:[0f,0f,0f,1f],translation:[0f,0f,0f],scale:[0.1f,0.1f,0.1f]},item:{id:\"minecraft:music_disc_pigstep\",Count:1b,tag:{CustomModelData:1}}}]}",
                        "entity_action": {
                            "type": "origins:and",
                            "actions": [
                                {
                                    "type": "origins:execute_command",
                                    "command": "tp @s ~ ~1.8 ~",
                                    "permission_level": 4
                                },
                                {
                                    "type": "origins:execute_command",
                                    "command": "power grant @s manhunt:berserker/horn/anim",
                                    "permission_level": 4
                                },
                                {
                                    "type": "origins:execute_command",
                                    "command": "execute on passengers run data modify entity @s Rotation[1] set value 0f",
                                    "permission_level": 4
                                },
                                {
                                    "type": "origins:execute_command",
                                    "command": "execute on passengers run data modify entity @s interpolation_duration set value 30",
                                    "permission_level": 4
                                },
                                {
                                    "type": "origins:execute_command",
                                    "command": "execute on passengers run data modify entity @s transformation.scale set value [2f,2f,1f]",
                                    "permission_level": 4
                                }
                            ]
                        }
                    }
                }
            ]
        }
    },

    "remove_resource": {
        "type": "origins:action_over_time",
        "entity_action": {
            "type": "origins:change_resource",
            "resource": "manhunt:berserker/horn/horn_effects_self_duration",
            "change": -10
        },
        "interval": 10
    },

    "more_atk_speed": {
        "type": "origins:attribute",
        "modifier": {
            "name": "Increased attack speed",
            "attribute": "minecraft:generic.attack_speed",
            "value": 0.15,
            "operation": "addition"
        }
    },

    "quick_regen_register":{
        "type": "origins:action_when_hit",
        "bientity_action": {
            "type": "origins:target_action",
            "action": {
                "type": "origins:change_resource",
                "resource": "manhunt:berserker/horn/horn_effects_self_quick_regen_resource",
                "change": 3
            }
        },
        "bientity_condition": {
        "type": "origins:actor_condition",
            "condition": {
                "type": "origins:origin",
                "origin": "manhunt:runner",
                "layer": "origins:origin"
            }
        },
        "cooldown": 20
    },

    "quick_regen_activate": {
        "type": "origins:action_over_time",
        "entity_action": {
            "type": "origins:and",
            "actions": [
                {
                    "type": "origins:heal",
                    "amount": 1
                },
                {    
                    "type": "origins:change_resource",
                    "resource": "manhunt:berserker/horn/horn_effects_self_quick_regen_resource",
                    "change": -1
                },
                {
                    "type": "origins:execute_command",
                    "command": "particle minecraft:heart ~ ~2 ~ 0 0 0 0 1 normal @a"
                },
                {
                    "type": "origins:execute_command",
                    "command": "playsound minecraft:entity.turtle.egg_break player @a ~ ~ ~ 2 0.5"
                }
            ]
        },
        "interval": 30,
        "condition": {
            "type": "origins:resource",
            "resource": "manhunt:berserker/horn/horn_effects_self_quick_regen_resource",
            "comparison": ">",
                "compare_to": 0
        }
    },

    "quick_regen_resource": {
        "type": "origins:resource",
        "min": 0,
        "max": 12,
        "start_value": 0,
        "hud_render":{
            "should_render": false
        }
    },

    "particles": {
        "type": "origins:particle",
        "particle": "minecraft:note",
        "frequency": 4
    },

    "hidden": true
}