{
    "type": "origins:multiple",
    "timer": {
        "type": "origins:resource",
        "min": 0,
        "max": 100,
        "start_value": 100,
        "hud_render": {
            "should_render": false
        },
        "max_action": {
            "type": "origins:and",
            "actions": [
                {
                    "type": "origins:selector_action",
                    "selector": "@a[tag=hunter]",
                    "bientity_action": {
                        "type": "origins:and",
                        "actions": [
                            {
                                "type": "origins:actor_action",
                                "action": {
                                    "type": "origins:and",
                                    "actions": [
                                        {
                                            "type": "origins:execute_command",
                                            "command": "tag @s add tp_bundle"
                                        },
                                        {
                                            "type": "origins:execute_command",
                                            "command": "particle minecraft:witch ~ ~1 ~ 0.1 0.1 0.1 0.4 70"
                                        },
                                        {
                                            "type": "origins:execute_command",
                                            "command": "playsound minecraft:item.bundle.drop_contents player @a ~ ~ ~ 1.5 0.7"
                                        }
                                    ]
                                }
                            },
                            {
                                "type": "origins:target_action",
                                "action": {
                                    "type": "origins:if_else",
                                    "condition": {
                                        "type": "origins:dimension",
                                        "dimension": "manhunt:courier"
                                    },
                                    "if_action": {
                                        "type": "origins:and",
                                        "actions": [
                                            {
                                                "type": "origins:selector_action",
                                                "selector": "@e[type=item]",
                                                "bientity_action": {
                                                    "type": "origins:target_action",
                                                    "action": {
                                                        "type": "origins:execute_command",
                                                        "command": "tp @p[tag=tp_bundle] @s"
                                                    }
                                                },
                                                "bientity_condition": {
                                                    "type": "origins:in_set",
                                                    "set": "manhunt:courier/bag/void_bag_owner"
                                                }
                                            }
                                        ]
                                    },
                                    "else_action": {
                                        "type": "origins:execute_command",
                                        "command": "tp @p[tag=tp_bundle] @s"
                                    }
                                }
                            },
                            {
                                "type": "origins:actor_action",
                                "action": {
                                    "type": "origins:and",
                                    "actions": [
                                        {
                                            "type": "origins:execute_command",
                                            "command": "tag @s remove tp_bundle"
                                        },
                                        {
                                            "type": "origins:execute_command",
                                            "command": "particle minecraft:witch ~ ~1 ~ 0.1 0.1 0.1 0.4 70"
                                        },
                                        {
                                            "type": "origins:execute_command",
                                            "command": "playsound minecraft:item.bundle.drop_contents player @a ~ ~ ~ 1.5 0.7"
                                        }
                                    ]
                                }
                            }
                        ]
                    },
                    "bientity_condition": {
                        "type": "origins:target_condition",
                        "condition": {
                            "type": "origins:origin",
                            "origin": "manhunt:hunters/courier",
                            "layer": "origins:hunters"
                        }
                    }
                },
                {
                    "type": "origins:execute_command",
                    "command": "power remove @s manhunt:courier/bag/runner"
                }
            ]
        }
    },
    "timer_down": {
        "type": "origins:action_over_time",
        "entity_action": {
            "type": "origins:change_resource",
            "resource": "manhunt:courier/bag/runner_timer",
            "change": -10
        },
        "interval": 10
    },
    "msg1": {
        "type": "origins:action_over_time",
        "rising_action": {
            "type": "origins:and",
            "actions": [
                {
                    "type": "origins:execute_command",
                    "command": "playsound minecraft:entity.villager.trade player @s"
                },
                {
                    "type": "origins:execute_command",
                    "command": "tellraw @s \"Uh....\""
                }
            ]
        },
        "interval": 1,
        "condition": {
            "type": "origins:resource",
            "resource": "manhunt:courier/bag/runner_timer",
            "comparison": "==",
            "compare_to": 90
        }
    },
    "msg2": {
        "type": "origins:action_over_time",
        "rising_action": {
            "type": "origins:and",
            "actions": [
                {
                    "type": "origins:execute_command",
                    "command": "playsound minecraft:entity.villager.trade player @s"
                },
                {
                    "type": "origins:execute_command",
                    "command": "tellraw @s [\"\",\"You're\",{\"text\":\" not\",\"bold\":true,\"italic\":true},\" supposed to be here...\"]"
                }
            ]
        },
        "interval": 1,
        "condition": {
            "type": "origins:resource",
            "resource": "manhunt:courier/bag/runner_timer",
            "comparison": "==",
            "compare_to": 60
        }
    },
    "msg2": {
        "type": "origins:action_over_time",
        "rising_action": {
            "type": "origins:and",
            "actions": [
                {
                    "type": "origins:execute_command",
                    "command": "playsound minecraft:entity.villager.trade player @s"
                },
                {
                    "type": "origins:execute_command",
                    "command": "tellraw @s [\"\",\"You're\",{\"text\":\" not\",\"bold\":true,\"italic\":true},\" supposed to be here...\"]"
                }
            ]
        },
        "interval": 1,
        "condition": {
            "type": "origins:resource",
            "resource": "manhunt:courier/bag/runner_timer",
            "comparison": "==",
            "compare_to": 60
        }
    },
    "msg3": {
        "type": "origins:action_over_time",
        "rising_action": {
            "type": "origins:and",
            "actions": [
                {
                    "type": "origins:execute_command",
                    "command": "playsound minecraft:entity.villager.trade player @s"
                },
                {
                    "type": "origins:execute_command",
                    "command": "tellraw @s \"I'm not too sure what's supposed to happen now...\""
                }
            ]
        },
        "interval": 1,
        "condition": {
            "type": "origins:resource",
            "resource": "manhunt:courier/bag/runner_timer",
            "comparison": "==",
            "compare_to": 30
        }
    },
    "msg4": {
        "type": "origins:action_over_time",
        "rising_action": {
            "type": "origins:and",
            "actions": [
                {
                    "type": "origins:execute_command",
                    "command": "playsound minecraft:entity.villager.no player @s"
                },
                {
                    "type": "origins:execute_command",
                    "command": "tellraw @s \"Welp\""
                }
            ]
        },
        "interval": 1,
        "condition": {
            "type": "origins:resource",
            "resource": "manhunt:courier/bag/runner_timer",
            "comparison": "==",
            "compare_to": 10
        }
    }
}