{
    "type": "origins:multiple",
    "activate": {
        "type": "origins:active_self",
        "entity_action": {
            "type": "origins:and",
            "actions": [
                {
                    "type": "origins:change_resource",
                    "resource": "manhunt:hecatomb/brimstone/brimstone_duration",
                    "change": 150,
                    "operation": "set"
                },
                {
                    "type": "origins:execute_command",
                    "command": "playsound minecraft:entity.warden.sonic_charge player @a ~ ~ ~ 2 0.6"
                },
                {
                    "type": "origins:execute_command",
                    "command": "playsound minecraft:entity.evoker.prepare_attack player @a ~ ~ ~ 1 0.8"
                },
                {
                    "type": "origins:if_else",
                    "condition": {
                        "type": "origins:set_size",
                        "set": "manhunt:hecatomb/hemo/surge_left_orb",
                        "comparison": "==",
                        "compare_to": 1
                    },
                    "if_action": {
                        "type": "origins:action_on_set",
                        "set": "manhunt:hecatomb/hemo/surge_left_orb",
                        "bientity_action": {
                            "type": "origins:target_action",
                            "action": {
                                "type": "origins:and",
                                "actions": [
                                    {
                                        "type": "origins:execute_command",
                                        "command": "execute on passengers run kill @s"
                                    },
                                    {
                                        "type": "origins:execute_command",
                                        "command": "kill @s"
                                    }
                                ]
                            }
                        }
                    },
                    "else_action": {
                        "type": "origins:action_on_set",
                        "set": "manhunt:hecatomb/hemo/surge_right_orb",
                        "bientity_action": {
                            "type": "origins:target_action",
                            "action": {
                                "type": "origins:and",
                                "actions": [
                                    {
                                        "type": "origins:execute_command",
                                        "command": "execute on passengers run kill @s"
                                    },
                                    {
                                        "type": "origins:execute_command",
                                        "command": "kill @s"
                                    }
                                ]
                            }
                        }
                    }
                }
            ]
        },
        "cooldown": 4,
        "hud_render": {
            "should_render": false
        },
        "key": {
            "key": "key.attack"
        },
        "condition": {
            "type": "origins:and",
            "conditions": [
                {
                    "type": "origins:resource",
                    "resource": "manhunt:hecatomb/hemo/surge_holding_key",
                    "compare_to": 0,
                    "comparison": ">"
                },
                {
                    "type": "origins:resource",
                    "resource": "manhunt:hecatomb/brimstone/brimstone_duration",
                    "compare_to": 0,
                    "comparison": "=="
                },
                {
                    "type": "origins:or",
                    "conditions": [
                        {
                            "type": "origins:set_size",
                            "set": "manhunt:hecatomb/hemo/surge_right_orb",
                            "comparison": "==",
                            "compare_to": 1
                        },
                        {
                            "type": "origins:set_size",
                            "set": "manhunt:hecatomb/hemo/surge_left_orb",
                            "comparison": "==",
                            "compare_to": 1
                        }
                    ]
                }
            ]
        }
    },
    "duration": {
        "type": "origins:resource",
        "min": 0,
        "max": 150,
        "start_value": 0
    },
    "duration_down": {
        "type": "origins:action_over_time",
        "entity_action": {
            "type": "origins:change_resource",
            "resource": "manhunt:hecatomb/brimstone/brimstone_duration",
            "change": -10
        },
        "interval": 10,
        "condition": {
            "type": "origins:resource",
            "resource": "manhunt:hecatomb/brimstone/brimstone_duration",
            "compare_to": 0,
            "comparison": ">"
        }
    },
    "target": {
        "type": "origins:entity_set"
    },
    "glow_target": {
        "type": "origins:entity_glow",
        "red": 0.5,
        "green": 0,
        "blue": 0,
        "bientity_condition": {
            "type": "origins:in_set",
            "set": "manhunt:hecatomb/brimstone/brimstone_target"
        }
    },
    "shoot": {
        "type": "origins:action_over_time",
        "rising_action": {
            "type": "origins:execute_command",
            "command": "playsound minecraft:entity.evoker.prepare_summon player @a ~ ~ ~ 1 0.5"
        },
        "entity_action": {
            "type": "origins:and",
            "actions": [
                {
                    "type": "origins:spawn_entity",
                    "entity_type": "minecraft:armor_stand",
                    "tag": "{Silent:1b,Invulnerable:1b,Marker:1b,Invisible:1b,Tags:[\"brimstone\"],Passengers:[{id:\"minecraft:item_display\",Tags:[\"brimstone\"],transformation:{left_rotation:[0f,0f,0f,1f],right_rotation:[0f,0f,0f,1f],translation:[0f,1.5f,5.5f],scale:[2.5f,2.5f,10f]},item:{id:\"minecraft:redstone_block\",Count:1b}}]}",
                    "entity_action": {
                        "type": "origins:and",
                        "actions": [
                            {
                                "type": "origins:execute_command",
                                "command": "tp ^ ^1.5 ^5"
                            },
                            {
                                "type": "origins:execute_command",
                                "command": "power grant @s manhunt:hecatomb/brimstone/laser"
                            }
                        ]
                    }
                },
                {
                    "type": "origins:execute_command",
                    "command": "execute as @a[distance=..16] run playsound minecraft:entity.zoglin.attack player @s ~ ~ ~ 0.6 0.6"
                },
                {
                    "type": "origins:raycast",
                    "distance": 10,
                    "block": false,
                    "entity": true,
                    "shape_type": "visual",
                    "fluid_handling": "none",
                    "command_along_ray": "function manhunt:abilities/hecatomb/hitbox",
                    "command_step": 0.5,
                    "command_along_ray_only_on_hit": false
                },
                {
                    "type": "origins:selector_action",
                    "selector": "@e[tag=hecatomb_damaged]",
                    "bientity_action": {
                        "type": "origins:and",
                        "actions": [
                            {
                                "type": "origins:if_else",
                                "condition": {
                                    "type": "origins:and",
                                    "conditions": [
                                        {
                                            "type": "origins:target_condition",
                                            "condition": {
                                                "type": "origins:living"
                                            }
                                        },
                                        {
                                            "type": "origins:equal",
                                            "inverted": true
                                        }
                                    ]
                                },
                                "if_action": {
                                    "type": "origins:and",
                                    "actions": [
                                        {
                                            "type": "origins:damage",
                                            "amount": 0.5,
                                            "damage_type": "manhunt:hemomagic"
                                        },
                                        {
                                            "type": "origins:add_to_set",
                                            "set": "manhunt:hecatomb/brimstone/brimstone_target",
                                            "time_limit": 15
                                        }
                                    ]
                                }
                            },
                            {
                                "type": "origins:target_action",
                                "action": {
                                    "type": "origins:execute_command",
                                    "command": "tag @s remove hecatomb_damaged"
                                }
                            }
                        ]
                    }
                }
            ]
        },
        "interval": 1,
        "condition": {
            "type": "origins:and",
            "conditions": [
                {
                    "type": "origins:resource",
                    "resource": "manhunt:hecatomb/brimstone/brimstone_duration",
                    "compare_to": 100,
                    "comparison": "<="
                },
                {
                    "type": "origins:resource",
                    "resource": "manhunt:hecatomb/brimstone/brimstone_duration",
                    "compare_to": 0,
                    "comparison": ">"
                }
            ]
        }
    },
    "outline_laser": {
        "type": "origins:entity_glow",
        "red": 1,
        "green": 0,
        "blue": 0,
        "entity_condition": {
            "type": "origins:riding",
            "bientity_condition": {
                "type": "origins:target_condition",
                "condition": {
                    "type": "origins:power",
                    "power": "manhunt:hecatomb/brimstone/laser"
                }
            }
        }
    },
    "outline_affected": {
        "type": "origins:entity_glow",
        "red": 1,
        "green": 0,
        "blue": 0,
        "entity_condition": {
            "type": "origins:riding",
            "bientity_condition": {
                "type": "origins:target_condition",
                "condition": {
                    "type": "origins:power",
                    "power": "manhunt:hecatomb/brimstone/laser"
                }
            }
        }
    },
    "glow_switch": {
        "type": "origins:resource",
        "min": 0,
        "max": 1,
        "start_value": 0
    },
    "glow_windup1": {
        "type": "origins:action_over_time",
        "entity_action": {
            "type": "origins:if_else",
            "condition": {
                "type": "origins:resource",
                "resource": "manhunt:hecatomb/brimstone/brimstone_glow_switch",
                "compare_to": 0,
                "comparison": "=="
            },
            "if_action": {
                "type": "origins:change_resource",
                "resource": "manhunt:hecatomb/brimstone/brimstone_glow_switch",
                "change": 1
            },
            "else_action": {
                "type": "origins:change_resource",
                "resource": "manhunt:hecatomb/brimstone/brimstone_glow_switch",
                "change": -1
            }
        },
        "interval": 10,
        "condition": {
            "type": "origins:resource",
            "resource": "manhunt:hecatomb/brimstone/brimstone_duration",
            "compare_to": 130,
            "comparison": ">="
        }
    },
    "glow_windup2": {
        "type": "origins:action_over_time",
        "entity_action": {
            "type": "origins:if_else",
            "condition": {
                "type": "origins:resource",
                "resource": "manhunt:hecatomb/brimstone/brimstone_glow_switch",
                "compare_to": 0,
                "comparison": "=="
            },
            "if_action": {
                "type": "origins:change_resource",
                "resource": "manhunt:hecatomb/brimstone/brimstone_glow_switch",
                "change": 1
            },
            "else_action": {
                "type": "origins:change_resource",
                "resource": "manhunt:hecatomb/brimstone/brimstone_glow_switch",
                "change": -1
            }
        },
        "interval": 5,
        "condition": {
            "type": "origins:and",
            "conditions": [
                {
                    "type": "origins:resource",
                    "resource": "manhunt:hecatomb/brimstone/brimstone_duration",
                    "compare_to": 110,
                    "comparison": ">="
                },
                {
                    "type": "origins:resource",
                    "resource": "manhunt:hecatomb/brimstone/brimstone_duration",
                    "compare_to": 130,
                    "comparison": "<"
                }
            ]
        }
    },
    "glow_windup3": {
        "type": "origins:action_over_time",
        "entity_action": {
            "type": "origins:if_else",
            "condition": {
                "type": "origins:resource",
                "resource": "manhunt:hecatomb/brimstone/brimstone_glow_switch",
                "compare_to": 0,
                "comparison": "=="
            },
            "if_action": {
                "type": "origins:change_resource",
                "resource": "manhunt:hecatomb/brimstone/brimstone_glow_switch",
                "change": 1
            },
            "else_action": {
                "type": "origins:change_resource",
                "resource": "manhunt:hecatomb/brimstone/brimstone_glow_switch",
                "change": -1
            }
        },
        "interval": 2,
        "condition": {
            "type": "origins:and",
            "conditions": [
                {
                    "type": "origins:resource",
                    "resource": "manhunt:hecatomb/brimstone/brimstone_duration",
                    "compare_to": 100,
                    "comparison": ">="
                },
                {
                    "type": "origins:resource",
                    "resource": "manhunt:hecatomb/brimstone/brimstone_duration",
                    "compare_to": 110,
                    "comparison": "<"
                }
            ]
        }
    },
    "windup_camera": {
        "type": "eggolib:modify_mouse_sensitivity",
        "modifier": {
            "operation": "multiply_total_multiplicative",
            "value": -0.25
        },
        "condition": {
            "type": "origins:resource",
            "resource": "manhunt:hecatomb/brimstone/brimstone_duration",
            "compare_to": 100,
            "comparison": ">"
        }
    },
    "windup_slow": {
        "type": "origins:conditioned_attribute",
        "modifier": {
            "attribute": "minecraft:generic.movement_speed",
            "operation": "multiply_total",
            "value": -0.35,
            "name": "Decreased speed"
        },
        "update_health": false,
        "tick_rate": 1,
        "condition": {
            "type": "origins:resource",
            "resource": "manhunt:hecatomb/brimstone/brimstone_duration",
            "compare_to": 100,
            "comparison": ">"
        }
    },
    "windup_no_jump": {
        "type": "origins:modify_jump",
        "modifier": {
            "operation": "set_total",
            "value": 0
        },
        "condition": {
            "type": "origins:resource",
            "resource": "manhunt:hecatomb/brimstone/brimstone_duration",
            "compare_to": 0,
            "comparison": ">"
        }
    },
    "windup_camera": {
        "type": "eggolib:modify_mouse_sensitivity",
        "modifier": {
            "operation": "multiply_total_multiplicative",
            "value": -0.25
        },
        "condition": {
            "type": "origins:and",
            "conditions": [
                {
                    "type": "origins:resource",
                    "resource": "manhunt:hecatomb/brimstone/brimstone_duration",
                    "compare_to": 0,
                    "comparison": ">"
                },
                {
                    "type": "origins:resource",
                    "resource": "manhunt:hecatomb/brimstone/brimstone_duration",
                    "compare_to": 100,
                    "comparison": "<="
                }
            ]
        }
    },
    "brimstone_slowness": {
        "type": "origins:conditioned_attribute",
        "modifier": {
            "attribute": "minecraft:generic.movement_speed",
            "operation": "multiply_total",
            "value": -0.75,
            "name": "Decreased speed"
        },
        "tick_rate": 1,
        "update_health": false,
        "condition": {
            "type": "origins:and",
            "conditions": [
                {
                    "type": "origins:resource",
                    "resource": "manhunt:hecatomb/brimstone/brimstone_duration",
                    "compare_to": 0,
                    "comparison": ">"
                },
                {
                    "type": "origins:resource",
                    "resource": "manhunt:hecatomb/brimstone/brimstone_duration",
                    "compare_to": 100,
                    "comparison": "<="
                }
            ]
        }
    },
    "glow": {
        "type": "origins:self_glow",
        "use_teams": false,
        "red": 1.0,
        "green": 0,
        "blue": 0,
        "bientity_condition": {
            "type": "origins:can_see"
        },
        "condition": {
            "type": "origins:resource",
            "resource": "manhunt:hecatomb/brimstone/brimstone_glow_switch",
            "compare_to": 1,
            "comparison": "=="
        }
    },
    "name": "Brimstone",
    "description": "The ground shakes as the blood emerges and leaves those to bleed.",
    "badges": [
        {
            "type": "origins:tooltip",
            "sprite": "origins:textures/gui/badge/star.png",
            "text": "§4§lBrimstone ♮§r\n§7After a short windup, you shoot a short-distance laser that deals heavy blood damage. §r§8(20dmg/s)§r\n\n§e🧬§r§7 Cost: §r§f1 §r§4Blood Orb§r§8\n§c§l⇶ §r§7Range: §r§f10 Blocks\n§6🕒§r§7 Windup: §r§f2.5s\n\n§7§lActive Ability"
        },
        {
            "type": "origins:tooltip",
            "sprite": "origins:textures/gui/badge/toggle.png",
            "text": [
                "§7Hold \"",
                {
                    "keybind": "key.origins.primary_active"
                },
                "\" and press \"",
                {
                    "keybind": "key.attack"
                },
                "\" to send a wave of blood forward."
            ]
        }
    ]
}