{
    "type": "origins:multiple",
    "luck":{
        "type": "origins:replace_loot_table",
        "replace": {
            "minecraft:gameplay/fishing": "manhunt:gameplay/angler_fishing"
        }
    },
    "name": "Fisher of Legends",
    "description": "Legends say the Angler could feed an entire village by themselves...\nThey were right.",
    "badges": [
        {
            "type": "origins:tooltip",
            "sprite": "minecraft:textures/item/fishing_rod.png",
            "text": "You spawn in with an unbreakable fishing rod."
        },
        {
            "type": "origins:tooltip",
            "sprite": "origins:textures/gui/badge/star.png",
            "text": "You have 6x yield for any type of fish you catch whilst fishing.\nAdditionally, you have higher luck."
        }
    ]
}