{
	"type": "origins:multiple",
	"souls": {
		"type": "origins:resource",
		"min": 0,
		"max": 14,
		"start_value": 0,
		"hud_render": {
			"should_render": true,
			"sprite_location": "manhunt:textures/bars/ritualist/ritualist.png",
			"bar_index": 0
		}
	},
	"crosshair_texture": {
        "type": "origins:status_bar_texture",
        "texture_map": {
            "minecraft:hud/crosshair": "manhunt:ritualist/crosshair"
        },
        "condition": {
			"type": "apugli:key_pressed",
			"key": {
				"key": "key.origins.primary_active",
				"continuous": true
			}
		}
    },
	"soul_kill": {
		"type": "apugli:action_on_target_death",
		"bientity_action": {
			"type": "origins:target_action",
			"action": {
				"type": "origins:spawn_entity",
				"entity_type": "minecraft:item",
				"tag": "{Age:5800,PickupDelay:10,Invulnerable:1b,Tags:[\"soul\"],Item:{id:\"minecraft:cyan_dye\",Count:1b,tag:{display:{Name:'{\"text\":\"Soul\",\"color\":\"aqua\",\"bold\":true}'},CustomModelData:1}}}"
			}
		},
		"cooldown": 1,
		"includes_prime_adversary": false
	},
	"crit_gain": {
		"type": "eggolib:action_on_critical_hit",
		"bientity_action": {
			"type": "origins:target_action",
			"action": {
				"type": "origins:spawn_entity",
				"entity_type": "minecraft:item",
				"tag": "{Age:5400,PickupDelay:10,Invulnerable:1b,Item:{id:\"minecraft:cyan_dye\",Count:1b,tag:{display:{Name:'{\"text\":\"Soul\",\"color\":\"aqua\",\"bold\":true}'},CustomModelData:1}}}"
			}
		},
		"bientity_condition": {
			"type": "origins:target_condition",
			"condition": {
				"type": "origins:and",
				"conditions": [
					{
						"type": "origins:entity_type",
						"entity_type": "minecraft:player"
					},
					{
						"type": "origins:origin",
						"origin": "manhunt:runner",
						"layer": "origins:origin"
					}
				]
			}
		}
	},
	"soul_gain_passive":{
		"type": "origins:action_over_time",
		"entity_action": {
			"type": "origins:and",
			"actions": [
				{
				"type": "origins:change_resource",
				"resource": "manhunt:ritualist/sacrifice_souls",
				"change": 1
				},
				{
					"type": "origins:execute_command",
					"command": "playsound minecraft:item.bottle.fill_dragonbreath player @s ~ ~ ~ 3 2"	
				}
			]
		},
		"interval": 600
	},
	"ritual": {
		"type": "eggolib:action_on_critical_hit",
		"bientity_action": {
			"type": "origins:target_action",
			"action": {
				"type": "origins:spawn_entity",
				"entity_type": "minecraft:item",
				"tag": "{Age:5400,PickupDelay:10,Invulnerable:1b,Item:{id:\"minecraft:cyan_dye\",Count:1b,tag:{display:{Name:'{\"text\":\"Soul\",\"color\":\"aqua\",\"bold\":true}'},CustomModelData:1}}}"
			}
		},
		"bientity_condition": {
			"type": "origins:target_condition",
			"condition": {
				"type": "origins:and",
				"conditions": [
					{
						"type": "origins:entity_type",
						"entity_type": "minecraft:player"
					},
					{
						"type": "origins:power",
						"power": "manhunt:ritualist/ritual/preyed"
					}
				]
			}
		}
	},
	"soul_pull": {
		"type": "origins:action_over_time",
		"entity_action": {
			"type": "origins:area_of_effect",
			"radius": 4,
			"bientity_action": {
				"type": "origins:add_velocity",
				"z": -0.1
			},
			"bientity_condition": {
				"type": "origins:target_condition",
				"condition": {
					"type": "origins:and",
					"conditions": [
						{
							"type": "origins:entity_type",
							"entity_type": "minecraft:item"
						},
						{
							"type": "origins:nbt",
							"nbt": "{Tags: ['soul']}"
						}
					]
				}
			}
		},
		"interval": 1
	},
	"soul_consume": {
		"type": "origins:action_over_time",
		"entity_action": {
			"type": "origins:modify_inventory",
			"inventory_type": "inventory",
			"item_condition": {
				"type": "origins:and",
				"conditions": [
					{
						"type": "origins:nbt",
						"nbt": "{CustomModelData:1}"
					},
					{
						"type": "origins:ingredient",
						"ingredient": {
							"item": "minecraft:cyan_dye"
						}
					}
				]
			},
			"entity_action": {
				"type": "origins:and",
				"actions": [
					{
						"type": "origins:if_else",
						"condition": {
							"type": "origins:power",
							"power": "manhunt:ritualist/wrath/wrath_effects"
						},
						"if_action": {
							"type": "origins:change_resource",
							"resource": "manhunt:ritualist/sacrifice_souls",
							"change": 1
						},
						"else_action": {
							"type": "origins:change_resource",
							"resource": "manhunt:ritualist/sacrifice_souls",
							"change": 1
						}
					},
					{
						"type": "origins:feed",
						"food": 2,
						"saturation": 0.1
					},
					{
						"type": "origins:execute_command",
						"command": "particle minecraft:sculk_soul ~ ~1 ~ 0.3 0 0.3 0 10"
					},
					{
						"type": "origins:execute_command",
						"command": "playsound minecraft:block.respawn_anchor.charge player @a ~ ~ ~ 3 2"
					}
				]
			},
			"item_action": {
				"type": "origins:consume",
				"amount": 1
			}
		},
		"interval": 1
	},
	"lose_soul":{
		"type": "origins:action_when_hit",
		"bientity_action": {
			"type": "origins:target_action",
			"action": {
				"type": "origins:change_resource",
				"resource": "manhunt:ritualist/sacrifice_souls",
				"change": -1
			}
		},
		"bientity_condition": {
			"type": "origins:actor_condition",
			"condition": {
				"type": "origins:and",
				"conditions": [
					{
						"type": "origins:entity_type",
						"entity_type": "minecraft:player"
					},
					{
						"type": "origins:origin",
						"origin": "manhunt:runner",
						"layer": "origins:origin"
					}
				]
			}
		}
	},
	"weakened":{
		"type": "origins:modify_damage_taken",
		"modifier": {
			"name": "Soul-less",
			"operation": "multiply_total",
			"value": 0.25
		},
		"condition": {
			"type": "origins:resource",
			"resource": "manhunt:ritualist/sacrifice_souls",
			"comparison": "==",
			"compare_to": 0
		}
	},
	"name": "Sacrifice",
	"description": "Sacrifice and store the souls of those you vanquish. Up to 14 of them may be stored at once.",
	"badges": [
		{
			"type": "origins:tooltip",
			"sprite": "origins:textures/gui/badge/star.png",
			"text": "Hitting a runner with a crit or killing an entity grants one soul.\nYou passively gain 1 soul every 30s."
		},
		{
			"type": "origins:tooltip",
			"sprite": "origins:textures/gui/badge/star.png",
			"text": "Being hit by a runner drains a soul away from you.\nAdditionally; having no souls increases all damage intake by 25%."
		}
	]
}