{
    "type": "origins:multiple",
    "holding_shield": {
        "type": "origins:action_over_time",
        "entity_action": {
            "type": "origins:and",
            "actions": [
                {
                    "type": "origins:area_of_effect",
                    "radius": 12,
                    "bientity_action": {
                        "type": "origins:target_action",
                        "action": {
                            "type": "origins:apply_effect",
                            "effect": {
                                "effect": "minecraft:resistance",
                                "duration": 20,
                                "amplifier": 0
                            }
                        }
                    },
                    "bientity_condition": {
                        "type": "origins:target_condition",
                        "condition": {
                            "type": "origins:command",
                            "command": "execute if entity @s[tag=hunter] ",
                            "comparison": "==",
                            "compare_to": 1
                        }
                    }
                }
            ]
        },
        "interval": 15,
        "condition": {
            "type": "origins:using_item",
            "item_condition": {
                "type": "origins:ingredient",
                "ingredient": {
                    "item": "minecraft:shield"
                }
            }
        }
    },
    "name": "§l§nProtector",
    "description": "Holding a shield will grant all nearby hunters in a 12 block radius the effect Resistance, nullifying 20% of all incoming damage."
}