{
    "type": "origins:multiple",
    "activate": {
        "type": "origins:active_self",
        "entity_action": {
            "type": "origins:and",
            "actions": [
                {
                    "type": "origins:execute_command",
                    "command": "power grant @a[tag=!guardian,tag=hunter] manhunt:savior_tag"
                },
                {
                    "type": "origins:execute_command",
                    "command": "power grant @s manhunt:savior_lose"
                },
                {
                    "type": "origins:execute_command",
                    "command": "resource set @s manhunt:savior_resource 200"
                }
            ]
        },
        "key": {
            "key": "key.origins.primary_active"
        },
        "cooldown": 3600,
        "hud_render": {
            "sprite_location": "origins:textures/gui/resource_bar.png",
            "bar_index": 4,
            "should_render": true
        }
    },
    "resource": {
        "type": "origins:resource",
        "min": 0,
        "max": 200,
        "start_value": 1,
        "hud_render": {
            "should_render": false,
            "sprite_location": "origins:textures/gui/resource_bar.png",
            "bar_index": 2
        },
        "min_action": {
            "type": "origins:and",
            "actions": [
                {
                    "type": "origins:execute_command",
                    "command": "execute at @a[tag=saved] run particle minecraft:enchant ~ ~1 ~ 0.5 0.5 0.5 0.1 1000"
                },
                {
                    "type": "origins:execute_command",
                    "command": "execute at @a[tag=saved] run playsound minecraft:block.amethyst_block.chime player @a[distance=..15] ~ ~ ~ 1 0.5"
                },
                {
                    "type": "origins:damage",
                    "amount": 10,
                    "source": {
                        "name": "generic",
                        "bypasses_armor": true
                    }
                },
                {
                    "type": "origins:delay",
                    "ticks": 1,
                    "action": {
                        "type": "origins:and",
                        "actions": [
                            {
                                "type": "origins:execute_command",
                                "command": "power remove @s manhunt:savior_lose"
                            },
                            {
                                "type": "origins:execute_command",
                                "command": "tp @a[tag=saved] @s"
                            },
                            {
                                "type": "origins:execute_command",
                                "command": "effect give @a[tag=saved] minecraft:instant_health 1 2"
                            },
                            {
                                "type": "origins:execute_command",
                                "command": "effect give @a[tag=saved] minecraft:slowness 15 2"
                            }
                        ]
                    }
                },
                {
                    "type": "origins:delay",
                    "ticks": 2,
                    "action": {
                        "type": "origins:and",
                        "actions": [
                            {
                                "type": "origins:execute_command",
                                "command": "power remove @a manhunt:savior_tag"
                            }
                        ]
                    }
                }
            ]
        }
    },
    "name": "§l§nSavior of All",
    "description": "Using the primary ability key, you can grant your teammate the possibility to teleport to you, healing them, but slowing them. Watch out, as the ability deals 5 hearts of damage on use."
}