{
    "type": "origins:multiple",
    "duration": {
        "type": "origins:resource",
        "min": 0,
        "max": 60,
        "start_value": 0,
        "hud_render": {
            "should_render": false
        }
    },
    "cooldown_down": {
        "type": "origins:action_over_time",
        "entity_action": {
            "type": "origins:change_resource",
            "resource": "manhunt:guardian/savior_duration",
            "change": -5
        },
        "interval": 5
    },
    "speed": {
        "type": "origins:modify_attribute",
        "attribute": "minecraft:generic.movement_speed",
        "modifier": {
            "operation": "multiply_total_multiplicative",
            "value": 0.25
        },
        "condition": {
            "type": "origins:resource",
            "resource": "manhunt:guardian/savior_duration",
            "compare_to": 0,
            "comparison": ">"
        }
    },
    "air_speed": {
        "type": "origins:modify_air_speed",
        "modifier": {
            "operation": "multiply_total",
            "value": 0.25
        },
        "condition": {
            "type": "origins:resource",
            "resource": "manhunt:guardian/savior_duration",
            "compare_to": 0,
            "comparison": ">"
        }
    },
    "name": "Look Here",
    "description": "Enemies try to ignore me in battle, guess I’ll make them fight me",
    "badges": [
        {
            "type": "origins:tooltip",
            "sprite": "origins:textures/gui/badge/star.png",
            "text": "Protection: 50% mitigation and immunity to knockback on next hit. Lasts for 15s.\n(12 block radius)"
        },
        {
            "type": "origins:keybind",
            "sprite": "origins:textures/gui/badge/toggle.png",
            "text": "Whilst using a shield, press \"%s\" to use!"
        },
        {
            "type": "origins:tooltip",
            "sprite": "manhunt:textures/icons/cooldown.png",
            "text": "Cooldown: 1m"
        }
    ]
}