{
    "type": "origins:multiple",
    "resource": {
        "type": "origins:resource",
        "min": 0,
        "max": 3,
        "start_value": 3,
        "hud_render": {
            "should_render": true,
            "sprite_location": "origins:textures/gui/community/spiderkolo/resource_bar_02.png",
            "bar_index": 0
        }
    },
    "remove_resource": {
        "type": "origins:self_action_when_hit",
        "entity_action": {
            "type": "origins:change_resource",
            "resource": "manhunt:shield_resource",
            "change": -1
        },
        "damage_condition": {
            "type": "origins:amount",
            "comparison": ">=",
            "compare_to": 2.0
        },
        "cooldown": 1
    },
    "grant_resource": {
        "type": "origins:self_action_on_hit",
        "entity_action": {
            "type": "origins:change_resource",
            "resource": "manhunt:shield_resource",
            "change": 1
        },
        "damage_condition": {
            "type": "origins:amount",
            "comparison": ">=",
            "compare_to": 2.0
        },
        "cooldown": 1
    },
    "respawn": {
        "type": "origins:action_on_callback",
        "entity_action_respawned": {
            "type": "origins:and",
            "actions": [
                {
                    "type": "origins:change_resource",
                    "resource": "manhunt:shield_resource",
                    "change": 3
                }
            ]
        }
    },
    "gain_resource1": {
        "type": "origins:action_over_time",
        "entity_action": {
            "type": "origins:change_resource",
            "resource": "manhunt:shield_resource",
            "change": 1
        },
        "interval": 160,
        "condition": {
            "type": "origins:sneaking"
        }
    },
    "resistance3": {
        "type": "origins:modify_damage_taken",
        "modifier": {
            "name": "More resistance",
            "operation": "multiply_total",
            "value": -0.25
        },
        "condition": {
            "type": "origins:resource",
            "resource": "manhunt:shield_resource",
            "comparison": "==",
            "compare_to": 3
        }
    },
    "resistance2": {
        "type": "origins:modify_damage_taken",
        "modifier": {
            "name": "More resistance",
            "operation": "multiply_total",
            "value": -0.15
        },
        "condition": {
            "type": "origins:resource",
            "resource": "manhunt:shield_resource",
            "comparison": "==",
            "compare_to": 2
        }
    },
    "weakness": {
        "type": "origins:modify_damage_taken",
        "modifier": {
            "name": "More damage",
            "operation": "multiply_total",
            "value": 0.25
        },
        "condition": {
            "type": "origins:resource",
            "resource": "manhunt:shield_resource",
            "comparison": "==",
            "compare_to": 0
        }
    },
    "speed": {
        "type": "origins:conditioned_attribute",
        "modifier": {
            "name": "Movement speed increase",
            "attribute": "minecraft:generic.movement_speed",
            "value": -0.4,
            "operation": "multiply_base"
        },
        "tick_rate": 4,
        "condition": {
            "type": "origins:resource",
            "resource": "manhunt:shield_resource",
            "comparison": "==",
            "compare_to": 0
        }
    },
    "on_hit": {
        "type": "origins:self_action_when_hit",
        "entity_action": {
            "type": "origins:and",
            "actions": [
                {
                    "type": "origins:execute_command",
                    "command": "particle minecraft:sculk_charge_pop ~ ~1 ~ 0.4 0 0.4 0.1 20"
                },
                {
                    "type": "origins:execute_command",
                    "command": "particle minecraft:dust_color_transition 0 0.9 0.5 1 0 0.1 1 ~ ~1 ~ 0.4 0 0.4 0.1 20"
                },
                {
                    "type": "origins:execute_command",
                    "command": "playsound minecraft:entity.allay.hurt player @s ~ ~ ~ 3 0.5"
                }
            ]
        },
        "condition": {
            "type": "origins:resource",
            "resource": "manhunt:shield_resource",
            "comparison": ">",
            "compare_to": 1
        },
        "damage_condition": {
            "type": "origins:amount",
            "comparison": ">=",
            "compare_to": 2.0
        },
        "cooldown": 1
    },
    "on_hit2": {
        "type": "origins:self_action_when_hit",
        "entity_action": {
            "type": "origins:and",
            "actions": [
                {
                    "type": "origins:execute_command",
                    "command": "particle minecraft:sculk_charge_pop ~ ~1 ~ 0.4 0 0.4 0.1 20"
                },
                {
                    "type": "origins:execute_command",
                    "command": "particle minecraft:dust_color_transition 0 0.9 0.5 1 0 0.1 1 ~ ~1 ~ 0.4 0 0.4 0.1 20"
                },
                {
                    "type": "origins:execute_command",
                    "command": "particle minecraft:block minecraft:sculk_shrieker ~ ~1 ~ 0.3 0 0.3 1 100particle minecraft:block minecraft:sculk_shrieker ~ ~1 ~ 0.3 0 0.3 1 100"
                },
                {
                    "type": "origins:execute_command",
                    "command": "playsound minecraft:entity.warden.sonic_boom player @s ~ ~ ~ 3 2"
                }
            ]
        },
        "condition": {
            "type": "origins:resource",
            "resource": "manhunt:shield_resource",
            "comparison": "==",
            "compare_to": 1
        },
        "damage_condition": {
            "type": "origins:amount",
            "comparison": ">=",
            "compare_to": 2.0
        },
        "cooldown": 1
    },
    "air_speed": {
        "type": "origins:modify_air_speed",
        "modifier": {
            "operation": "multiply_total",
            "value": -0.3
        },
        "condition": {
            "type": "origins:resource",
            "resource": "manhunt:shield_resource",
            "comparison": "==",
            "compare_to": 0
        }
    },
    "name": "§l§nShields of the Guardian",
    "description": "You have special shields that protects you from enemy hits by 20%. Any hit that does more than a heart of damage will consume a shield and shields will slowly deplete over time. If your shields are depleted, you become slower and lose your additional resistance. Shields will come back slowly, but can be accelerated through sneaking."
}