{
    "type": "origins:multiple",
    "duration": {
        "type": "origins:resource",
        "min": 0,
        "max": 1200,
        "start_value": 1200,
        "hud_render": {
            "should_render": false
        },
        "min_action": {
            "type": "origins:and",
            "actions": [
                {
                    "type": "origins:execute_command",
                    "command": "execute on vehicle run kill @s",
                    "permission_level": 4
                },
                {
                    "type": "origins:execute_command",
                    "command": "kill @s",
                    "permission_level": 4
                }
            ]
        }
    },
    "no_ride": {
        "type": "origins:action_over_time",
        "rising_action":{
            "type": "origins:and",
            "actions": [
                {
                    "type": "origins:execute_command",
                    "command": "kill @e[type=item_display,distance=..0.1,tag=sanguis_trace]",
                    "permission_level": 4
                },
                {
                    "type": "origins:execute_command",
                    "command": "kill @s",
                    "permission_level": 4
                }
            ]
        },
        "interval": 1,
        "condition": {
            "type": "origins:riding",
            "inverted": true
        }
    },
    "duration_down": {
        "type": "origins:action_over_time",
        "entity_action": {
            "type": "origins:change_resource",
            "resource": "manhunt:sanguis/sense/delete_trace_duration",
            "change": -20
        },
        "interval": 20
    },
    "fluid_check": {
        "type": "origins:action_over_time",
        "rising_action":{
            "type": "origins:and",
            "actions": [
                {
                    "type": "origins:execute_command",
                    "command": "kill @e[type=item_display,distance=..0.1,tag=sanguis_trace]",
                    "permission_level": 4
                },
                {
                    "type": "origins:execute_command",
                    "command": "kill @s",
                    "permission_level": 4
                }
            ]
        },
        "interval": 1,
        "condition":  {
            "type": "origins:or",
            "conditions": [
                {
                    "type": "origins:fluid_height",
                    "fluid": "minecraft:water",
                    "comparison": ">",
                    "compare_to": 0
                },
                {
                    "type": "origins:fluid_height",
                    "fluid": "minecraft:lava",
                    "comparison": ">",
                    "compare_to": 0
                }
            ]
        }
    },
    "hidden": true
}