{
    "type": "origins:multiple",
    "duration": {
        "type": "origins:resource",
        "min": 0,
        "max": 200,
        "start_value": 200,
        "hud_render": {
            "should_render": false
        },
        "min_action": {
            "type": "origins:and",
            "actions": [
                {
                    "type": "origins:set_on_fire",
                    "duration": 4
                },
                {
                    "type": "origins:execute_command",
                    "command": "playsound minecraft:entity.ghast.shoot player @a ~ ~ ~ 1 1"
                },
                {
                    "type": "origins:execute_command",
                    "command": "particle minecraft:flame ~ ~1 ~ 0 0 0 0.1 40"
                },
                {
                    "type": "origins:execute_command",
                    "command": "particle minecraft:smoke ~ ~1 ~ 0 0 0 0.3 100"
                },
                {
                    "type": "origins:execute_command",
                    "command": "power remove @s manhunt:piglin/aura/fumes"
                }
            ]
        }
    },
    "fumes_off1": {
        "type": "origins:action_over_time",
        "rising_action": {
            "type": "origins:and",
            "actions": [
                {
                    "type": "origins:execute_command",
                    "command": "playsound minecraft:entity.blaze.shoot player @a ~ ~ ~ 1 0.7"
                },
                {
                    "type": "origins:execute_command",
                    "command": "particle minecraft:dust_color_transition 1 0.5 0 1.4 0 0 0 ~ ~1 ~ 0.3 0.1 0.3 1 20"
                }
            ]
        },
        "interval": 1,
        "condition": {
            "type": "origins:resource",
            "resource": "manhunt:piglin/aura/fumes_duration",
            "comparison": "==",
            "compare_to": 30
        }
    },
    "fumes_off2": {
        "type": "origins:action_over_time",
        "rising_action": {
            "type": "origins:and",
            "actions": [
                {
                    "type": "origins:execute_command",
                    "command": "playsound minecraft:entity.blaze.shoot player @a ~ ~ ~ 1 0.8"
                },
                {
                    "type": "origins:execute_command",
                    "command": "particle minecraft:dust_color_transition 1 0.5 0 1.4 0 0 0 ~ ~1 ~ 0.3 0.1 0.3 1 20"
                }
            ]
        },
        "interval": 1,
        "condition": {
            "type": "origins:resource",
            "resource": "manhunt:piglin/aura/fumes_duration",
            "comparison": "==",
            "compare_to": 20
        }
    },
    "fumes_off3": {
        "type": "origins:action_over_time",
        "rising_action": {
            "type": "origins:and",
            "actions": [
                {
                    "type": "origins:execute_command",
                    "command": "playsound minecraft:entity.blaze.shoot player @a ~ ~ ~ 1 0.9"
                },
                {
                    "type": "origins:execute_command",
                    "command": "particle minecraft:dust_color_transition 1 0.5 0 1.4 0 0 0 ~ ~1 ~ 0.3 0.1 0.3 1 20"
                }
            ]
        },
        "interval": 1,
        "condition": {
            "type": "origins:resource",
            "resource": "manhunt:piglin/aura/fumes_duration",
            "comparison": "==",
            "compare_to": 10
        }
    },
    "duration_down": {
        "type": "origins:action_over_time",
        "entity_action": {
            "type": "origins:change_resource",
            "resource": "manhunt:piglin/aura/fumes_duration",
            "change": -10
        },
        "interval": 10
    },
    "particles": {
        "type": "origins:particle",
        "particle": "minecraft:smoke",
        "frequency": 4,
        "speed": 0.01,
        "count": 2,
        "spread": {
            "x": 0.2,
            "y": 0.2,
            "z": 0.2
        }
    },
    "particles2": {
        "type": "origins:particle",
        "particle": {
            "type": "minecraft:falling_dust",
            "params": "minecraft:gravel"
        },
        "frequency": 4,
        "speed": 0.01,
        "count": 2,
        "spread": {
            "x": 0.4,
            "y": 0.4,
            "z": 0.4
        }
    },
    "hit": {
        "type": "origins:action_on_hit",
        "bientity_action": {
            "type": "origins:and",
            "actions": [
                {
                    "type": "origins:actor_action",
                    "action": {
                        "type": "origins:and",
                        "actions": [
                            {
                                "type": "origins:execute_command",
                                "command": "execute store result score @s piglin_fumes run resource get @s manhunt:piglin/aura/fumes_duration"
                            },
                            {
                                "type": "origins:execute_command",
                                "command": "tag @s add fumes_duration"
                            }
                        ]
                    }
                },
                {
                    "type": "origins:target_action",
                    "action": {
                        "type": "origins:and",
                        "actions": [
                            {
                                "type": "origins:execute_command",
                                "command": "power grant @s manhunt:piglin/aura/fumes"
                            },
                            {
                                "type": "origins:execute_command",
                                "command": "resource operation @s manhunt:piglin/aura/fumes_duration = @p[tag=fumes_duration] piglin_fumes"
                            }
                        ]
                    }
                },
                {
                    "type": "origins:actor_action",
                    "action": {
                        "type": "origins:and",
                        "actions": [
                            {
                                "type": "origins:execute_command",
                                "command": "tag @s remove fumes_duration"
                            },
                            {
                                "type": "origins:execute_command",
                                "command": "scoreboard players reset @s piglin_fumes"
                            },
                            {
                                "type": "origins:execute_command",
                                "command": "power remove @s manhunt:piglin/aura/fumes"
                            }
                        ]
                    }
                }
            ]
        }
    },
    "hidden": true
}