{
    "type": "origins:multiple",
    "duration": {
        "type": "origins:resource",
        "min": 0,
        "max": 60,
        "start_value": 60,
        "hud_render": {
            "should_render": false
        },
        "min_action": {
            "type": "origins:execute_command",
            "command": "power remove @s manhunt:piglin/aura/rally"
        }
    },
    "duration_down": {
        "type": "origins:action_over_time",
        "entity_action": {
            "type": "origins:change_resource",
            "resource": "manhunt:piglin/aura/rally_duration",
            "change": -10
        },
        "interval": 10
    },
    "particles": {
        "type": "origins:particle",
        "particle":{
            "type": "minecraft:dust_color_transition",
            "params": "1 0.4 0 1 0.5 0 0"
        },
        "frequency": 4,
        "speed": 0.01,
        "count": 2,
        "spread": {
            "x": 0.2,
            "y": 0.2,
            "z": 0.2
        }
    },
    "particles2": {
        "type": "origins:particle",
        "particle": "minecraft:wax_on",
        "frequency": 4,
        "speed": 0.01,
        "count": 2,
        "spread": {
            "x": 0.4,
            "y": 0.4,
            "z": 0.4
        }
    },
    "no_kb":{
        "type": "origins:conditioned_attribute",
        "modifier": {
            "attribute": "minecraft:generic.knockback_resistance",
            "operation": "addition",
            "value": 10,
            "name": "No KB"
        },
        "tick_rate": 1,
        "condition": {
            "type": "origins:resource",
            "resource": "manhunt:piglin/aura/rally_duration",
            "comparison": ">=",
            "compare_to": 55
        }
    },
    "enrage": {
        "type": "origins:action_on_callback",
        "entity_action_gained": {
            "type": "origins:if_else",
            "condition": {
                "type": "origins:or",
                "conditions": [
                    {
                        "type": "origins:entity_type",
                        "entity_type": "minecraft:piglin"
                    },
                    {
                        "type": "origins:entity_type",
                        "entity_type": "minecraft:piglin_brute"
                    }
                ]
            },
            "if_action": {
                "type": "origins:selector_action",
                "selector": "@p[tag=runner]",
                "bientity_action": {
                    "type": "origins:invert",
                    "action": {
                        "type": "origins:damage",
                        "amount": 0.1,
                        "damage_type": "minecraft:player_attack"
                    }
                }
            }
        }
    },
    "speed":{
        "type": "origins:attribute",
        "modifier": {
            "name": "More speed",
            "attribute": "minecraft:generic.movement_speed",
            "value": 0.3,
            "operation": "multiply_total"
        }
    },
    "air_speed":{
        "type": "origins:modify_air_speed",
        "modifier": {
            "operation": "multiply_total",
            "value": 0.3
        }
    },
    "hidden": true
}