{
    "type": "origins:multiple",
    "duration": {
        "type": "origins:resource",
        "min": 0,
        "max": 300,
        "start_value": 300,
        "hud_render": {
            "should_render": false
        },
        "min_action": {
            "type": "origins:and",
            "actions": [
                {
                    "type": "origins:execute_command",
                    "command": "execute on passengers on passengers run kill @s"
                },
                {
                    "type": "origins:execute_command",
                    "command": "execute on passengers run kill @s"
                },
                {
                    "type": "origins:execute_command",
                    "command": "kill @s"
                }
            ]
        }
    },
    "duration_down": {
        "type": "origins:action_over_time",
        "entity_action": {
            "type": "origins:and",
            "actions": [
                {
                    "type": "origins:change_resource",
                    "resource": "manhunt:artisan/smoke/smoke_bombing_duration",
                    "change": -10
                }
            ]
        },
        "interval": 10
    },
    "rotate": {
        "type": "origins:action_over_time",
        "entity_action": {
            "type": "origins:and",
            "actions": [
                {
                    "type": "origins:execute_command",
                    "command": "tp @s ~ ~ ~ ~2 ~",
                    "permission_level": 4
                },
                {
                    "type": "origins:execute_command",
                    "command": "execute on passengers run data modify entity @s Rotation[0] set from entity @e[limit=1,sort=nearest,type=minecraft:armor_stand,tag=smoke] Rotation[0]",
                    "permission_level": 4
                },
                {
                    "type": "origins:execute_command",
                    "command": "execute on passengers on passengers run data modify entity @s Rotation[0] set from entity @e[limit=1,sort=nearest,type=minecraft:armor_stand,tag=smoke] Rotation[0]",
                    "permission_level": 4
                }
            ]
        },
        "interval": 1
    },
    "apply_effect": {
        "type": "origins:action_over_time",
        "entity_action": {
            "type": "origins:and",
            "actions": [
                {
                    "type": "origins:area_of_effect",
                    "radius": 7,
                    "bientity_action": {
                        "type": "origins:target_action",
                        "action": {
                            "type": "origins:and",
                            "actions": [
                                {
                                    "type": "origins:change_resource",
                                    "resource": "manhunt:artisan/smoke/smoked_duration",
                                    "change": 30
                                },
                                {
                                    "type": "origins:execute_command",
                                    "command": "power grant @s manhunt:artisan/smoke/smoked",
                                    "permission_level": 4
                                }
                            ]
                        }
                    },
                    "bientity_condition": {
                        "type": "origins:target_condition",
                        "condition": {
                            "type": "origins:living"
                        }
                    }
                }
            ]
        },
        "interval": 1
    },
    "hidden": true
}