{
    "type": "origins:multiple",
    "key_check": {
        "type": "origins:resource",
        "min": 0,
        "max": 3,
        "start_value": 0,
        "hud_render": {
            "should_render": false
        }
    },
    "key_held": {
        "type": "origins:active_self",
        "entity_action": {
            "type": "origins:change_resource",
            "resource": "manhunt:chef/cleaver/activate_key_check",
            "change": 3,
            "operation": "set"
        },
        "cooldown": 1,
        "hud_render": {
            "should_render": false
        },
        "key": {
            "key": "key.origins.primary_active",
            "continuous": true
        }
    },
    "key_stop": {
        "type": "origins:action_over_time",
        "entity_action": {
            "type": "origins:change_resource",
            "resource": "manhunt:chef/cleaver/activate_key_check",
            "change": -1
        },
        "interval": 1
    },
    "crosshair_texture": {
        "type": "origins:status_bar_texture",
        "texture_map": {
            "minecraft:hud/crosshair": "manhunt:chef/crosshair"
        },
        "condition": {
            "type": "origins:resource",
            "resource": "manhunt:chef/cleaver/activate_key_check",
            "comparison": ">",
            "compare_to": 0
        }
    },
    "cooldown": {
        "type": "origins:resource",
        "min": 0,
        "max": 600,
        "start_value": 600,
        "hud_render": {
            "should_render": true,
            "bar_index": 1,
            "sprite_location": "manhunt:textures/bars/chef/chef.png",
            "condition": {
                "type": "origins:resource",
                "resource": "manhunt:chef/cleaver/activate_cooldown",
                "comparison": "<",
                "compare_to": 600
            }
        }
    },
    "cooldown_up": {
        "type": "origins:action_over_time",
        "entity_action": {
            "type": "origins:change_resource",
            "resource": "manhunt:chef/cleaver/activate_cooldown",
            "change": 1
        },
        "interval": 1
    },
    "activate": {
        "type": "origins:active_self",
        "entity_action": {
            "type": "origins:and",
            "actions": [
                {
                    "type": "origins:equipped_item_action",
                    "equipment_slot": "mainhand",
                    "action": {
                        "type": "origins:and",
                        "actions": [
                            {
                                "type": "origins:merge_nbt",
                                "nbt": "{CustomModelData:3}"
                            },
                            {
                                "type": "origins:merge_nbt",
                                "nbt": "{Unbreakable:1}"
                            },
                            {
                                "type": "origins:modify",
                                "modifier": "manhunt:chef/cleaver"
                            }
                        ]
                    }
                },
                {
                    "type": "origins:change_resource",
                    "resource": "manhunt:chef/cleaver/activate_cooldown",
                    "change": -600
                },
                {
                    "type": "origins:execute_command",
                    "command": "particle minecraft:dust_color_transition 0.4 0 0 1 0.8 0.6 0 ~ ~1 ~ 0.3 0.3 0.3 1 30"
                },
                {
                    "type": "origins:execute_command",
                    "command": "particle minecraft:flame ~ ~1 ~ 0.3 0.1 0.3 0.03 20"
                },
                {
                    "type": "origins:execute_command",
                    "command": "playsound minecraft:entity.blaze.shoot player @a ~ ~ ~ 1 1.4"
                },
                {
                    "type": "origins:execute_command",
                    "command": "playsound minecraft:item.axe.scrape player @a ~ ~1 ~ 1 2"
                }
            ]
        },
        "condition": {
            "type": "origins:and",
            "conditions": [
                {
                    "type": "origins:resource",
                    "resource": "manhunt:chef/cleaver/activate_cooldown",
                    "comparison": "==",
                    "compare_to": 600
                },
                {
                    "type": "origins:equipped_item",
                    "equipment_slot": "mainhand",
                    "item_condition": {
                        "type": "origins:ingredient",
                        "ingredient": {
                            "tag": "manhunt:swords"
                        }
                    }
                },
                {
                    "type": "origins:equipped_item",
                    "equipment_slot": "mainhand",
                    "item_condition": {
                        "type": "origins:ingredient",
                        "ingredient": {
                            "item": "minecraft:wooden_sword"
                        },
                        "inverted": true
                    }
                }
            ]
        },
        "hud_render": {
            "should_render": false
        },
        "key": {
            "key": "key.origins.primary_active",
            "continuous": false
        },
        "cooldown": 1
    },
    "fire":{
        "type": "origins:modify_damage_dealt",
        "condition":  {
            "type": "origins:equipped_item",
            "equipment_slot": "mainhand",
            "item_condition": {
                "type": "origins:has_power",
                "power": "manhunt:chef/cleaver/cleaver"
            }
        },
        "target_action":  {
            "type": "origins:set_on_fire",
            "duration": 3
        }
    },  
    "tooltip": {
        "type": "origins:tooltip",
        "item_condition": {
            "type": "origins:has_power",
            "power": "manhunt:chef/cleaver/cleaver"
        },
        "text": [
            "Hold \"",
            {
                "keybind": "key.origins.primary_active",
                "color": "dark_red"
            },
            "\" and attack to launch yourself upwards!"
        ]
    },
    "name": "Chef's Flambée",
    "description": "A true chef is always best equipped to cook a five-star meal...",
    "badges": [
        {
            "type": "origins:tooltip",
            "sprite": "manhunt:textures/item/netherite_cleaver.png",
            "text": [
                "Your sword can be transformed into a fiery cleaver for 10s.\n\n§l§4CLEAVER🔪§r\nWhilst transformed, your next hit deals 20% crit damage and lights up the target for 3s.\nWhilst holding \"",
                {
                    "keybind": "key.origins.primary_active"
                },
                "\", your next hit will make you bounce upward slightly. (This allows for hit combos)"
            ]
        },
        {
            "type": "origins:keybind",
            "sprite": "origins:textures/gui/badge/toggle.png",
            "text": "Turn your blade into a fiery cleaver with \"%s\"!\n(DOESN'T WORK ON WOODEN SWORD)"
        },
        {
            "type": "origins:tooltip",
            "sprite": "manhunt:textures/icons/cooldown.png",
            "text": "Use your cleaver every 30s.\nThe sword remains as a cleaver for only 10s.\n\nKilling an entity with a cleaver will reset the 30s cooldown."
        }
    ]
}