{
    "type": "origins:multiple",
    "left": {
        "type": "origins:active_self",
        "entity_action": {
            "type": "origins:and",
            "actions": [
                {
                    "type": "origins:execute_command",
                    "command": "power grant @a[tag=hunter] manhunt:countdown_effects"
                },
                {
                    "type": "origins:execute_command",
                    "command": "power grant @s manhunt:timer"
                },
                {
                    "type": "origins:execute_command",
                    "command": "power remove @a manhunt:countdown"
                }
            ]
        },
        "cooldown": 1,
        "hud_render": {
            "should_render": false
        },
        "key": {
            "key": "key.left"
        }
    },
    "right": {
        "type": "origins:active_self",
        "entity_action": {
            "type": "origins:and",
            "actions": [
                {
                    "type": "origins:execute_command",
                    "command": "power grant @a[tag=hunter] manhunt:countdown_effects"
                },
                {
                    "type": "origins:execute_command",
                    "command": "power grant @s manhunt:timer"
                },
                {
                    "type": "origins:execute_command",
                    "command": "power remove @a manhunt:countdown"
                }
            ]
        },
        "cooldown": 1,
        "hud_render": {
            "should_render": false
        },
        "key": {
            "key": "key.right"
        }
    },
    "forward": {
        "type": "origins:active_self",
        "entity_action": {
            "type": "origins:and",
            "actions": [
                {
                    "type": "origins:execute_command",
                    "command": "power grant @a[tag=hunter] manhunt:countdown_effects"
                },
                {
                    "type": "origins:execute_command",
                    "command": "power grant @s manhunt:timer"
                },
                {
                    "type": "origins:execute_command",
                    "command": "power remove @a manhunt:countdown"
                }
            ]
        },
        "cooldown": 1,
        "hud_render": {
            "should_render": false
        },
        "key": {
            "key": "key.forward"
        }
    },
    "back": {
        "type": "origins:active_self",
        "entity_action": {
            "type": "origins:and",
            "actions": [
                {
                    "type": "origins:execute_command",
                    "command": "power grant @a[tag=hunter] manhunt:countdown_effects"
                },
                {
                    "type": "origins:execute_command",
                    "command": "power grant @s manhunt:timer"
                },
                {
                    "type": "origins:execute_command",
                    "command": "power remove @a manhunt:countdown"
                }
            ]
        },
        "cooldown": 1,
        "hud_render": {
            "should_render": false
        },
        "key": {
            "key": "key.back"
        }
    },
    "hidden": true
}