{
    "type": "origins:multiple",
    "default": {
        "type": "origins:action_on_callback",
        "entity_action_gained": {
            "type": "origins:and",
            "actions": [
                {
                    "type": "origins:execute_command",
                    "command": "tag @s add hunter"
                },
                {
                    "type": "origins:execute_command",
                    "command": "execute store result score @s hunters run execute if entity @a[tag=hunter]"
                }
            ]
        },
        "entity_action_lost": {
            "type": "origins:and",
            "actions": [
                {
                    "type": "origins:execute_command",
                    "command": "tag @s remove hunter"
                },
                {
                    "type": "origins:execute_command",
                    "command": "execute as @a[tag=hunter] if score @s hunters > @p hunters run scoreboard players remove @s hunters 1"
                },
                {
                    "type": "origins:execute_command",
                    "command": "scoreboard players reset @s hunters"
                },
                {
                    "type": "origins:execute_command",
                    "command": "scoreboard players reset @s tracking"
                }
            ]
        },
        "execute_chosen_when_orb": true
    },
    "hidden": true
}