{
    "type": "origins:multiple",
    "duration": {
        "type": "origins:resource",
        "min": 0,
        "max": 400,
        "start_value": 0,
        "hud_render": {
            "should_render": false
        },
        "min_action": {
            "type": "origins:and",
            "actions": [
                {
                    "type": "origins:action_on_set",
                    "set": "manhunt:sicarius/impersonate/clone_player",
                    "bientity_action": {
                        "type": "origins:and",
                        "actions": [
                            {
                                "type": "origins:target_action",
                                "action": {
                                    "type": "origins:execute_command",
                                    "command": "tag @s remove clonename"
                                }
                            },
                            {
                                "type": "origins:remove_from_set",
                                "set": "manhunt:sicarius/impersonate/clone_player"
                            }
                        ]
                    }
                },
                {
                    "type": "origins:execute_command",
                    "command": "skin set player @s"
                }
            ]
        }
    },
    "duration_down": {
        "type": "origins:action_over_time",
        "entity_action": {
            "type": "origins:change_resource",
            "resource": "manhunt:sicarius/impersonate/clone_duration",
            "change": -10
        },
        "interval": 10
    },
    "lose": {
        "type": "origins:action_on_callback",
        "entity_action_lost": {
            "type": "origins:and",
            "actions": [
                {
                    "type": "origins:action_on_set",
                    "set": "manhunt:sicarius/impersonate/clone_player",
                    "bientity_action": {
                        "type": "origins:and",
                        "actions": [
                            {
                                "type": "origins:target_action",
                                "action": {
                                    "type": "origins:execute_command",
                                    "command": "tag @s remove clonename"
                                }
                            },
                            {
                                "type": "origins:remove_from_set",
                                "set": "manhunt:sicarius/impersonate/clone_player"
                            }
                        ]
                    }
                },
                {
                    "type": "origins:execute_command",
                    "command": "skin set player @s"
                }
            ]
        },
        "execute_chosen_when_orb": true
    },
    "player": {
        "type": "origins:entity_set"
    },
    "pick_player": {
        "type": "origins:action_on_entity_use",
        "bientity_action": {
            "type": "origins:and",
            "actions": [
                {
                    "type": "origins:add_to_set",
                    "set": "manhunt:sicarius/impersonate/clone_player"
                },
                {
                    "type": "origins:target_action",
                    "action": {
                        "type": "origins:execute_command",
                        "command": "tag @s add impersonated"
                    }
                },
                {
                    "type": "origins:actor_action",
                    "action": {
                        "type": "origins:and",
                        "actions": [
                            {
                                "type": "origins:execute_command",
                                "command": "skin set player @p[tag=impersonated]"
                            },
                            {
                                "type": "origins:change_resource",
                                "resource": "manhunt:sicarius/impersonate/clone_duration",
                                "change": 400,
                                "operation": "set"
                            }
                        ]
                    }
                },
                {
                    "type": "origins:target_action",
                    "action": {
                        "type": "origins:execute_command",
                        "command": "tag @s remove impersonated"
                    }
                }
            ]
        },
        "item_condition": {
            "type": "origins:empty"
        },
        "hands": [
            "main_hand"
        ],
        "condition": {
            "type": "origins:sneaking"
        }
    },
    "name_tag": {
        "type": "eggolib:modify_label_render",
        "text": {
            "selector": "@p[tag=clonename]"
        },
        "tick_rate": 10,
        "before_parse_action": {
            "type": "origins:selector_action",
            "selector": "@a",
            "bientity_action": {
                "type": "origins:target_action",
                "action": {
                    "type": "origins:execute_command",
                    "command": "tag @s add clonename"
                }
            },
            "bientity_condition": {
                "type": "origins:in_set",
                "set": "manhunt:sicarius/impersonate/clone_player"
            }
        },
        "after_parse_action": {
            "type": "origins:selector_action",
            "selector": "@a",
            "bientity_action": {
                "type": "origins:target_action",
                "action": {
                    "type": "origins:execute_command",
                    "command": "tag @s remove clonename"
                }
            },
            "bientity_condition": {
                "type": "origins:in_set",
                "set": "manhunt:sicarius/impersonate/clone_player"
            }
        },
        "condition": {
            "type":"origins:resource",
            "resource": "manhunt:sicarius/impersonate/clone_duration",
            "compare_to": 0,
            "comparison": ">"
        }
    },
    "hidden": true
}