{
    "type": "origins:multiple",
    "boots_water": {
        "type": "origins:walk_on_fluid",
        "fluid": "minecraft:water",
        "condition": {
            "type": "origins:and",
            "conditions": [
                {
                    "type": "origins:fluid_height",
                    "fluid": "minecraft:water",
                    "comparison": ">",
                    "compare_to": 0
                },
                {
                    "type": "apugli:key_pressed",
                    "key": {
                        "key": "key.origins.primary_active",
                        "continuous": true
                    }
                },
                {
                    "type": "origins:resource",
                    "resource": "manhunt:celeritas/boots/boots_energy",
                    "comparison": ">",
                    "compare_to": 0
                }
            ]
        }
    },
    "boots_lava": {
        "type": "origins:walk_on_fluid",
        "fluid": "minecraft:lava",
        "condition": {
            "type": "origins:and",
            "conditions": [
                {
                    "type": "origins:fluid_height",
                    "fluid": "minecraft:lava",
                    "comparison": ">",
                    "compare_to": 0
                },
                {
                    "type": "apugli:key_pressed",
                    "key": {
                        "key": "key.origins.primary_active",
                        "continuous": true
                    }
                },
                {
                    "type": "origins:resource",
                    "resource": "manhunt:celeritas/boots/boots_energy",
                    "comparison": ">",
                    "compare_to": 0
                }
            ]
        }
    },
    "walk_snow": {
        "type": "moborigins:walk_on_powder_snow"
    },
    "energy": {
        "type": "origins:resource",
        "min": 0,
        "max": 140,
        "start_value": 140,
        "hud_render": {
            "should_render": true,
            "sprite_location": "origins:textures/gui/community/huang/resource_bar_01.png",
            "bar_index": 20
        },
        "min_action": {
            "type": "origins:execute_command",
            "command": "power grant @s manhunt:boots_exhausted"
        }
    },
    "lose_energy": {
        "type": "origins:action_over_time",
        "entity_action": {
            "type": "origins:change_resource",
            "resource": "manhunt:celeritas/boots/boots_energy",
            "change": -1
        },
        "interval": 1,
        "condition": {
            "type": "origins:and",
            "conditions": [
                {
                    "type": "apugli:key_pressed",
                    "key": {
                        "key": "key.origins.primary_active",
                        "continuous": true
                    }
                },
                {
                    "type": "origins:moving"
                }
            ]
        }
    },
    "regen": {
        "type": "origins:action_over_time",
        "entity_action": {
            "type": "origins:change_resource",
            "resource": "manhunt:celeritas/boots/boots_energy",
            "change": 1
        },
        "interval": 10
    },
    "replenish": {
        "type": "origins:action_over_time",
        "entity_action": {
            "type": "origins:change_resource",
            "resource": "manhunt:celeritas/boots/boots_energy",
            "change": 1
        },
        "interval": 1,
        "condition": {
            "type": "origins:and",
            "conditions": [
                {
                    "type": "apugli:key_pressed",
                    "key": {
                        "key": "key.origins.primary_active",
                        "continuous": true
                    },
                    "inverted": true
                },
                {
                    "type": "origins:moving",
                    "inverted": true
                },
                {
                    "type": "origins:on_block"
                }
            ]
        }
    },
    "walking": {
        "type": "origins:action_over_time",
        "entity_action": {
            "type": "origins:change_resource",
            "resource": "manhunt:celeritas/boots/boots_energy",
            "change": 1
        },
        "interval": 3,
        "condition": {
            "type": "origins:and",
            "conditions": [
                {
                    "type": "apugli:key_pressed",
                    "key": {
                        "key": "key.origins.primary_active",
                        "continuous": true
                    },
                    "inverted": true
                },
                {
                    "type": "origins:sprinting",
                    "inverted": true
                },
                {
                    "type": "origins:on_block"
                }
            ]
        }
    },
    "crit": {
        "type": "eggolib:action_on_critical_hit",
        "bientity_action": {
            "type": "apoli:actor_action",
            "action": {
                "type": "origins:change_resource",
                "resource": "manhunt:celeritas/boots/boots_energy",
                "change": 10
            }
        }
    },
    "speed": {
        "type": "origins:conditioned_attribute",
        "modifier": {
            "name": "Movement speed increase",
            "attribute": "minecraft:generic.movement_speed",
            "value": 1,
            "operation": "multiply_base"
        },
        "tick_rate": 1,
        "condition": {
            "type": "origins:and",
            "conditions": [
                {
                    "type": "apugli:key_pressed",
                    "key": {
                        "key": "key.origins.primary_active",
                        "continuous": true
                    }
                },
                {
                    "type": "origins:resource",
                    "resource": "manhunt:celeritas/boots/boots_energy",
                    "comparison": ">",
                    "compare_to": 0
                }
            ]
        }
    },
    "fluid_speed_water": {
        "type": "origins:conditioned_attribute",
        "modifier": {
            "name": "Movement speed increase",
            "attribute": "minecraft:generic.movement_speed",
            "value": 0.9,
            "operation": "multiply_base"
        },
        "tick_rate": 4,
        "condition": {
            "type": "origins:and",
            "conditions": [
                {
                    "type": "origins:fluid_height",
                    "fluid": "minecraft:water",
                    "comparison": ">",
                    "compare_to": 0
                },
                {
                    "type": "apugli:key_pressed",
                    "key": {
                        "key": "key.origins.primary_active",
                        "continuous": true
                    }
                },
                {
                    "type": "origins:resource",
                    "resource": "manhunt:celeritas/boots/boots_energy",
                    "comparison": ">",
                    "compare_to": 0
                }
            ]
        }
    },
    "fluid_speed_lava": {
        "type": "origins:conditioned_attribute",
        "modifier": {
            "name": "Movement speed increase",
            "attribute": "minecraft:generic.movement_speed",
            "value": 0.9,
            "operation": "multiply_base"
        },
        "tick_rate": 4,
        "condition": {
            "type": "origins:and",
            "conditions": [
                {
                    "type": "origins:fluid_height",
                    "fluid": "minecraft:lava",
                    "comparison": ">",
                    "compare_to": 0
                },
                {
                    "type": "apugli:key_pressed",
                    "key": {
                        "key": "key.origins.primary_active",
                        "continuous": true
                    }
                },
                {
                    "type": "origins:resource",
                    "resource": "manhunt:celeritas/boots/boots_energy",
                    "comparison": ">",
                    "compare_to": 0
                }
            ]
        }
    },
    "air_speed": {
        "type": "origins:modify_air_speed",
        "modifier": {
            "operation": "multiply_total",
            "value": 0.55
        },
        "condition": {
            "type": "origins:and",
            "conditions": [
                {
                    "type": "apugli:key_pressed",
                    "key": {
                        "key": "key.origins.primary_active",
                        "continuous": true
                    }
                },
                {
                    "type": "origins:resource",
                    "resource": "manhunt:celeritas/boots/boots_energy",
                    "comparison": ">",
                    "compare_to": 0
                }
            ]
        }
    },
    "air_walk": {
        "type": "origins:grounded",
        "condition": {
            "type": "origins:and",
            "conditions": [
                {
                    "type": "apugli:key_pressed",
                    "key": {
                        "key": "key.origins.primary_active",
                        "continuous": true
                    }
                },
                {
                    "type": "apugli:key_pressed",
                    "key": {
                        "key": "key.use",
                        "continuous": true
                    }
                },
                {
                    "type": "origins:resource",
                    "resource": "manhunt:celeritas/boots/boots_energy",
                    "comparison": ">",
                    "compare_to": 0
                }
            ]
        }
    },
    "air_walk_fallspeed": {
        "type": "origins:modify_falling",
        "velocity": 0.001,
        "take_fall_damage": false,
        "condition": {
            "type": "origins:and",
            "conditions": [
                {
                    "type": "apugli:key_pressed",
                    "key": {
                        "key": "key.origins.primary_active",
                        "continuous": true
                    }
                },
                {
                    "type": "apugli:key_pressed",
                    "key": {
                        "key": "key.use",
                        "continuous": true
                    }
                },
                {
                    "type": "origins:resource",
                    "resource": "manhunt:celeritas/boots/boots_energy",
                    "comparison": ">",
                    "compare_to": 0
                }
            ]
        }
    },
    "air_walk_jump": {
        "type": "origins:modify_jump",
        "modifier": {
            "operation": "addition",
            "value": -0.09
        },
        "condition": {
            "type": "origins:and",
            "conditions": [
                {
                    "type": "apugli:key_pressed",
                    "key": {
                        "key": "key.origins.primary_active",
                        "continuous": true
                    }
                },
                {
                    "type": "apugli:key_pressed",
                    "key": {
                        "key": "key.use",
                        "continuous": true
                    }
                },
                {
                    "type": "origins:resource",
                    "resource": "manhunt:celeritas/boots/boots_energy",
                    "comparison": ">",
                    "compare_to": 0
                }
            ]
        }
    },
    "air_walk_lessspeed": {
        "type": "origins:conditioned_attribute",
        "modifier": {
            "name": "Movement speed increase",
            "attribute": "minecraft:generic.movement_speed",
            "value": -0.6,
            "operation": "multiply_base"
        },
        "tick_rate": 1,
        "condition": {
            "type": "origins:and",
            "conditions": [
                {
                    "type": "apugli:key_pressed",
                    "key": {
                        "key": "key.origins.primary_active",
                        "continuous": true
                    }
                },
                {
                    "type": "apugli:key_pressed",
                    "key": {
                        "key": "key.use",
                        "continuous": true
                    }
                },
                {
                    "type": "origins:resource",
                    "resource": "manhunt:celeritas/boots/boots_energy",
                    "comparison": ">",
                    "compare_to": 0
                }
            ]
        }
    },
    "air_walk_lessairspeed": {
        "type": "origins:modify_air_speed",
        "modifier": {
            "operation": "multiply_total",
            "value": -0.6
        },
        "condition": {
            "type": "origins:and",
            "conditions": [
                {
                    "type": "apugli:key_pressed",
                    "key": {
                        "key": "key.origins.primary_active",
                        "continuous": true
                    }
                },
                {
                    "type": "apugli:key_pressed",
                    "key": {
                        "key": "key.use",
                        "continuous": true
                    }
                },
                {
                    "type": "origins:resource",
                    "resource": "manhunt:celeritas/boots/boots_energy",
                    "comparison": ">",
                    "compare_to": 0
                }
            ]
        }
    },
    "particles": {
        "type": "origins:active_self",
        "entity_action": {
            "type": "origins:and",
            "actions": [
                {
                    "type": "origins:execute_command",
                    "command": "particle minecraft:dust_color_transition 1 1 0 1.5 1 1 1 ^-0.35 ^0.05 ^-0.05 0 0 0 1 1",
                    "permission_level": 4
                },
                {
                    "type": "origins:execute_command",
                    "command": "particle minecraft:dust_color_transition 1 1 0 1.5 1 1 1 ^0.35 ^0.05 ^-0.05 0 0 0 1 1",
                    "permission_level": 4
                },
                {
                    "type": "origins:execute_command",
                    "command": "particle minecraft:wax_off ^-0.35 ^0.05 ^-0.2 0 0 0 1 1",
                    "permission_level": 4
                },
                {
                    "type": "origins:execute_command",
                    "command": "particle minecraft:wax_off ^0.35 ^0.05 ^-0.2 0 0 0 1 1",
                    "permission_level": 4
                }
            ]
        },
        "cooldown": 1,
        "key": {
            "key": "key.origins.primary_active",
            "continuous": true
        },
        "hud_render": {
            "should_render": false
        },
        "condition": {
            "type": "origins:resource",
            "resource": "manhunt:celeritas/boots/boots_energy",
            "comparison": ">",
            "compare_to": 0
        }
    },
    "name": "Legendary Boots",
    "description": "Its said that those boots are replica's of Hermes' boots. With those speed enhancing boots, walking on water, lava, power snow and even air is a simple feat.",
    "badges": [
        {
            "type": "origins:tooltip",
            "sprite": "origins:textures/gui/badge/star.png",
            "text": "Gain §l§a+80%§r Speed & §l§a+45%§r Air Speed while active.\nYou can even walk on air while holding right-click! Air Walking reduces your air speed when used.\nThere's a few ways to recharge:\nStand still: 28%/1s Recharge\nWalk: 5%/1s Recharge\nDeal a critical hit: 7% Recharge"
        },
        {
            "type": "origins:keybind",
            "sprite": "origins:textures/gui/badge/toggle.png",
            "text": "Use boots with \"%s\"!"
        }
    ]
}