{
    "type": "origins:multiple",
    "duration": {
        "type": "origins:resource",
        "min": 0,
        "max": 70,
        "start_value": 70,
        "hud_render": {
            "should_render": false,
            "sprite_location": "origins:textures/gui/resource_bar.png",
            "bar_index": 2
        },
        "min_action": {
            "type": "origins:execute_command",
            "command": "power remove @s manhunt:artisan/smoke/smoked"
        }
    },
    "duration_down": {
        "type": "origins:action_over_time",
        "entity_action": {
            "type": "origins:and",
            "actions": [
                {
                    "type": "origins:change_resource",
                    "resource": "manhunt:artisan/smoke/smoked_duration",
                    "change": -1
                }
            ]
        },
        "interval": 1
    },
    "particle": {
        "type": "origins:action_over_time",
        "entity_action": {
            "type": "origins:and",
            "actions": [
                {
                    "type": "origins:execute_command",
                    "command": "particle minecraft:crit ~ ~1 ~ 0.5 0.5 0.5 0.1 8"
                },
                {
                    "type": "origins:execute_command",
                    "command": "particle minecraft:dust_color_transition 1 1 1 1 0.4 0.4 0.4 ~ ~1 ~ 0.5 0.5 0.5 0.1 4"
                }
            ]
        },
        "interval": 4
    },
    "fog": {
        "type": "moborigins:fog",
        "red": 0.3,
        "green": 0.3,
        "blue": 0.3,
        "start": -1,
        "end": 8
    },
    "invisibility": {
        "type": "origins:invisibility",
        "render_armor": true
    },
    "speed": {
        "type": "origins:attribute",
        "modifier": {
            "name": "Movement speed increase",
            "attribute": "minecraft:generic.movement_speed",
            "value": 0.5,
            "operation": "multiply_total"
        }
    },
    "air_speed":{
        "type": "origins:modify_air_speed",
        "modifier": {
            "operation": "multiply_total",
            "value": 0.25
        }
    },
    "glow": {
        "type": "origins:self_glow",
        "bientity_condition": {
            "type": "origins:both",
            "condition": {
                "type": "origins:and",
                "conditions": [
                    {
                        "type": "origins:living"
                    },
                    {
                        "type": "origins:entity_type",
                        "entity_type": "minecraft:armor_stand",
                        "inverted": true
                    },
                    {
                        "type": "origins:power",
                        "power": "manhunt:artisan/smoke/smoked"
                    }
                ]
            }
        },
        "use_teams": false,
        "red": 0.3,
        "green": 0.3,
        "blue": 0.3
    },
    "mobs_ignore":{
        "type": "apugli:mobs_ignore"
    }
}