{
    "type": "origins:active_self",
    "entity_action": {
        "type": "origins:and",
        "actions": [
            {
                "type": "origins:if_else",
                "condition": {
                    "type": "origins:command",
                    "command": "execute if entity @s[name=CDN_28]",
                    "comparison": "==",
                    "compare_to": 1
                },
                "if_action": {
                    "type": "origins:fire_projectile",
                    "entity_type": "minecraft:armor_stand",
                    "divergence": 0,
                    "count": 1,
                    "speed": 2,
                    "tag": "{Silent:1b,Invulnerable:1b,Invisible:1b,Tags:[\"flashbang\"],DisabledSlots:4144959,Passengers:[{id:\"minecraft:item_display\",billboard:\"center\",Tags:[\"flashbang\"],item:{id:\"minecraft:ender_eye\",Count:1b,tag:{CustomModelData:1}}}]}",
                    "projectile_action": {
                        "type": "origins:and",
                        "actions": [
                            {
                                "type": "origins:execute_command",
                                "command": "power grant @s manhunt:bomber/flash/special_flash_bang",
                                "permission_level": 4
                            }
                        ]
                    }
                },
                "else_action": {
                    "type": "origins:fire_projectile",
                    "entity_type": "minecraft:armor_stand",
                    "divergence": 0,
                    "count": 1,
                    "speed": 2,
                    "tag": "{Silent:1b,Invulnerable:1b,Invisible:1b,Tags:[\"flashbang\"],DisabledSlots:4144959,Passengers:[{id:\"minecraft:item_display\",billboard:\"center\",Tags:[\"flashbang\"],item:{id:\"minecraft:ender_eye\",Count:1b,tag:{CustomModelData:1}}}]}",
                    "projectile_action": {
                        "type": "origins:and",
                        "actions": [
                            {
                                "type": "origins:execute_command",
                                "command": "power grant @s manhunt:bomber/flash/flash_bang",
                                "permission_level": 4
                            }
                        ]
                    }
                }
            },
            {
                "type": "origins:execute_command",
                "command": "playsound minecraft:item.shield.break player @a ~ ~ ~ 1 1.5",
                "permission_level": 4
            }
        ]
    },
    "cooldown": 1200,
    "hud_render": {
        "should_render": true,
        "sprite_location": "origins:textures/gui/community/spiderkolo/resource_bar_01.png",
        "bar_index": 0
    },
    "key": {
        "key": "key.origins.secondary_active"
    },
    "name": "Flashbang",
    "description": "Throw a flash bang that blinds enemies.",
    "badges": [
        {
            "type": "origins:tooltip",
            "sprite": "origins:textures/gui/badge/star.png",
            "text": "Flashbang: 32 block radius. You are immune to the effect."
        },
        {
            "type": "origins:keybind",
            "sprite": "origins:textures/gui/badge/toggle.png",
            "text": "Trigger with %s!"
        },
        {
            "type": "origins:tooltip",
            "sprite": "manhunt:textures/icons/cooldown.png",
            "text": "Cooldown: 1m"
        }
    ]
}