{
    "type": "origins:multiple",
    "stacks": {
        "type": "origins:resource",
        "min": 0,
        "max": 15,
        "start_value": 0,
        "hud_render": {
            "should_render": false
        },
        "min_action":{
            "type": "origins:execute_command",
            "command": "power remove @s manhunt:lurker/lurk/lurked"
        }
    },
    "glow": {
        "type": "origins:self_glow",
        "use_teams": false,
        "red": 1.0,
        "green": 0,
        "blue": 1.0,
        "condition": {
            "type": "origins:resource",
            "resource": "manhunt:lurker/lurk/lurked_stacks",
            "comparison": ">=",
            "compare_to": 5
        }
    },
    "stacks_down": {
        "type": "origins:action_over_time",
        "entity_action": {
            "type": "origins:change_resource",
            "resource": "manhunt:lurker/lurk/lurked_stacks",
            "change": -1
        },
        "interval": 10
    },
    "less_speed": {
        "type": "origins:conditioned_attribute",
        "modifier": {
            "name": "Decrease speed",
            "attribute": "minecraft:generic.movement_speed",
            "value": -0.10,
            "operation": "multiply_base"
        },
        "update_health": false,
        "condition":  {
            "type": "origins:resource",
            "resource": "manhunt:lurker/lurk/lurked_stacks",
            "comparison": ">=",
            "compare_to": 5
        }
    },
    "less_air_speed": {
        "type": "origins:modify_air_speed",
        "modifier": {
            "operation": "multiply_base",
            "value": -0.10
        },
        "condition": {
            "type": "origins:resource",
            "resource": "manhunt:lurker/lurk/lurked_stacks",
            "comparison": ">=",
            "compare_to": 5
        }
    },
    "hidden": true
}