{
    "type": "origins:multiple",
    "sounds": {
        "type": "origins:action_on_callback",
        "entity_action_gained": {
            "type": "origins:and",
            "actions": [
                {
                    "type": "origins:execute_command",
                    "command": "particle minecraft:witch ~ ~1 ~ 0.5 0.5 0.5 0.1 50",
                    "permission_level": 4
                },
                {
                    "type": "origins:execute_command",
                    "command": "particle dust_color_transition 0.267 0.000 0.471 1 0.302 0.008 0.980 ~ ~1 ~ 0.5 0.5 0.5 0 100 normal",
                    "permission_level": 4
                },
                {
                    "type": "origins:execute_command",
                    "command": "playsound minecraft:entity.warden.roar player @s ~ ~ ~ 1 2",
                    "permission_level": 4
                }
            ]
        }
    },
    "flight": {
        "type": "origins:creative_flight",
        "condition": {
            "type": "origins:power",
            "power": "manhunt:lurker/lurk/lurk_effects_flight"
        }
    },
    "no_fall": {
        "type": "origins:modify_falling",
        "velocity": 0.005
    },
    "more_air_speed": {
        "type": "origins:modify_air_speed",
        "modifier": {
            "operation": "multiply_total",
            "value": 0.2
        }
    },
    "laser_slow": {
        "type": "origins:modify_velocity",
        "modifier": {
            "value": -0.6,
            "operation": "multiply_total"
        },
        "axes": [
            "x",
            "y",
            "z"
        ],
        "condition": {
            "type": "origins:and",
            "conditions": [
                {
                    "type": "apugli:key_pressed",
                    "key": {
                        "key": "key.origins.primary_active",
                        "continuous": true
                    }
                },
                {
                    "type": "origins:resource",
                    "resource": "manhunt:lurker/lurk/lurk_effects_laser_cooldown",
                    "comparison": "==",
                    "compare_to": 0
                }
            ]
        }
    },
    "lurk": {
        "type": "origins:resource",
        "min": 0,
        "max": 600,
        "start_value": 0,
        "hud_render": {
            "should_render": true,
            "sprite_location": "manhunt:textures/bars/lurker/eye.png",
            "bar_index": 0
        }
    },
    "indicator": {
        "type": "origins:resource",
        "min": 0,
        "max": 1,
        "start_value": 1,
        "hud_render": {
            "should_render": true,
            "sprite_location": "manhunt:textures/bars/lurker/indicator.png",
            "bar_index": 1,
            "condition": {
                "type": "origins:resource",
                "resource": "manhunt:lurker/lurk/lurk_effects_lurk",
                "comparison": "==",
                "compare_to": 600
            }
        }
    },
    "lurking": {
        "type": "origins:action_over_time",
        "entity_action": {
            "type": "origins:change_resource",
            "resource": "manhunt:lurker/lurk/lurk_effects_lurk",
            "change": 1
        },
        "interval": 1,
        "condition": {
            "type": "origins:and",
            "conditions": [
                {
                    "type": "origins:resource",
                    "resource": "manhunt:lurker/lurk/lurk_effects_laser",
                    "comparison": "==",
                    "compare_to": 20
                },
                {
                    "type": "apugli:entity_in_radius",
                    "condition": {
                        "type": "origins:origin",
                        "origin": "manhunt:runner",
                        "layer": "origins:origin"
                    },
                    "radius": 13.0,
                    "comparison": ">=",
                    "compare_to": 1
                }
            ]
        }
    },
    "lurking_portal": {
        "type": "origins:action_over_time",
        "entity_action": {
            "type": "origins:change_resource",
            "resource": "manhunt:lurker/lurk/lurk_effects_lurk",
            "change": 1
        },
        "interval": 1,
        "condition": {
            "type": "origins:and",
            "conditions": [
                {
                    "type": "origins:block_in_radius",
                    "block_condition": {
                        "type": "origins:or",
                        "conditions": [
                            {
                                "type": "origins:block",
                                "block": "minecraft:nether_portal"
                            },
                            {
                                "type": "origins:block",
                                "block": "minecraft:end_portal"
                            }
                        ]
                    },
                    "radius": 5,
                    "shape": "cube",
                    "comparison": ">=",
                    "compare_to": 1
                }
            ]
        }
    },
    "lurking_seen": {
        "type": "origins:action_over_time",
        "entity_action": {
            "type": "origins:area_of_effect",
            "radius": 100,
            "bientity_action": {
                "type": "origins:and",
                "actions": [
                    {
                        "type": "origins:actor_action",
                        "action": {
                            "type": "origins:change_resource",
                            "resource": "manhunt:lurker/lurk/lurk_effects_lurk",
                            "change": -15,
                            "operation": "add"
                        }
                    },
                    {
                        "type": "origins:actor_action",
                        "action": {
                            "type": "origins:execute_command",
                            "command": "playsound minecraft:block.note_block.cow_bell player @s ~ ~ ~ 1 2",
                            "permission_level": 4
                        }
                    },
                    {
                        "type": "origins:actor_action",
                        "action": {
                            "type": "origins:execute_command",
                            "command": "particle minecraft:witch ~ ~1.5 ~ 0.3 0.5 0.3 0.1 1",
                            "permission_level": 4
                        }
                    }
                ]
            },
            "bientity_condition": {
                "type": "origins:and",
                "conditions": [
                    {
                        "type": "origins:invert",
                        "condition": {
                            "type": "origins:actor_condition",
                            "condition": {
                                "type": "origins:raycast",
                                "distance": 100,
                                "block": false,
                                "entity": true,
                                "shape_type": "visual",
                                "fluid_handling": "any"
                            }
                        }
                    },
                    {
                        "type": "origins:target_condition",
                        "condition": {
                            "type": "origins:origin",
                            "origin": "manhunt:runner",
                            "layer": "origins:origin"
                        }
                    }
                ]
            }
        },
        "interval": 1
    },
    "lurk_down": {
        "type": "origins:action_over_time",
        "entity_action": {
            "type": "origins:change_resource",
            "resource": "manhunt:lurker/lurk/lurk_effects_laser",
            "change": -2
        },
        "interval": 10,
        "condition": {
            "type": "origins:and",
            "conditions": [
                {
                    "type": "origins:resource",
                    "resource": "manhunt:lurker/lurk/lurk_effects_laser",
                    "comparison": "<",
                    "compare_to": 20
                },
                {
                    "type": "origins:resource",
                    "resource": "manhunt:lurker/lurk/lurk_effects_lurk",
                    "comparison": "<",
                    "compare_to": 600
                },
                {
                    "type": "apugli:entity_in_radius",
                    "condition": {
                        "type": "origins:origin",
                        "origin": "manhunt:hunter",
                        "layer": "origins:origin"
                    },
                    "radius": 13.0,
                    "comparison": "==",
                    "compare_to": 0
                }
            ]
        }
    },
    "laser": {
        "type": "origins:resource",
        "min": 0,
        "max": 20,
        "start_value": 0,
        "hud_render": {
            "should_render": false
        }
    },
    "charge": {
        "type": "origins:active_self",
        "entity_action": {
            "type": "origins:and",
            "actions": [
                {
                    "type": "origins:if_else",
                    "condition": {
                        "type": "origins:resource",
                        "resource": "manhunt:lurker/lurk/lurk_effects_laser",
                        "comparison": "==",
                        "compare_to": 0
                    },
                    "if_action": {
                        "type": "origins:execute_command",
                        "command": "playsound minecraft:entity.warden.sonic_charge player @a ~ ~ ~ 2 1.4"
                    }
                },
                {
                    "type": "origins:change_resource",
                    "resource": "manhunt:lurker/lurk/lurk_effects_laser",
                    "change": 1
                }
            ]
        },
        "cooldown": 1,
        "hud_render": {
            "should_render": false
        },
        "key": {
            "key": "key.origins.primary_active",
            "continuous": true
        },
        "condition": {
            "type": "origins:resource",
            "resource": "manhunt:lurker/lurk/lurk_effects_laser_cooldown",
            "comparison": "==",
            "compare_to": 0
        }
    },
    "stop_charge": {
        "type": "origins:action_over_time",
        "rising_action": {
            "type": "origins:change_resource",
            "resource": "manhunt:lurker/lurk/lurk_effects_laser",
            "change": -20
        },
        "interval": 1,
        "condition": {
            "type": "apugli:key_pressed",
            "key": {
                "key": "key.origins.primary_active",
                "continuous": true
            },
            "inverted": true
        }
    },
    "overseer": {
        "type": "origins:active_self",
        "entity_action": {
            "type": "origins:area_of_effect",
            "radius": 16,
            "bientity_action": {
                "type": "origins:target_action",
                "action": {
                    "type": "origins:execute_command",
                    "command": "power grant @s manhunt:lurker/blink"
                }
            },
            "bientity_condition": {
                "type": "origins:can_see"
            }
        },
        "cooldown": 400,
        "hud_render": {
            "should_render": true,
            "sprite_location": "origins:textures/gui/community/huang/resource_bar_01.png",
            "bar_index": 0
        },
        "key": {
            "key": "key.attack"
        },
        "condition": {
            "type": "origins:and",
            "conditions": [
                {
                    "type": "origins:resource",
                    "resource": "manhunt:lurker/lurk/lurk_effects_laser",
                    "comparison": "==",
                    "compare_to": 20
                }
            ]
        }
    },
    "teleport": {
        "type": "origins:active_self",
        "entity_action": {
            "type": "origins:and",
            "actions": [
                {
                    "type": "origins:execute_command",
                    "command": "forceload add ~ ~"
                },
                {
                    "type": "origins:execute_command",
                    "command": "power grant @e[limit=1,sort=nearest,tag=lurk_eye,type=allay] manhunt:lurker/lurk/eye_effects"
                },
                {
                    "type": "origins:execute_command",
                    "command": "summon armor_stand ~ ~ ~ {Silent:1b,Invulnerable:1b,Marker:1b,Invisible:1b,Tags:[\"bug_fix\"]}",
                    "permission_level": 4
                },
                {
                    "type": "origins:action_on_set",
                    "set": "manhunt:lurker/lurk/lurk_eye_owner",
                    "bientity_action": {
                        "type": "origins:target_action",
                        "action": {
                            "type": "origins:and",
                            "actions": [
                                {
                                    "type": "origins:execute_command",
                                    "command": "ride @s dismount",
                                    "permission_level": 4
                                },
                                {
                                    "type": "origins:execute_command",
                                    "command": "ride @s mount @e[limit=1,sort=nearest,tag=bug_fix]",
                                    "permission_level": 4
                                }
                            ]
                        }
                    }
                },
                {
                    "type": "origins:execute_command",
                    "command": "playsound minecraft:block.portal.trigger player @a ~ ~ ~ 1.5 2"
                },
                {
                    "type": "origins:execute_command",
                    "command": "execute as @e[tag=lurk] if score @s lurker = @p lurker run tp @p @s"
                },
                {
                    "type": "origins:execute_command",
                    "command": "execute as @e[tag=lurk] if score @s lurker = @p lurker run kill @s"
                },
                {
                    "type": "origins:execute_command",
                    "command": "execute as @e[tag=lurk_eye,type=allay] if score @s lurker = @p lurker run resource set @s manhunt:lurker/lurk/eye_effects_teleporting 60"
                },
                {
                    "type": "origins:change_resource",
                    "resource": "manhunt:lurker/lurk/lurk_teleport",
                    "change": 60
                },
                {
                    "type": "origins:execute_command",
                    "command": "power remove @s manhunt:lurker/lurk/lurk_effects"
                }
            ]
        },
        "cooldown": 1,
        "hud_render": {
            "should_render": false
        },
        "key": {
            "key": "key.use"
        },
        "condition": {
            "type": "origins:and",
            "conditions": [
                {
                    "type": "origins:resource",
                    "resource": "manhunt:lurker/lurk/lurk_effects_laser",
                    "comparison": "==",
                    "compare_to": 20
                },
                {
                    "type": "origins:resource",
                    "resource": "manhunt:lurker/lurk/lurk_effects_lurk",
                    "comparison": "==",
                    "compare_to": 600
                },
                {
                    "type": "apugli:entity_in_radius",
                    "condition": {
                        "type": "apoli:entity_type",
                        "entity_type": "minecraft:player"
                    },
                    "radius": 30.0
                },
                {
                    "type": "origins:block_in_radius",
                    "block_condition": {
                        "type": "origins:or",
                        "conditions": [
                            {
                                "type": "origins:block",
                                "block": "minecraft:nether_portal"
                            },
                            {
                                "type": "origins:block",
                                "block": "minecraft:end_portal"
                            }
                        ]
                    },
                    "radius": 5,
                    "shape": "cube",
                    "comparison": ">=",
                    "compare_to": 1
                }
            ]
        }
    },
    "laser_ticking": {
        "type": "origins:action_over_time",
        "entity_action": {
            "type": "origins:change_resource",
            "resource": "manhunt:lurker/lurk/lurk_effects_laser_cooldown",
            "change": -10
        },
        "interval": 10,
        "condition": {
            "type": "origins:in_block",
            "block_condition": {
                "type": "origins:movement_blocking"
            },
            "inverted": true
        }
    },
    "laser_cooldown": {
        "type": "origins:resource",
        "min": 0,
        "max": 200,
        "start_value": 0,
        "hud_render": {
            "should_render": true,
            "sprite_location": "origins:textures/gui/community/huang/resource_bar_01.png",
            "bar_index": 0,
            "condition": {
                "type": "origins:resource",
                "resource": "manhunt:lurker/lurk/lurk_effects_laser_cooldown",
                "comparison": ">",
                "compare_to": 0
            }
        }
    },
    "move_eye": {
        "type": "origins:action_over_time",
        "entity_action": {
            "type": "origins:execute_command",
            "command": "execute as @e[tag=lurk_eye,type=allay] if score @s lurker = @p lurker on passengers run data modify entity @s Rotation set from entity @p Rotation",
            "permission_level": 4
        },
        "interval": 1
    },
    "no_eye": {
        "type": "origins:action_over_time",
        "rising_action": {
            "type": "origins:and",
            "actions": [
                {
                    "type": "origins:execute_command",
                    "command": "execute as @a if score @s lurker = @e[limit=1,sort=nearest,tag=lurk_eye,type=item_display] lurker run resource set @s manhunt:lurker/lurk/lurk_lurking 0",
                    "permission_level": 4
                },
                {
                    "type": "origins:execute_command",
                    "command": "execute as @e[tag=lurk,type=wither_skeleton] if score @s lurker = @p lurker run tp @p @s"
                },
                {
                    "type": "origins:execute_command",
                    "command": "execute as @e[tag=lurk,type=wither_skeleton] if score @s lurker = @p lurker run kill @s"
                },
                {
                    "type": "origins:execute_command",
                    "command": "power remove @s manhunt:lurker/lurk/lurk_effects"
                }
            ]
        },
        "interval": 1,
        "condition": {
            "type": "origins:command",
            "command": "execute as @e[tag=lurk_eye,type=item_display] if score @s lurker = @p lurker",
            "comparison": "==",
            "compare_to": 0
        }
    },
    "no_atk_speed": {
        "type": "origins:attribute",
        "modifier": {
            "name": "Decrease speed",
            "attribute": "minecraft:generic.attack_speed",
            "value": -3,
            "operation": "multiply_total"
        }
    },
    "no_collision": {
        "type": "origins:prevent_entity_collision"
    },
    "invisible": {
        "type": "origins:invisibility",
        "render_armor": false
    },
    "held_item": {
        "type": "origins:prevent_feature_render",
        "features": [
            "armor",
            "held_item"
        ]
    },
    "no_attack": {
        "type": "origins:modify_damage_dealt",
        "modifier": {
            "operation": "multiply_total",
            "value": -1
        }
    },
    "phase": {
        "type": "origins:phasing",
        "blacklist": false,
        "render_type": "blindness",
        "view_distance": 12,
        "phase_down_condition": {
            "type": "origins:and",
            "conditions": [
                {
                    "type": "origins:sneaking"
                },
                {
                    "type": "origins:creative_flying"
                }
            ]
        }
    },
    "mobs_ignore": {
        "type": "apugli:mobs_ignore"
    },
    "no_damage": {
        "type": "origins:modify_damage_taken",
        "modifier": {
            "name": "No damage",
            "operation": "multiply_total",
            "value": -1
        }
    },
    "prevent_item": {
        "type": "origins:prevent_item_use"
    },
    "prevent_block": {
        "type": "origins:prevent_block_use"
    },
    "no_ability": {
        "type": "eggolib:prevent_key_use",
        "keys": [
            "key.attack"
        ],
        "condition": {
            "type": "origins:resource",
            "resource": "manhunt:lurker/lurk/lurk_effects_laser",
            "comparison": "<",
            "compare_to": 20
        }
    },
    "item_pickup": {
        "type": "eggolib:prevent_item_pickup"
    },
    "no_break": {
        "type": "origins:modify_break_speed",
        "modifier": {
            "operation": "multiply_total",
            "value": -1
        }
    },
    "hidden": true
}