{
    "type": "origins:multiple",
        "cast": {
                "type": "origins:active_self",
                "entity_action": {
                    "type": "origins:and",
                    "actions": [
                        {
                            "type": "origins:execute_command",
                            "command": "power remove @s manhunt:runner_effects"
                        },
                        {
                            "type": "origins:execute_command",
                            "command": "power grant @s manhunt:deception_remove"
                        },
                        {
                            "type": "origins:execute_command",
                            "command": "particle minecraft:dust_color_transition 0 0 0 1 1 1 1 ~ ~1 ~ 1 1 1 1 300"
                        },
                        {
                            "type": "origins:execute_command",
                            "command": "particle minecraft:ash ~ ~1 ~ 1 1 1 1 300 normal"
                        },
                        {
                            "type": "origins:execute_command",
                            "command": "particle minecraft:snowflake ~ ~1 ~ 1 0 1 0.1 100"
                        },
                        {
                            "type": "origins:execute_command",
                            "command": "playsound minecraft:entity.illusioner.cast_spell player @a ~ ~ ~ 3 0.5"
                        },
                        {
                            "type": "origins:execute_command",
                            "command": "forceload add ~ ~ ~ ~",
                            "permission_level": 4
                        }
                    ]
                    },
                "key": {
                    "key": "key.origins.secondary_active"
                },
        "cooldown": 6000,
        "hud_render": {
            "sprite_location": "origins:textures/gui/community/huang/resource_bar_02.png",
            "bar_index": 1,
            "should_render": true
        }   
        },
        "name":"§l§nTHE FOOL'S DECEPTION",
        "description":"Pressing your secondary ability key will interrupt the compass detection system, therefore leaving the hunters unable to track you."
    }