{
    "type": "origins:multiple",
    "speed": {
        "type": "origins:attribute",
        "modifier": {
            "name": "Increase speed",
            "attribute": "minecraft:generic.movement_speed",
            "value": 0.25,
            "operation": "multiply_total"
        },
        "condition": {
            "type": "apugli:entity_in_radius",
            "condition": {
                "type": "origins:and",
                "conditions": [
                    {
                        "type": "apoli:entity_type",
                        "entity_type": "minecraft:player"
                    },
                    {
                        "type": "origins:origin",
                        "origin": "manhunt:runner",
                        "layer": "origins:origin"
                    }
                ]
            },
            "radius": 32.0,
            "comparison": ">=",
            "compare_to": 1,
            "inverted": true
        }
    },
    "air_speed": {
        "type": "origins:modify_air_speed",
        "modifier": {
            "operation": "multiply_total",
            "value": 0.08
        },
        "condition": {
            "type": "apugli:entity_in_radius",
            "condition": {
                "type": "origins:and",
                "conditions": [
                    {
                        "type": "apoli:entity_type",
                        "entity_type": "minecraft:player"
                    },
                    {
                        "type": "origins:origin",
                        "origin": "manhunt:runner",
                        "layer": "origins:origin"
                    }
                ]
            },
            "radius": 32.0,
            "comparison": ">=",
            "compare_to": 1,
            "inverted": true
        }
    },
    "particles": {
        "type": "origins:action_over_time",
        "entity_action": {
            "type": "origins:execute_command",
            "command": "particle minecraft:dust_color_transition 1 1 1 1 0.7 0.7 0.7 ~ ~1 ~ 0.2 0.2 0.2 1 1"
        },
        "interval": 20
    },
    "duration": {
        "type": "origins:resource",
        "min": 0,
        "max": 30,
        "start_value": 30,
        "hud_render": {
            "should_render": false
        },
        "min_action": {
            "type": "origins:execute_command",
            "command": "power remove @s manhunt:scout/ally_speed"
        }
    },
    "duration_down": {
        "type": "origins:action_over_time",
        "entity_action": {
            "type": "origins:change_resource",
            "resource": "manhunt:scout/ally_speed_duration",
            "change": -1
        },
        "interval": 1
    },
    "hidden": true
}