{
    "type": "origins:multiple",
    "lesshp": {
        "type": "origins:attribute",
        "modifier": {
        "name": "less health",
        "attribute": "minecraft:generic.max_health",
        "value": -4,
        "operation": "addition"
        }
    },
    "weakened": {
        "type": "origins:modify_damage_dealt",
        "modifier": {
            "operation": "multiply_total",
            "value": -0.25
        }
    },
    "name": "Frail Body",
    "description": "Being so fast and lightweight doesn't make you that resistant and strong compared to your teammates.",
    "badges": [
        {
            "type": "origins:tooltip",
            "sprite": "origins:textures/gui/badge/star.png",
            "text": "Frail: §l§c25%§r Less damage dealt and §l§c-2§r Hearts."
        }
    ]
}