{
    "type": "origins:multiple",
    "pledged": {
        "type": "eggolib:modify_label_render",
        "text": [
            {
                "selector": "@s"
            },
            {
                "text": " ["
            },
            {
                "text": "🛡",
                "color": "aqua"
            },
            {
                "text": "]"
            }
        ],
        "condition": {
            "type": "origins:power",
            "power": "manhunt:start",
            "inverted": true
        }
    },
    "leave": {
        "type": "origins:action_on_callback",
        "entity_action_removed": {
            "type": "origins:and",
            "actions": [
                {
                    "type": "origins:execute_command",
                    "command": "scoreboard players reset @s guardian_pledge",
                    "permission_level": 4
                },
                {
                    "type": "origins:change_resource",
                    "resource": "manhunt:guardian/pledge/pledged_bulwarked",
                    "change": -1
                },
                {
                    "type": "origins:action_on_set",
                    "set": "manhunt:guardian/pledge/pledged_halo",
                    "bientity_action": {
                        "type": "origins:target_action",
                        "action": {
                            "type": "origins:and",
                            "actions": [
                                {
                                    "type": "origins:execute_command",
                                    "command": "execute on passengers run kill @s"
                                },
                                {
                                    "type": "origins:execute_command",
                                    "command": "kill @s"
                                }
                            ]
                        }
                    }
                },
                {
                    "type": "origins:selector_action",
                    "selector": "@a[tag=hunter]",
                    "bientity_action": {
                        "type": "origins:and",
                        "actions": [
                            {
                                "type": "origins:invert",
                                "action": {
                                    "type": "origins:remove_from_set",
                                    "set": "manhunt:guardian/pledge/protector_pledged"
                                }
                            },
                            {
                                "type": "origins:target_action",
                                "action": {
                                    "type": "origins:and",
                                    "actions": [
                                        {
                                            "type": "origins:change_resource",
                                            "resource": "manhunt:guardian/bulwark/active_toggled",
                                            "change": 0,
                                            "operation": "set"
                                        },
                                        {
                                            "type": "origins:change_resource",
                                            "resource": "manhunt:guardian/bulwark/active_cooldown",
                                            "change": 0,
                                            "operation": "set"
                                        },
                                        {
                                            "type": "origins:execute_command",
                                            "command": "playsound minecraft:block.beacon.deactivate player @a ~ ~ ~ 1 1.6"
                                        },
                                        {
                                            "type": "origins:execute_command",
                                            "command": "particle minecraft:dust_color_transition 1 1 1 1 0.8 0.8 1 ~ ~1 ~ 0.3 0.3 0.3 0.2 50"
                                        },
                                        {
                                            "type": "origins:action_on_set",
                                            "set": "manhunt:guardian/bulwark/active_shield_set",
                                            "bientity_action": {
                                                "type": "origins:target_action",
                                                "action": {
                                                    "type": "origins:and",
                                                    "actions": [
                                                        {
                                                            "type": "origins:execute_command",
                                                            "command": "execute on passengers run kill @s"
                                                        },
                                                        {
                                                            "type": "origins:execute_command",
                                                            "command": "kill @s"
                                                        }
                                                    ]
                                                }
                                            }
                                        },
                                        {
                                            "type": "origins:change_resource",
                                            "resource": "manhunt:guardian/pledge/pledged_bulwarked",
                                            "change": -1
                                        },
                                        {
                                            "type": "origins:action_on_set",
                                            "set": "manhunt:guardian/pledge/pledged_halo",
                                            "bientity_action": {
                                                "type": "origins:target_action",
                                                "action": {
                                                    "type": "origins:and",
                                                    "actions": [
                                                        {
                                                            "type": "origins:execute_command",
                                                            "command": "execute on passengers run kill @s"
                                                        },
                                                        {
                                                            "type": "origins:execute_command",
                                                            "command": "kill @s"
                                                        }
                                                    ]
                                                }
                                            }
                                        }
                                    ]
                                }
                            }
                        ]
                    },
                    "bientity_condition": {
                        "type": "origins:invert",
                        "condition": {
                            "type": "origins:in_set",
                            "set": "manhunt:guardian/pledge/protector_pledged"
                        }
                    }
                },
                {
                    "type": "origins:execute_command",
                    "command": "power remove @s manhunt:guardian/pledge/pledged"
                }
            ]
        },
        "execute_chosen_when_orb": true
    },
    "death": {
        "type": "origins:action_on_death",
        "bientity_action": {
            "type": "origins:target_action",
            "action": {
                "type": "origins:and",
                "actions": [
                    {
                        "type": "origins:selector_action",
                        "selector": "@a[tag=hunter]",
                        "bientity_action": {
                            "type": "origins:and",
                            "actions": [
                                {
                                    "type": "origins:damage",
                                    "amount": 6,
                                    "damage_type": "manhunt:redirect_true"
                                },
                                {
                                    "type": "origins:target_action",
                                    "action": {
                                        "type": "origins:and",
                                        "actions": [
                                            {
                                                "type": "origins:change_resource",
                                                "resource": "manhunt:guardian/bulwark/active_toggled",
                                                "change": 0,
                                                "operation": "set"
                                            },
                                            {
                                                "type": "origins:change_resource",
                                                "resource": "manhunt:guardian/bulwark/active_cooldown",
                                                "change": 0,
                                                "operation": "set"
                                            },
                                            {
                                                "type": "origins:execute_command",
                                                "command": "playsound minecraft:block.beacon.deactivate player @a ~ ~ ~ 1 1.6"
                                            },
                                            {
                                                "type": "origins:execute_command",
                                                "command": "particle minecraft:dust_color_transition 1 1 1 1 0.8 0.8 1 ~ ~1 ~ 0.3 0.3 0.3 0.2 50"
                                            },
                                            {
                                                "type": "origins:action_on_set",
                                                "set": "manhunt:guardian/bulwark/active_shield_set",
                                                "bientity_action": {
                                                    "type": "origins:target_action",
                                                    "action": {
                                                        "type": "origins:and",
                                                        "actions": [
                                                            {
                                                                "type": "origins:execute_command",
                                                                "command": "execute on passengers run kill @s"
                                                            },
                                                            {
                                                                "type": "origins:execute_command",
                                                                "command": "kill @s"
                                                            }
                                                        ]
                                                    }
                                                }
                                            },
                                            {
                                                "type": "origins:change_resource",
                                                "resource": "manhunt:guardian/pledge/pledged_bulwarked",
                                                "change": -1
                                            },
                                            {
                                                "type": "origins:action_on_set",
                                                "set": "manhunt:guardian/pledge/pledged_halo",
                                                "bientity_action": {
                                                    "type": "origins:target_action",
                                                    "action": {
                                                        "type": "origins:and",
                                                        "actions": [
                                                            {
                                                                "type": "origins:execute_command",
                                                                "command": "execute on passengers run kill @s"
                                                            },
                                                            {
                                                                "type": "origins:execute_command",
                                                                "command": "kill @s"
                                                            }
                                                        ]
                                                    }
                                                }
                                            }
                                        ]
                                    }
                                }
                            ]
                        },
                        "bientity_condition": {
                            "type": "origins:invert",
                            "condition": {
                                "type": "origins:in_set",
                                "set": "manhunt:guardian/pledge/protector_pledged"
                            }
                        }
                    },
                    {
                        "type": "origins:change_resource",
                        "resource": "manhunt:guardian/pledge/pledged_bulwarked",
                        "change": -1
                    },
                    {
                        "type": "origins:action_on_set",
                        "set": "manhunt:guardian/pledge/pledged_halo",
                        "bientity_action": {
                            "type": "origins:target_action",
                            "action": {
                                "type": "origins:and",
                                "actions": [
                                    {
                                        "type": "origins:execute_command",
                                        "command": "execute on passengers run kill @s"
                                    },
                                    {
                                        "type": "origins:execute_command",
                                        "command": "kill @s"
                                    }
                                ]
                            }
                        }
                    }
                ]
            }
        }
    },
    "haloless": {
        "type": "origins:resource",
        "min": 0,
        "max": 4,
        "start_value": 0,
        "hud_render": {
            "should_render": false
        },
        "max_action": {
            "type": "origins:and",
            "actions": [
                {
                    "type": "origins:spawn_entity",
                    "entity_type": "minecraft:armor_stand",
                    "tag": "{Silent:1b,Invulnerable:1b,Marker:1b,Invisible:1b,Tags:[\"bulwark_pledged\"],Passengers:[{id:\"minecraft:item_display\",billboard:\"fixed\",Tags:[\"bulwark_pledged\"],brightness:{sky:15,block:15},transformation:{left_rotation:[0f,0f,0f,1f],right_rotation:[0f,0f,0f,1f],translation:[0f,0f,-0.2f],scale:[1f,1f,1f]},item:{id:\"minecraft:air\",Count:1b,tag:{Enchantments:[{}]}}}]}",
                    "bientity_action": {
                        "type": "origins:and",
                        "actions": [
                            {
                                "type": "origins:add_to_set",
                                "set": "manhunt:guardian/pledge/pledged_halo"
                            },
                            {
                                "type": "origins:invert",
                                "action": {
                                    "type": "origins:mount"
                                }
                            }
                        ]
                    },
                    "entity_action": {
                        "type": "origins:and",
                        "actions": [
                            {
                                "type": "origins:execute_command",
                                "command": "execute on passengers run data modify entity @s Rotation[1] set value 90f"
                            },
                            {
                                "type": "origins:execute_command",
                                "command": "power grant @s manhunt:guardian/pledge/halo"
                            },
                            {
                                "type": "origins:execute_command",
                                "command": "execute on passengers run item replace entity @s container.0 with minecraft:diamond{CustomModelData:2}"
                            }
                        ]
                    }
                },
                {
                    "type": "origins:change_resource",
                    "resource": "manhunt:guardian/bulwark/active_haloless",
                    "change": -4
                }
            ]
        }
    },
    "no_halo": {
        "type": "origins:action_over_time",
        "entity_action": {
            "type": "origins:change_resource",
            "resource": "manhunt:guardian/bulwark/active_haloless",
            "change": 1
        },
        "interval": 1,
        "condition": {
            "type": "origins:and",
            "conditions": [
                {
                    "type": "origins:resource",
                    "resource": "manhunt:guardian/pledge/pledged_bulwarked",
                    "compare_to": 1,
                    "comparison": "=="
                },
                {
                    "type": "origins:passenger",
                    "bientity_condition": {
                        "type": "origins:actor_condition",
                        "condition": {
                            "type": "origins:and",
                            "conditions": [
                                {
                                    "type": "origins:entity_type",
                                    "entity_type": "minecraft:armor_stand"
                                },
                                {
                                    "type": "origins:power",
                                    "power": "manhunt:guardian/pledge/halo"
                                }
                            ]
                        }
                    },
                    "compare_to": 0,
                    "comparison": "=="
                }
            ]
        }
    },
    "bulwarked": {
        "type": "origins:resource",
        "min": 0,
        "max": 1,
        "start_value": 0,
        "hud_render": {
            "should_render": false
        },
        "max_action": {
            "type": "origins:execute_command",
            "command": "scoreboard players reset @s guardian_redirect",
            "permission_level": 4
        }
    },
    "redirect_glow": {
        "type": "origins:self_glow",
        "bientity_condition": {
            "type": "origins:can_see"
        },
        "condition": {
            "type": "origins:and",
            "conditions": [
                {
                    "type": "origins:resource",
                    "resource": "manhunt:guardian/pledge/pledged_bulwarked",
                    "compare_to": 1,
                    "comparison": "=="
                },
                {
                    "type": "apugli:entity_in_radius",
                    "bientity_condition": {
                        "type": "origins:invert",
                        "condition": {
                            "type": "origins:in_set",
                            "set": "manhunt:guardian/pledge/protector_pledged"
                        }
                    },
                    "radius": 32.0,
                    "comparison": ">=",
                    "compare_to": 1
                }
            ]
        },
        "use_teams": false,
        "red": 0.2,
        "green": 0.7,
        "blue": 1.0
    },
    "redirecting_dmg": {
        "type": "origins:resource",
        "min": 0,
        "max": 100,
        "start_value": 0,
        "hud_render": {
            "should_render": false
        }
    },
    "bulwark_damage": {
        "type": "origins:modify_damage_taken",
        "modifier": {
            "name": "Mitigation",
            "operation": "multiply_base",
            "value": -0.6
        },
        "bientity_action": {
            "type": "origins:target_action",
            "action": {
                "type": "origins:and",
                "actions": [
                    {
                        "type": "origins:execute_command",
                        "command": "resource operation @s manhunt:guardian/pledge/pledged_redirecting_dmg = @s guardian_redirect",
                        "permission_level": 4
                    },
                    {
                        "type": "origins:execute_command",
                        "command": "scoreboard players reset @s guardian_redirect",
                        "permission_level": 4
                    },
                    {
                        "type": "origins:selector_action",
                        "selector": "@a[tag=hunter]",
                        "bientity_action": {
                            "type": "origins:damage",
                            "amount": 0,
                            "damage_type": "manhunt:redirect",
                            "modifier": {
                                "operation": "set_total",
                                "resource": "manhunt:guardian/pledge/pledged_redirecting_dmg",
                                "value": 0,
                                "modifier": {
                                    "operation": "multiply_total_multiplicative",
                                    "value": -0.9
                                }
                            }
                        },
                        "bientity_condition": {
                            "type": "origins:and",
                            "conditions": [
                                {
                                    "type": "origins:invert",
                                    "condition": {
                                        "type": "origins:in_set",
                                        "set": "manhunt:guardian/pledge/protector_pledged"
                                    }
                                },
                                {
                                    "type": "origins:distance",
                                    "comparison": "<=",
                                    "compare_to": 30
                                }
                            ]
                        }
                    },
                    {
                        "type": "origins:change_resource",
                        "resource": "manhunt:guardian/pledge/pledged_redirecting_dmg",
                        "change": 0,
                        "operation": "set"
                    }
                ]
            }
        },
        "condition": {
            "type": "origins:and",
            "conditions": [
                {
                    "type": "origins:resource",
                    "resource": "manhunt:guardian/pledge/pledged_bulwarked",
                    "compare_to": 1,
                    "comparison": "=="
                },
                {
                    "type": "apugli:entity_in_radius",
                    "bientity_condition": {
                        "type": "origins:invert",
                        "condition": {
                            "type": "origins:in_set",
                            "set": "manhunt:guardian/pledge/protector_pledged"
                        }
                    },
                    "radius": 32.0,
                    "comparison": ">=",
                    "compare_to": 1
                }
            ]
        }
    },
    "savior": {
        "type": "origins:self_action_when_hit",
        "entity_action": {
            "type": "origins:selector_action",
            "selector": "@a[tag=hunter]",
            "bientity_action": {
                "type": "origins:target_action",
                "action": {
                    "type": "origins:change_resource",
                    "resource": "manhunt:guardian/savior_duration",
                    "change": 60,
                    "operation": "set"
                }
            },
            "bientity_condition": {
                "type": "origins:invert",
                "condition": {
                    "type": "origins:in_set",
                    "set": "manhunt:guardian/pledge/protector_pledged"
                }
            }
        },
        "damage_condition": {
            "type": "origins:attacker",
            "entity_condition": {
                "type": "origins:origin",
                "origin": "manhunt:runner",
                "layer": "origins:origin"
            }
        },
        "cooldown": 1,
        "condition": {
            "type": "origins:resource",
            "resource": "manhunt:guardian/pledge/pledged_bulwarked",
            "compare_to": 0,
            "comparison": "=="
        }
    },
    "halo": {
        "type": "origins:entity_set"
    },
    "armor": {
        "type": "origins:resource",
        "min": 0,
        "max": 20,
        "start_value": 0,
        "hud_render": {
            "should_render": false
        }
    },
    "armor_transfer": {
        "type": "origins:action_over_time",
        "entity_action": {
            "type": "origins:execute_command",
            "command": "execute as @a[distance=0.1..,tag=hunter] if score @s guardian_pledge = @p guardian_pledge run resource operation @p manhunt:guardian/pledge/pledged_armor = @s guardian_armor",
            "permission_level": 4
        },
        "interval": 10
    },
    "basic_armor": {
        "type": "origins:attribute",
        "modifier": {
            "name": "Armor increase",
            "attribute": "minecraft:generic.armor",
            "value": 1,
            "operation": "addition"
        }
    },
    "armor_portion": {
        "type": "origins:modify_attribute",
        "attribute": "minecraft:generic.armor",
        "modifier": {
            "operation": "add_base_early",
            "resource": "manhunt:guardian/pledge/pledged_armor",
            "value": 0,
            "modifier": {
                "operation": "multiply_total_multiplicative",
                "value": -0.75
            }
        }
    }
}