{
    "type": "origins:multiple",
    "duration": {
        "type": "origins:resource",
        "min": 0,
        "max": 300,
        "start_value": 300,
        "hud_render": {
            "sprite_location": "manhunt:textures/gambler_02.png",
            "bar_index": 2,
            "should_render": true
        },
        "min_action": {
            "type": "origins:execute_command",
            "command": "power remove @s manhunt:gambler/draw/diamond"
        }
    },
    "upgrade": {
        "type": "origins:resource",
        "min": 0,
        "max": 2,
        "start_value": 0,
        "hud_render": {
            "should_render": false,
            "sprite_location": "origins:textures/gui/community/huang/resource_bar_02.png",
            "bar_index": 5
        }
    },
    "message": {
        "type": "origins:action_on_callback",
        "entity_action_added": {
            "type": "origins:and",
            "actions": [
                {
                    "type": "origins:execute_command",
                    "command": "tellraw @s [\"\",{\"text\":\"YOU DREW A \"},{\"text\":\"DIAMOND\",\"color\":\"aqua\"},{\"text\":\" ! OH, AIN'T YOU SO RICH? \"}]",
                    "permission_level": 4
                },
                {
                    "type": "origins:execute_command",
                    "command": "summon item_display ~ ~5 ~ {Glowing:1b,glow_color_override:1b,billboard:\"vertical\",Tags:[\"diamond_card\",\"card\"],transformation:{left_rotation:[0f,0f,0f,1f],right_rotation:[0f,0f,0f,1f],translation:[0f,0f,0f],scale:[3f,3f,3f]},item:{id:\"minecraft:paper\",Count:1b,tag:{CustomModelData:3,Enchantments:[{}]}}}",
                    "permission_level": 4
                },
                {
                    "type": "origins:spawn_entity",
                    "entity_type": "minecraft:armor_stand",
                    "tag": "{Marker:1b,Invisible:1b,Tags:[\"card_delete\"]}",
                    "entity_action": {
                        "type": "origins:execute_command",
                        "command": "power grant @s manhunt:gambler/draw/card_delete",
                        "permission_level": 4
                    }
                },
                {
                    "type": "origins:execute_command",
                    "command": "tellraw @s {\"text\":\"(+ Armor)\",\"bold\":true,\"italic\":true}"
                }
            ]
        },
        "entity_action_removed": {
            "type": "origins:and",
            "actions": [
                {
                    "type": "origins:execute_command",
                    "command": "tag @s remove diamond1",
                    "permission_level": 4
                },
                {
                    "type": "origins:execute_command",
                    "command": "tag @s remove diamond2",
                    "permission_level": 4
                }
            ]
        }
    },
    "armor": {
        "type": "origins:conditioned_attribute",
        "modifier": {
            "name": "Increase attack speed",
            "attribute": "minecraft:generic.armor",
            "value": 3,
            "operation": "addition"
        }
    },
    "armor1": {
        "type": "origins:conditioned_attribute",
        "modifier": {
            "name": "Increase attack speed",
            "attribute": "minecraft:generic.armor",
            "value": 2,
            "operation": "addition"
        },
        "condition": {
            "type": "origins:resource",
            "resource": "manhunt:gambler/draw/diamond_upgrade",
            "comparison": ">=",
            "compare_to": 1
        }
    },
    "armor2": {
        "type": "origins:attribute",
        "modifier": {
            "name": "Increase attack speed",
            "attribute": "minecraft:generic.armor_toughness",
            "value": 2,
            "operation": "addition"
        },
        "condition": {
            "type": "origins:resource",
            "resource": "manhunt:gambler/draw/diamond_upgrade",
            "comparison": "==",
            "compare_to": 2
        }
    },
    "particles": {
        "type": "origins:action_over_time",
        "entity_action": {
            "type": "origins:execute_command",
            "command": "particle minecraft:dust 0 0.9 0.7 1 ~ ~1 ~ 0.5 0.7 0.5 0.1 10"
        },
        "interval": 10
    },
    "duration_down": {
        "type": "origins:action_over_time",
        "entity_action": {
            "type": "origins:change_resource",
            "resource": "manhunt:gambler/draw/diamond_duration",
            "change": -10
        },
        "interval": 10
    },
    "hidden": true
}