{
    "type": "origins:multiple",
    "duration": {
        "type": "origins:resource",
        "min": 0,
        "max": 300,
        "start_value": 300,
        "hud_render": {
            "sprite_location": "manhunt:textures/gambler_02.png",
            "bar_index": 3,
            "should_render": true
        },
        "min_action": {
            "type": "origins:execute_command",
            "command": "power remove @s manhunt:gambler/draw/heart"
        }
    },
    "upgrade": {
        "type": "origins:resource",
        "min": 0,
        "max": 2,
        "start_value": 0,
        "hud_render": {
            "should_render": false,
            "sprite_location": "origins:textures/gui/community/huang/resource_bar_02.png",
            "bar_index": 5
        }
    },
    "regen": {
        "type": "origins:action_over_time",
        "entity_action": {
            "type": "origins:heal",
            "amount": 1
        },
        "interval": 30
    },
    "regen1": {
        "type": "origins:action_over_time",
        "entity_action": {
            "type": "origins:heal",
            "amount": 1
        },
        "interval": 60,
        "condition": {
            "type": "origins:resource",
            "resource": "manhunt:gambler/draw/heart_upgrade",
            "comparison": ">=",
            "compare_to": 1
        }
    },
    "regen2": {
        "type": "origins:action_over_time",
        "entity_action": {
            "type": "origins:heal",
            "amount": 1
        },
        "interval": 60,
        "condition": {
            "type": "origins:resource",
            "resource": "manhunt:gambler/draw/heart_upgrade",
            "comparison": "==",
            "compare_to": 2
        }
    },
    "message": {
        "type": "origins:action_on_callback",
        "entity_action_gained": {
            "type": "origins:and",
            "actions": [
                {
                    "type": "origins:execute_command",
                    "command": "tellraw @s [\"\",{\"text\":\"YOU DREW A \"},{\"text\":\"HEART\",\"color\":\"red\"},{\"text\":\"! WHAT A CHANGE OF \"},{\"text\":\"HEART\",\"color\":\"red\"},{\"text\":\"! \"}]",
                    "permission_level": 4
                },
                {
                    "type": "origins:execute_command",
                    "command": "summon item_display ~ ~5 ~ {Glowing:1b,glow_color_override:1b,billboard:\"vertical\",Tags:[\"heart_card\",\"card\"],transformation:{left_rotation:[0f,0f,0f,1f],right_rotation:[0f,0f,0f,1f],translation:[0f,0f,0f],scale:[3f,3f,3f]},item:{id:\"minecraft:paper\",Count:1b,tag:{CustomModelData:1,Enchantments:[{}]}}}",
                    "permission_level": 4
                },
                {
                    "type": "origins:spawn_entity",
                    "entity_type": "minecraft:armor_stand",
                    "tag": "{Marker:1b,Invisible:1b,Tags:[\"card_delete\"]}",
                    "entity_action":{
                        "type": "origins:execute_command",
                        "command": "power grant @s manhunt:gambler/draw/card_delete",
                        "permission_level": 4
                    }
                },
                {
                    "type": "origins:execute_command",
                    "command": "particle minecraft:crimson_spore ~ ~5 ~ 0 0 0 1 100 force @a",
                    "permission_level": 4
                },
                {
                    "type": "origins:execute_command",
                    "command": "tellraw @s {\"text\":\"(Regeneration)\",\"bold\":true,\"italic\":true}"
                }
            ]
        },
        "entity_action_removed": {
            "type": "origins:and",
            "actions": [
                {
                    "type": "origins:execute_command",
                    "command": "tag @s remove heart1",
                    "permission_level": 4
                },
                {
                    "type": "origins:execute_command",
                    "command": "tag @s remove heart2",
                    "permission_level": 4
                }
            ]
        }
    },
    "particles": {
        "type": "origins:action_over_time",
        "entity_action": {
            "type": "origins:execute_command",
            "command": "particle minecraft:heart ~ ~ ~ 0.5 1 0.5 1 10"
        },
        "interval": 10
    },
    "duration_down": {
        "type": "origins:action_over_time",
        "entity_action": {
            "type": "origins:change_resource",
            "resource": "manhunt:gambler/draw/heart_duration",
            "change": -10
        },
        "interval": 10
    },
    "hidden": true
}