{
    "type": "origins:multiple",
    "duration": {
        "type": "origins:resource",
        "min": 0,
        "max": 300,
        "start_value": 300,
        "hud_render": {
            "sprite_location": "manhunt:textures/gambler_02.png",
            "bar_index": 0,
            "should_render": true
        },
        "min_action": {
            "type": "origins:execute_command",
            "command": "power remove @s manhunt:gambler/draw/spade"
        }
    },
    "upgrade": {
        "type": "origins:resource",
        "min": 0,
        "max": 2,
        "start_value": 0,
        "hud_render": {
            "should_render": false,
            "sprite_location": "origins:textures/gui/community/huang/resource_bar_02.png",
            "bar_index": 5
        }
    },
    "message": {
        "type": "origins:action_on_callback",
        "entity_action_gained": {
            "type": "origins:and",
            "actions": [
                {
                    "type": "origins:execute_command",
                    "command": "tellraw @s [\"\",{\"text\":\"YOU DREW A \"},{\"text\":\"SPADE\",\"color\":\"gray\"},{\"text\":\"! TIME TO BE A JACK OF ALL \"},{\"text\":\"SPADES\",\"color\":\"gray\"},{\"text\":\"! \"}]",
                    "permission_level": 4
                },
                {
                    "type": "origins:execute_command",
                    "command": "summon item_display ~ ~5 ~ {Glowing:1b,glow_color_override:1b,billboard:\"vertical\",Tags:[\"diamond_card\",\"card\"],transformation:{left_rotation:[0f,0f,0f,1f],right_rotation:[0f,0f,0f,1f],translation:[0f,0f,0f],scale:[3f,3f,3f]},item:{id:\"minecraft:paper\",Count:1b,tag:{CustomModelData:4,Enchantments:[{}]}}}",
                    "permission_level": 4
                },
                {
                    "type": "origins:spawn_entity",
                    "entity_type": "minecraft:armor_stand",
                    "tag": "{Marker:1b,Invisible:1b,Tags:[\"card_delete\"]}",
                    "entity_action": {
                        "type": "origins:execute_command",
                        "command": "power grant @s manhunt:gambler/draw/card_delete",
                        "permission_level": 4
                    }
                },
                {
                    "type": "origins:execute_command",
                    "command": "tellraw @s {\"text\":\"(+Atk)\",\"bold\":true,\"italic\":true}"
                }
            ]
        },
        "entity_action_removed": {
            "type": "origins:and",
            "actions": [
                {
                    "type": "origins:execute_command",
                    "command": "tag @s remove spade1",
                    "permission_level": 4
                },
                {
                    "type": "origins:execute_command",
                    "command": "tag @s remove spade2",
                    "permission_level": 4
                }
            ]
        }
    },
    "more_attack": {
        "type": "origins:modify_damage_dealt",
        "modifier": {
            "operation": "addition",
            "value": 2
        }
    },
    "more_attack1": {
        "type": "origins:modify_damage_dealt",
        "modifier": {
            "operation": "addition",
            "value": 1
        },
        "condition": {
            "type": "origins:resource",
            "resource": "manhunt:gambler/draw/spade_upgrade",
            "comparison": ">=",
            "compare_to": 1
        }
    },
    "more_attack2": {
        "type": "origins:modify_damage_dealt",
        "modifier": {
            "operation": "addition",
            "value": 1
        },
        "condition": {
            "type": "origins:resource",
            "resource": "manhunt:gambler/draw/spade_upgrade",
            "comparison": "==",
            "compare_to": 2
        }
    },
    "particles": {
        "type": "origins:action_over_time",
        "entity_action": {
            "type": "origins:execute_command",
            "command": "particle minecraft:damage_indicator ~ ~ ~ 0.5 1 0.5 1 10"
        },
        "interval": 10
    },
    "duration_down": {
        "type": "origins:action_over_time",
        "entity_action": {
            "type": "origins:change_resource",
            "resource": "manhunt:gambler/draw/spade_duration",
            "change": -10
        },
        "interval": 10
    },
    "hidden": true
}