{
    "type": "origins:multiple",
    "reach":{
        "type": "origins:attribute",
        "modifiers": [
          {
            "name": "Less block reach",
            "attribute": "reach-entity-attributes:reach",
            "value": -0.5,
            "operation": "addition"
          },
          {
            "name": "less attack speed",
            "attribute": "minecraft:generic.attack_speed",
            "value": -0.3,
            "operation": "addition"
          }
        ]
    },
    "name": "Fulfilled Hands",
    "description": "While you have a capable reach for items and allies, your attacks do not retain this property.",
    "badges": [
        {
            "type": "origins:tooltip",
            "sprite": "origins:textures/gui/badge/star.png",
            "text": "§c§lFulfilled Hands ✊§r\n§7Attack Speed is reduced by §r§c-0.3§r§7.\n§7Block Reach is reduced by §r§c-0.5§r§7.\n\n§7§lPassive Ability"
        }
    ]
}