{
    "type": "origins:multiple",
    "fog": {
        "type": "moborigins:fog",
        "red": 0,
        "green": 0,
        "blue": 0,
        "start": -1,
        "end": 6
    },
    "particles": {
		"type": "origins:action_over_time",
		"entity_action": {
            "type": "origins:execute_command",
            "command": "particle minecraft:soul ~ ~1 ~ 0.1 0.1 0.1 0.4 2"
        },
		"interval": 1
	},
    "no_atk_speed": {
        "type": "origins:attribute",
        "modifier": {
            "name": "Decrease speed",
            "attribute": "minecraft:generic.attack_speed",
            "value": -3,
            "operation": "multiply_total"
        }
    },
    "no_ability":{
        "type": "eggolib:prevent_key_use",
        "key": "key.origins.primary_active"
    },
    "no_move": {
        "type": "origins:modify_velocity",
        "modifier": {
            "value": -1,
            "operation": "multiply_total"
        },
        "axes": [
            "x",
            "y",
            "z"
        ]
    },
    "activate": {
        "type": "origins:active_self",
        "entity_action": {
            "type": "origins:and",
            "actions": [
                {
                    "type": "origins:raycast",
                    "distance": 64,
                    "block": false,
                    "entity": true,
                    "shape_type": "visual",
                    "fluid_handling": "any",
                    "bientity_action": {
                        "type": "origins:and",
                        "actions": [
                            {
                                "type": "origins:target_action",
                                "action": {
                                    "type": "origins:and",
                                    "actions": [
                                        {
                                            "type": "origins:execute_command",
                                            "command": "power grant @s manhunt:ritualist/ritual/preyed"
                                        },
                                        {
                                            "type": "origins:execute_command",
                                            "command": "playsound minecraft:block.sculk_catalyst.bloom player @a ~ ~ ~ 3 2"
                                        }
                                    ]
                                }
                            },
                            {
                                "type": "origins:actor_action",
                                "action": {
                                    "type": "origins:and",
                                    "actions": [
                                        {
                                            "type": "origins:change_resource",
                                            "resource": "manhunt:ritualist/sacrifice_souls",
                                            "change": -5
                                        }
                                    ]
                                }
                            }
                        ]
                    },
                    "bientity_condition": {
                        "type": "origins:and",
                        "conditions": [
                            {
                                "type": "origins:target_condition",
                                "condition": {
                                    "type": "origins:and",
                                    "conditions": [
                                        {
                                            "type": "origins:origin",
                                            "origin": "manhunt:runner",
                                            "layer": "origins:origin"
                                        }
                                    ]
                                }
                            },
                            {
                                "type": "origins:actor_condition",
                                "condition": {
                                    "type": "origins:resource",
                                    "resource": "manhunt:ritualist/sacrifice_souls",
                                    "comparison": ">=",
                                    "compare_to": 5
                                }
                            },
                            {
                                "type": "origins:distance",
                                "comparison": "<=",
                                "compare_to": 64
                            }
                        ]
                    },
                    "command_step": 1,
                    "command_along_ray_only_on_hit": true
                }
            ]
        },
        "key": {
            "key": "key.attack"
        },
        "cooldown": 1,
        "hud_render": {
            "should_render": false
        }
    },
    "glow": {
        "type": "origins:entity_glow",
        "bientity_condition": {
            "type": "origins:and",
            "conditions": [
                {
                    "type": "origins:target_condition",
                    "condition": {
                        "type": "origins:and",
                        "conditions": [
                            {
                                "type": "origins:origin",
                                "origin": "manhunt:runner",
                                "layer": "origins:origin"
                            }
                        ]
                    }
                },
                {
                    "type": "origins:distance",
                    "comparison": "<=",
                    "compare_to": 64
                }
            ]
        },
        "use_teams": false,
        "red": 0.6,
        "green": 0.0,
        "blue": 1.0
    },
    "hidden": true
}