{
    "type": "origins:multiple",
    "landing": {
        "type": "origins:action_over_time",
        "entity_action": {
            "type": "origins:execute_command",
            "command": "power remove @s manhunt:imp/portal/portal_effects"
        },
        "interval": 5,
        "condition": {
            "type": "origins:and",
            "conditions": [
                {
                    "type": "origins:on_block"
                },
                {
                    "type": "origins:dimension",
                    "dimension": "minecraft:the_nether",
                    "inverted": true
                }
            ]
        }
    },
    "prevent_item": {
        "type": "origins:prevent_item_use",
        "item_condition": {
            "type": "origins:ingredient",
            "ingredient": {
                "item": "minecraft:ender_pearl"
            }
        }
    },
    "fall": {
        "type": "origins:modify_falling",
        "velocity": 0.02,
        "take_fall_damage": false,
        "condition": {
            "type": "origins:dimension",
            "dimension": "minecraft:the_nether",
            "inverted": true
        }
    },
    "duration": {
        "type": "origins:resource",
        "min": 0,
        "max": 100,
        "start_value": 100,
        "hud_render": {
            "should_render": false
        },
        "min_action": {
            "type": "origins:execute_command",
            "command": "power remove @s manhunt:imp/portal/portal_effects"
        }
    },
    "duration_down": {
        "type": "origins:action_over_time",
        "entity_action": {
            "type": "origins:change_resource",
            "resource": "manhunt:imp/portal/portal_effects_duration",
            "change": -10
        },
        "interval": 10,
        "condition": {
            "type": "origins:dimension",
            "dimension": "minecraft:the_nether"
        }
    },
    "fly": {
        "type": "origins:active_self",
        "entity_action": {
            "type": "origins:add_velocity",
            "z": 0.7,
            "set": true,
            "space": "local"
        },
        "cooldown": 1,
        "hud_render": {
            "should_render": false
        },
        "key": {
            "key": "key.forward",
            "continuous": true
        },
        "condition": {
            "type": "origins:dimension",
            "dimension": "minecraft:the_nether"
        }
    },
    "air_speed": {
        "type": "origins:modify_falling",
        "velocity": 0.0001,
        "take_fall_damage": false,
        "condition": {
            "type": "origins:dimension",
            "dimension": "minecraft:the_nether"
        }
    },
    "cant_dealdmg": {
        "type": "origins:modify_damage_dealt",
        "modifier": {
            "operation": "multiply_total",
            "value": -1
        },
        "condition": {
            "type": "origins:dimension",
            "dimension": "minecraft:the_nether"
        }
    },
    "cant_be_damaged": {
        "type": "origins:modify_damage_taken",
        "modifier": {
            "operation": "multiply_total",
            "value": -1
        },
        "condition": {
            "type": "origins:dimension",
            "dimension": "minecraft:the_nether"
        }
    },
    "less_speed": {
        "type": "origins:attribute",
        "modifier": {
            "name": "Movement speed decrease",
            "attribute": "minecraft:generic.movement_speed",
            "value": -1,
            "operation": "multiply_total"
        },
        "condition": {
            "type": "origins:dimension",
            "dimension": "minecraft:the_nether"
        }
    },
    "invisible": {
        "type": "origins:invisibility",
        "render_armor": false,
        "condition": {
            "type": "origins:dimension",
            "dimension": "minecraft:the_nether"
        }
    },
    "held_item":{
        "type": "origins:prevent_feature_render",
        "features": [
            "armor",
            "held_item"
        ],
        "condition": {
            "type": "origins:dimension",
            "dimension": "minecraft:the_nether"
        }
    },
    "particles": {
        "type": "origins:action_over_time",
        "interval": 1,
        "entity_action": {
            "type": "origins:execute_command",
            "permission_level": 4,
            "command": "particle minecraft:soul_fire_flame ~ ~1 ~ 0.1 0.1 0.1 0 1 force @a"
        },
        "condition": {
            "type": "origins:dimension",
            "dimension": "minecraft:the_nether"
        }
    },
    "hidden": true
}