{
    "type": "origins:multiple",
    "duration": {
        "type": "origins:resource",
        "min": 0,
        "max": 140,
        "start_value": 0,
        "hud_render": {
            "should_render": false
        }
    },
    "duration_down": {
        "type": "origins:action_over_time",
        "entity_action":  {
            "type": "origins:change_resource",
            "resource": "manhunt:chef/thrill_duration",
            "change": -10,
            "operation": "add"
        },
        "interval": 10,
        "condition": {
            "type": "origins:resource",
            "resource": "manhunt:chef/thrill_duration",
            "comparison": ">",
            "compare_to": 0
        }
    },
    "hit": {
        "type": "origins:self_action_when_hit",
        "entity_action": {
            "type": "origins:change_resource",
            "resource": "manhunt:chef/thrill_duration",
            "change": 140,
            "operation": "set"
        },
        "damage_condition": {
            "type": "origins:amount",
            "comparison": ">=",
            "compare_to": 1.0
        },
        "cooldown": 1
    },
    "healing":{
        "type": "origins:modify_healing",
        "modifier": {
            "operation": "multiply_total",
            "value": -0.5
        },
        "condition": {
            "type": "origins:resource",
            "resource": "manhunt:chef/thrill_duration",
            "comparison": ">",
            "compare_to": 0
        }
    },
    "fod":{
        "type": "origins:modify_food",
        "entity_action": {
            "type": "origins:change_resource",
            "resource": "manhunt:chef/thrill_duration",
            "change": 0,
            "operation": "set"
        }
    },
    "name": "The Thrill of Cuisine",
    "description": "Whilst in battle, it isn't as easy to enjoy the smaller details of a meal",
    "badges": [
        {
            "type": "origins:tooltip",
            "sprite": "origins:textures/gui/community/silent/badge/shapes/arrow_down.png",
            "text": "§c§lThrilled ⏬§r§7\nRegeneration is cut by §c-50%§r§7 for after taking damage from an entity.\nEating food will cut the delay §nentirely§r.\n\n§c🕕§r§7 Duration: §r§f7s§r\n\n§7§lPassive Ability"
        }
    ]
}