{
    "type": "origins:multiple",
    "activate": {
        "type": "origins:active_self",
        "entity_action": {
            "type": "origins:and",
            "actions": [
                {
                    "type": "origins:damage",
                    "amount": 19,
                    "damage_type": "manhunt:bleeding"
                },
                {
                    "type": "origins:execute_command",
                    "command": "power grant @s manhunt:berserker/beast/beast_effects"
                },
                {
                    "type": "origins:execute_command",
                    "command": "playsound minecraft:entity.hoglin.converted_to_zombified player @a ~ ~ ~ 5 0.5"
                },
                {
                    "type": "origins:execute_command",
                    "command": "tp @s ~ ~ ~ ~ -180"
                }
            ]
        },
        "key": {
            "key": "key.origins.secondary_active"
        },
        "cooldown": 10,
        "hud_render": {
            "should_render": false
        },
        "condition": {
            "type": "origins:and",
            "conditions": [
                {
                    "type": "origins:health",
                    "comparison": ">=",
                    "compare_to": 20
                },
                {
                    "type": "origins:on_block"
                }
            ]
        }
    },
    "name": "THE BEAST INSIDE",
    "description": "For the price of your life, you unleash the unstoppable beast within to be granted extreme strength.",
    "badges": [
        {
            "type": "origins:tooltip",
            "sprite": "origins:textures/gui/badge/star.png",
            "text": "Sacrifice all your health to become unkillable for 15 seconds."
        },
        {
            "type": "origins:tooltip",
            "sprite": "origins:textures/gui/badge/star.png",
            "text": "Unstoppable: 10 seconds of +3 damage and 30% more movement speed."
        },
        {
            "type": "origins:keybind",
            "sprite": "origins:textures/gui/badge/toggle.png",
            "text": "Unleash with %s!"
        }
    ]
}