{
    "type": "origins:multiple",
    "roar": {
        "type": "origins:resource",
        "min": 0,
        "max": 60,
        "start_value": 60,
        "hud_render": {
            "should_render": false
        }
    },
    "roar_down": {
        "type": "origins:action_over_time",
        "entity_action": {
            "type": "origins:change_resource",
            "resource": "manhunt:berserker/beast/beast_effects_roar",
            "change": -10
        },
        "interval": 10
    },
    "duration": {
        "type": "origins:resource",
        "min": 0,
        "max": 350,
        "start_value": 350,
        "hud_render": {
            "should_render": true,
            "sprite_location": "manhunt:textures/bars/berserker/berserker.png",
            "bar_index": 2
        },
        "min_action": {
            "type": "origins:and",
            "actions": [
                {
                    "type": "origins:execute_command",
                    "command": "power remove @s manhunt:berserker/beast/beast_effects_unstoppable"
                },
                {
                    "type": "origins:change_resource",
                    "resource": "manhunt:berserker/beast/beast_effects_weaker",
                    "change": 140
                }
            ]
        }
    },
    "duration_down": {
        "type": "origins:action_over_time",
        "entity_action": {
            "type": "origins:change_resource",
            "resource": "manhunt:berserker/beast/beast_effects_duration",
            "change": -10
        },
        "interval": 10
    },
    "weaker": {
        "type": "origins:resource",
        "min": 0,
        "max": 140,
        "start_value": 0,
        "hud_render": {
            "should_render": false
        },
        "min_action": {
            "type": "origins:execute_command",
            "command": "power remove @s manhunt:berserker/beast/beast_effects"
        }
    },
    "weaker_tick":{
        "type": "origins:action_over_time",
        "entity_action": {
            "type": "origins:change_resource",
            "resource": "manhunt:berserker/beast/beast_effects_weaker",
            "change": -10
        },
        "interval": 10
    },
    "slower_speed": {
        "type": "origins:conditioned_attribute",
        "modifier": {
            "name": "Increase movement speed",
            "attribute": "minecraft:generic.movement_speed",
            "value": -0.3,
            "operation": "multiply_total"
        },
        "condition": {
            "type": "origins:resource",
            "resource": "manhunt:berserker/beast/beast_effects_weaker",
            "comparison": ">",
            "compare_to": 0
        }
    },
    "slower_air": {
        "type": "origins:modify_velocity",
        "axes": [
            "z",
            "x"
        ],
        "modifier": {
            "operation": "multiply_total",
            "value": -0.15
        },
        "condition": {
            "type": "origins:and",
            "conditions": [
                {
                    "type": "origins:on_block",
                    "inverted": true
                },
                {
                    "type": "origins:resource",
                    "resource": "manhunt:berserker/beast/beast_effects_weaker",
                    "comparison": ">",
                    "compare_to": 0
                }
            ]
        }
    },
    "hits": {
        "type": "origins:resource",
        "min": 0,
        "max": 3,
        "start_value": 0,
        "hud_render": {
            "should_render": false
        }
    },
    "roar_immobile": {
        "type": "origins:modify_velocity",
        "axes": [
            "z",
            "x"
        ],
        "modifier": {
            "operation": "multiply_total",
            "value": -1
        },
        "condition": {
            "type": "origins:resource",
            "resource": "manhunt:berserker/beast/beast_effects_roar",
            "comparison": ">",
            "compare_to": 0
        }
    },
    "roar_camera": {
        "type": "eggolib:modify_mouse_sensitivity",
        "modifier": {
            "operation": "multiply_total_multiplicative",
            "value": -1
        },
        "condition": {
            "type": "origins:resource",
            "resource": "manhunt:berserker/beast/beast_effects_roar",
            "comparison": ">=",
            "compare_to": 40
        }
    },
    "particle": {
        "type": "origins:action_over_time",
        "entity_action": {
            "type": "origins:and",
            "actions": [
                {
                    "type": "origins:execute_command",
                    "command": "particle minecraft:crimson_spore ~ ~1 ~ 0.1 0.1 0.1 1 10",
                    "permission_level": 4
                },
                {
                    "type": "origins:execute_command",
                    "command": "particle minecraft:poof ~ ~1 ~ 0.1 0.1 0.1 1 1",
                    "permission_level": 4
                },
                {
                    "type": "origins:area_of_effect",
                    "radius": 4,
                    "bientity_action": {
                        "type": "origins:add_velocity",
                        "z": 0.2
                    },
                    "bientity_condition": {
                        "type": "origins:can_see"
                    }
                }
            ]
        },
        "interval": 1,
        "condition": {
            "type": "origins:resource",
            "resource": "manhunt:berserker/beast/beast_effects_roar",
            "comparison": ">",
            "compare_to": 0
        }
    },
    "roar_waves": {
        "type": "origins:action_over_time",
        "entity_action": {
            "type": "origins:spawn_entity",
            "entity_type": "minecraft:armor_stand",
            "tag": "{NoGravity:1b,Silent:1b,Invulnerable:1b,Marker:1b,Invisible:1b,Tags:[\"roar\"],Passengers:[{id:\"minecraft:item_display\",billboard:\"vertical\",start_interpolation:-1,Tags:[\"roar\"],transformation:{left_rotation:[0f,0f,0f,1f],right_rotation:[0f,0f,0f,1f],translation:[0f,2.4f,0f],scale:[0.5f,0.5f,1f]},item:{id:\"minecraft:redstone\",Count:1b,tag:{CustomModelData:1}}}]}",
            "entity_action": {
                "type": "origins:and",
                "actions": [
                    {
                        "type": "origins:execute_command",
                        "command": "power grant @s manhunt:berserker/beast/delete_wave",
                        "permission_level": 4
                    },
                    {
                        "type": "origins:execute_command",
                        "command": "execute on passengers run data modify entity @s Rotation set value [0f,0f]",
                        "permission_level": 4
                    },
                    {
                        "type": "origins:execute_command",
                        "command": "execute on passengers run data modify entity @s interpolation_duration set value 10",
                        "permission_level": 4
                    },
                    {
                        "type": "origins:execute_command",
                        "command": "execute on passengers run data modify entity @s transformation.scale set value [5f,5f,1f]",
                        "permission_level": 4
                    }
                ]
            }
        },
        "interval": 4,
        "condition": {
            "type": "origins:resource",
            "resource": "manhunt:berserker/beast/beast_effects_roar",
            "comparison": ">",
            "compare_to": 0
        }
    },
    "unstoppable":{
        "type": "origins:prevent_death"
    },
    "movement_speed": {
        "type": "origins:conditioned_attribute",
        "modifier": {
            "name": "Increase movement speed",
            "attribute": "minecraft:generic.movement_speed",
            "value": 0.3,
            "operation": "multiply_total"
        },
        "condition": {
            "type": "origins:and",
            "conditions": [
                {
                    "type": "origins:resource",
                    "resource": "manhunt:berserker/beast/beast_effects_roar",
                    "comparison": "==",
                    "compare_to": 0
                },
                {
                    "type": "origins:resource",
                    "resource": "manhunt:berserker/beast/beast_effects_duration",
                    "comparison": ">",
                    "compare_to": 0
                }
            ]
        }
    },
    "air_speed": {
        "type": "origins:modify_velocity",
        "axes": [
            "z",
            "x"
        ],
        "modifier": {
            "operation": "multiply_total",
            "value": 0.15
        },
        "condition": {
            "type": "origins:and",
            "conditions": [
                {
                    "type": "origins:on_block",
                    "inverted": true
                },
                {
                    "type": "origins:resource",
                    "resource": "manhunt:berserker/beast/beast_effects_roar",
                    "comparison": "==",
                    "compare_to": 0
                },
                {
                    "type": "origins:resource",
                    "resource": "manhunt:berserker/beast/beast_effects_duration",
                    "comparison": ">",
                    "compare_to": 0
                }
            ]
        }
    },
    "more_damage": {
        "type": "origins:modify_damage_dealt",
        "modifier": {
            "operation": "addition",
            "value": 3
        },
        "condition": {
            "type": "origins:and",
            "conditions": [
                {
                    "type": "origins:resource",
                    "resource": "manhunt:berserker/beast/beast_effects_roar",
                    "comparison": "==",
                    "compare_to": 0
                },
                {
                    "type": "origins:resource",
                    "resource": "manhunt:berserker/beast/beast_effects_duration",
                    "comparison": ">",
                    "compare_to": 0
                }
            ]
        }
    },
    "no_heal": {
        "type": "origins:modify_healing",
        "modifier": {
            "operation": "multiply_total",
            "value": -1
        }
    },
    "particles": {
        "type": "origins:particle",
        "particle": "minecraft:crimson_spore",
        "frequency": 1
    },
    "hidden": true
}