{
    "type": "origins:multiple",
    "activate": {
        "type": "origins:active_self",
        "entity_action": {
            "type": "origins:and",
            "actions": [
                {
                    "type": "origins:if_else",
                    "condition": {
                        "type": "origins:relative_health",
                        "comparison": ">=",
                        "compare_to": 0.75
                    },
                    "if_action": {
                        "type": "origins:damage",
                        "modifier":{ 
                            "operation": "multiply_total_multiplicative",
                            "value": -0.5
                        },
                        "damage_type": "manhunt:bleeding"
                    }
                },
                {
                    "type": "origins:execute_command",
                    "command": "power grant @s manhunt:berserker/beast/beast_effects"
                },
                {
                    "type": "origins:execute_command",
                    "command": "playsound minecraft:entity.hoglin.converted_to_zombified player @a ~ ~ ~ 5 0.5"
                },
                {
                    "type": "origins:execute_command",
                    "command": "tp @s ~ ~ ~ ~ -180"
                }
            ]
        },
        "key": {
            "key": "key.origins.secondary_active"
        },
        "cooldown": 1200,
        "hud_render": {
            "sprite_location": "origins:textures/gui/community/spiderkolo/resource_bar_02.png",
            "bar_index": 1,
            "should_render": true
        },
        "condition": {
            "type": "origins:power",
            "power": "manhunt:berserker/beast/beast_effects",
            "inverted": true
        }
    },
    "name": "THE BEAST INSIDE",
    "description": "For the price of your life, you unleash the unstoppable beast within to be granted extreme strength.",
    "badges": [
        {
            "type": "origins:tooltip",
            "sprite": "origins:textures/gui/badge/star.png",
            "text": "Sacrifice the ability to regenerate to become enraged, increasing your speed.\nAfter 10 seconds, you will become weakened (see \"weakened\" badge)."
        },
        {
            "type": "origins:tooltip",
            "sprite": "origins:textures/gui/community/silent/badge/shapes/arrow_down.png",
            "text": "Weakened: 7s of 40% less speed and remain unable to heal."
        },
        {
            "type": "origins:tooltip",
            "sprite": "origins:textures/gui/badge/arrow_up.png",
            "text": "Unstoppable: +10% Movement Speed & +5% Air Speed. Heal 1 Heart on crit, doubles to 2 Hearts if target is Wounded.\nAdditionally, you can use wounding axe without being slowed down."
        },
        {
            "type": "origins:tooltip",
            "sprite": "origins:textures/gui/badge/toggle.png",
            "text": [
                "Unleash with \"",
                {
                    "keybind": "key.origins.secondary_active"
                },
                "\"!\n(If you are above 75% upon activation, your health is reduced by 50%)"
            ]
        }
    ]
}