{
    "type": "origins:multiple",
    "duration": {
        "type": "origins:resource",
        "min": 0,
        "max": 200,
        "start_value": 200,
        "hud_render": {
            "should_render": true,
            "sprite_location": "origins:textures/gui/community/spiderkolo/resource_bar_02.png",
            "bar_index": 4
        },
        "min_action": {
            "type": "origins:execute_command",
            "command": "power remove @s manhunt:berserker/beast/beast_effects"
        }
    },
    "duration_down": {
        "type": "origins:action_over_time",
        "entity_action": {
            "type": "origins:change_resource",
            "resource": "manhunt:berserker/beast/beast_effects_duration",
            "change": -10
        },
        "interval": 10
    },
    "movement_speed": {
        "type": "origins:attribute",
        "modifier": {
            "name": "Increase movement speed",
            "attribute": "minecraft:generic.movement_speed",
            "value": 0.2,
            "operation": "multiply_total"
        }
    },
    "more_damage": {
        "type": "origins:modify_damage_dealt",
        "modifier": {
            "operation": "addition",
            "value": 3
        }
    },
    "particles": {
        "type": "origins:particle",
        "particle": "minecraft:crimson_spore",
        "frequency": 1
    },
    "hidden": true
}