{
    "type": "origins:multiple",
    "activate": {
        "type": "origins:active_self",
        "entity_action": {
            "type": "origins:and",
            "actions": [
                {
                    "type": "origins:execute_command",
                    "command": "power grant @s manhunt:berserker/beast/beast_effects"
                }, 
                {
                    "type": "origins:damage",
                    "amount": 10,
                    "source": {
                        "name": "generic.player",
                        "bypasses_armor": true,
                        "unblockable": true
                    }
                },
                {
                    "type": "origins:execute_command",
                    "command": "particle minecraft:small_flame ~ ~ ~ 0.4 0 0.4 0.1 20"
                },
                {
                    "type": "origins:execute_command",
                    "command": "particle minecraft:dust_color_transition 1 0 0 1 1 0.5 0 ~ ~ ~ 0.4 0 0.4 0.1 20"
                },
                {
                    "type": "origins:execute_command",
                    "command": "particle minecraft:item minecraft:gilded_blackstone ~ ~1 ~ 0.5 0.3 0.5 0.1 30"
                },
                {
                    "type": "origins:execute_command",
                    "command": "particle minecraft:item minecraft:shroomlight ~ ~1 ~ 0.5 0.3 0.5 0.1 30"
                },
                {
                    "type": "origins:execute_command",
                    "command": "particle minecraft:item minecraft:gilded_blackstone ~ ~1 ~ 0.5 0.3 0.5 0.1 100"
                },
                {
                    "type": "origins:execute_command",
                    "command": "playsound minecraft:entity.warden.sniff player @a[distance=..16] ~ ~ ~ 3 2 1"
                },
                {
                    "type": "origins:execute_command",
                    "command": "playsound minecraft:entity.vindicator.death player @a[distance=..16] ~ ~ ~ 3 0.5 1"
                }
            ]
        },
        "key": {
            "key": "key.origins.primary_active"
        },
        "cooldown": 600,
        "hud_render": {
            "sprite_location": "origins:textures/gui/community/huang/resource_bar_02.png",
            "bar_index": 5,
            "should_render": true
        },
        "condition": {
            "type": "origins:health",
            "comparison": ">",
            "compare_to": 10
        }
    },
    "risk":{
        "type": "origins:modify_damage_dealt",
        "modifier": {
            "operation": "addition",
            "value": -2
        },
        "condition": {
            "type": "origins:power",
            "power": "manhunt:berserker/beast/beast_effects",
            "inverted": true
        }
    },
    "name": "§l§nTHE BEAST INSIDE",
    "description": "Sacrificing half your HP puts you in a frenzy, however you lose health if you are not in frenzy you are weaker.",
    "badges": [
        {
            "type": "origins:tooltip",
            "sprite": "origins:textures/gui/badge/star.png",
            "text": "With Frenzy: 10 seconds of +3 damage and 20% more movement speed.\n\nWithout Frenzy: passive -2 damage."
        },
        {
            "type": "origins:keybind",
            "sprite": "origins:textures/gui/badge/toggle.png",
            "text": "Unleash with %s!"
        },
        {
            "type": "origins:tooltip",
            "sprite": "manhunt:textures/icons/cooldown.png",
            "text": "Cooldown : 30s"
        }
    ]
}