{
    "type": "origins:multiple",
    "activate": {
        "type": "origins:active_self",
        "entity_action": {
            "type": "origins:and",
            "actions": [
                {
                    "type": "origins:spawn_entity",
                    "entity_type": "minecraft:pig",
                    "tag": "{Saddle:1b,Passengers:[{id:\"minecraft:armor_stand\",Invulnerable:1b,Tags:[\"bacont\"],DisabledSlots:4144959,CustomName:'{\"text\":\"bacont\"}'}]}",
                    "entity_action": {
                        "type": "origins:and",
                        "actions": [
                            {
                                "type": "origins:execute_command",
                                "command": "power grant @s manhunt:engineer/bacont/pig",
                                "permission_level": 4
                            }
                        ]
                    }
                },
                {
                    "type": "origins:execute_command",
                    "command": "forceload add ~ ~ ~ ~",
                    "permission_level": 4
                },
                {
                    "type": "origins:execute_command",
                    "command": "power grant @a[tag=runner] manhunt:stop_forceload"
                }
            ]
        },
        "key": {
            "key": "key.origins.secondary_active"
        },
        "cooldown": 12000,
        "hud_render": {
            "sprite_location": "origins:textures/gui/community/huang/resource_bar_02.png",
            "bar_index": 20,
            "should_render": true
        }
    },
    "name": "§l§nBACON-T",
    "description": "Using the secondary ability key, you can summon your little friend: BACON-T! Interacting with them will put yourself and the closest runneer into a simulation. Fight for your life and winning will grant you buffs and weaken the runner."
}