{
    "type": "origins:multiple",
    "activate": {
        "type": "origins:active_self",
        "entity_action": {
            "type": "origins:and",
            "actions": [
                {
                    "type": "origins:spawn_entity",
                    "entity_type": "minecraft:pig",
                    "tag": "{Saddle:1b,Passengers:[{id:\"minecraft:armor_stand\",Invulnerable:1b,Tags:[\"bacont\"],DisabledSlots:4144959,CustomName:'{\"text\":\"bacont\"}'}]}",
                    "entity_action": {
                        "type": "origins:and",
                        "actions": [
                            {
                                "type": "origins:execute_command",
                                "command": "power grant @s manhunt:engineer/bacont/pig",
                                "permission_level": 4
                            }
                        ]
                    }
                },
                {
                    "type": "origins:execute_command",
                    "command": "forceload add ~ ~ ~ ~",
                    "permission_level": 4
                }
            ]
        },
        "key": {
            "key": "key.origins.secondary_active"
        },
        "cooldown": 6000,
        "hud_render":{
            "sprite_location": "manhunt:textures/bars/engineer/engineer.png",
            "bar_index": 2,
            "should_render": true
        }
    },
    "name": "BACON-T",
    "description": "You can summon your little friend: BACON-T! Interacting with them will put yourself and the closest runner into a simulation. Whomever wins, gets a temporary buff",
    "badges": [
        {
            "type": "origins:tooltip",
            "sprite": "origins:textures/gui/badge/star.png",
            "text": "Winner Buff: Increase Max Health, Strength II, Speed III, Resistance I.\nLoser Nerf: Slowness III, Weakness II, Glowing."
        },
        {
            "type": "origins:keybind",
            "sprite": "origins:textures/gui/badge/toggle.png",
            "text": "Summon with %s!"
        },
        {
            "type": "origins:tooltip",
            "sprite": "manhunt:textures/icons/cooldown.png",
            "text": "Cooldown: 5m"
        }
    ]
}