{
    "type":"origins:modify_damage_taken",
    "modifier":{
      "value": 0.5,
      "operation":"multiply_total"
    },
    "damage_condition":{
      "type":"origins:or",
      "conditions":[
        {
          "type": "origins:name",
          "name": "arrow"
        },
        {
          "type": "origins:name",
          "name": "explosion"
        },
        {
          "type": "origins:name",
          "name": "explosion.player"
        },
        {
          "type": "origins:name",
          "name": "fireworks"
        }
      ]
    },
    "name": "Explorer's weakness",
    "description": "Through exploration, you've come to one conclusion: Explosions and arrows are your main weaknesses. (50% more damage)"
}