{
    "type": "origins:modify_break_speed",
    "modifier": {
        "operation": "multiply_total",
        "value": -0.5
    },
    "block_condition": {
        "type": "origins:hardness",
        "comparison": ">=",
        "compare_to": 1
    },
    "name": "Flailing Arms",
    "description": "Why break blocks if you can BLOW THEM UP?",
    "badges": [
      {
        "type": "origins:tooltip",
        "sprite": "origins:textures/gui/community/silent/badge/icons/pickaxe.png",
        "text": "§c§lFlailing 💢§r§7\nYou break blocks §r§c-50%§r§7 slower.\n\n§7§lPassive Ability"
      }
    ]
}