{
	"type": "origins:prevent_item_use",
    "name":"🚫",
	"item_condition": {
		"type": "origins:ingredient",
		"ingredient": {
			"tag": "manhunt:cant_use"
		}
	},
	"name": "Lack of knowledge",
    "description": "You've never touched a ranged weapon. For that reason, everything else than crossbows are mental gymnastics to you.",
    "badges": [
        {
            "type": "origins:tooltip",
            "sprite": "origins:textures/gui/community/silent/badge/shapes/arrow_down.png",
            "text": "Additionally, can't use ender pearls, eggs and snowballs."
        }
    ]
}