{
    "type": "origins:multiple",
    "unleash": {
        "type": "origins:active_self",
        "entity_action": {
            "type": "origins:and",
            "actions": [
                {
                    "type": "origins:exhaust",
                    "amount": 1.5
                },
                {
                    "type": "origins:change_resource",
                    "resource": "manhunt:fortis/stamina_warcry",
                    "change": 200,
                    "operation": "set"
                },
                {
                    "type": "origins:change_resource",
                    "resource": "manhunt:fortis/warcry/war_armor",
                    "change": 200,
                    "operation": "set"
                },
                {
                    "type": "origins:apply_effect",
                    "effect": {
                        "effect": "minecraft:absorption",
                        "duration": 200,
                        "amplifier": 0
                    }
                },
                {
                    "type": "origins:execute_command",
                    "command": "playsound minecraft:entity.evoker.prepare_attack player @a ~ ~ ~ 2 2",
                    "permission_level": 4
                },
                {
                    "type": "origins:execute_command",
                    "command": "particle minecraft:dust_color_transition 0.55 0.55 0.65 1 0.7 0.7 0.9 ~ ~1 ~ 0.3 0.3 0.3 0.3 100",
                    "permission_level": 4
                },
                {
                    "type": "origins:execute_command",
                    "command": "particle minecraft:poof ~ ~1 ~ 0 0 0 0.3 30",
                    "permission_level": 4
                },
                {
                    "type": "origins:spawn_entity",
                    "entity_type": "minecraft:vex",
                    "tag": "{Invulnerable:1b,Silent:1b,DeathLootTable:\"minecraft:empty\",NoAI:1b,CanPickUpLoot:0b,HandItems:[{id:\"minecraft:wooden_axe\",Count:1b},{}],active_effects:[{id:\"minecraft:invisibility\",amplifier:1b,duration:200,show_particles:0b,show_icon:0b,ambient:0b}]}",
                    "entity_action": {
                        "type": "origins:execute_command",
                        "command": "power grant @s manhunt:fortis/warcry/shield",
                        "permission_level": 4
                    }
                },
                {
                    "type": "origins:area_of_effect",
                    "radius": 20,
                    "bientity_action": {
                        "type": "origins:and",
                        "actions": [
                            {
                                "type": "origins:add_velocity",
                                "z": 0.5
                            },
                            {
                                "type": "origins:target_action",
                                "action": {
                                    "type": "origins:and",
                                    "actions": [
                                        {
                                            "type": "origins:execute_command",
                                            "command": "power grant @s manhunt:fortis/warcry/disabled",
                                            "permission_level": 4
                                        },
                                        {
                                            "type": "origins:modify_inventory",
                                            "item_condition": {
                                                "type": "origins:ingredient",
                                                "ingredient": {
                                                    "tag": "manhunt:fortis_disable"
                                                }
                                            },
                                            "item_action": {
                                                "type": "apugli:cooldown",
                                                "ticks": 200
                                            }
                                        }
                                    ]
                                }
                            }
                        ]
                    },
                    "bientity_condition": {
                        "type": "origins:target_condition",
                        "condition": {
                            "type": "origins:and",
                            "conditions": [
                                {
                                    "type": "origins:living"
                                },
                                {
                                    "type": "origins:origin",
                                    "origin": "manhunt:hunter",
                                    "layer": "origins:origin"
                                }
                            ]
                        }
                    }
                },
                {
					"type": "origins:spawn_entity",
					"entity_type": "minecraft:armor_stand",
					"tag": "{NoGravity:1b,Invulnerable:1b,Marker:1b,Invisible:1b,Tags:[\"fortis_wave\"],Passengers:[{id:\"minecraft:item_display\",shadow_radius:1f,start_interpolation:-1,shadow_strength:1f,Tags:[\"fortis_wave\"],transformation:{left_rotation:[0f,0f,0f,1f],right_rotation:[0f,0f,0f,1f],translation:[0f,0f,0f],scale:[2f,2f,2f]},item:{id:\"minecraft:redstone\",Count:1b,tag:{CustomModelData:2,Enchantments:[{}]}}}]}",
					"entity_action": {
						"type": "origins:and",
						"actions": [
							{
								"type": "origins:execute_command",
								"command": "tp @s ~ ~2.4 ~",
								"permission_level": 4
							},
							{
								"type": "origins:execute_command",
								"command": "power grant @s manhunt:fortis/warcry/anim",
								"permission_level": 4
							},
							{
								"type": "origins:execute_command",
								"command": "execute on passengers run data modify entity @s Rotation[1] set value 0f",
								"permission_level": 4
							},
							{
								"type": "origins:execute_command",
								"command": "execute on passengers run data modify entity @s interpolation_duration set value 20",
								"permission_level": 4
							},
							{
								"type": "origins:execute_command",
								"command": "execute on passengers run data modify entity @s transformation.scale set value [8f,8f,8f]",
								"permission_level": 4
							}
						]
					}
				}
            ]
        },
        "cooldown": 1800,
        "key": "key.origins.secondary_active",
        "hud_render": {
            "should_render": true,
            "bar_index": 0,
            "sprite_location": "manhunt:textures/bars/fortis/warcry.png"
        }
    },
    "armor": {
        "type": "origins:resource",
        "min": 0,
        "max": 200,
        "start_value": 0,
        "hud_render": {
            "should_render": false
        }
    },
    "armor_down": {
        "type": "origins:action_over_time",
        "entity_action": {
            "type": "origins:change_resource",
            "resource": "manhunt:fortis/warcry/war_armor",
            "change": -10
        },
        "interval": 10,
        "condition": {
            "type": "origins:resource",
            "resource": "manhunt:fortis/warcry/war_armor",
            "comparison": ">",
            "compare_to": 0
        }
    },
    "defense":{
        "type": "origins:conditioned_attribute",
        "attribute": "minecraft:generic.armor",
        "modifier": {
            "operation": "addition",
            "attribute": "minecraft:generic.armor",
            "name": "armor",
            "value": 3
        },
        "update_health": false,
        "tick_rate": 1,
        "condition": {
            "type": "origins:resource",
            "resource": "manhunt:fortis/warcry/war_armor",
            "comparison": ">",
            "compare_to": 0
        }
    },
    "name": "War Cry",
    "description": "Unleash a battle cry, disabling Hunters' tools for a short while.",
    "badges": [
        {
            "type": "origins:tooltip",
            "sprite": "manhunt:textures/item/fortis/wave.png",
            "text": "§b§lWar Cry 😱§r§7\nLet out a War Cry that disables all shields, bows, crossbows and tridents.\nAdditionally, you are granted +3 Armor, Absorption I and 2x Stamina bar replenishing speed.\n\n§r§c🕕§r§7 Duration: §r§f10s §r§8(Upon activation)§r\n§e⌛§r§7 Cooldown: §r§f1m30s§r§8 (Upon Activation)\n\n§7§lActive Ability"
        },
        {
            "type": "origins:keybind",
            "sprite": "origins:textures/gui/badge/toggle.png",
            "text": "§7Unleash with §r%s§7!"
        }
    ]
}