{
	"powers": [
		"manhunt:roles/rivals",
		"manhunt:berserker/berserk",
		"manhunt:berserker/beast/beast",
		"manhunt:berserker/bleeding/bleeding",
		"manhunt:berserker/horn/horn",
		"origins:no_shield",
		"origins:carnivore"
	],
	"icon": {
		"item": "minecraft:goat_horn",
		"tag": "{Enchantments:[{}],CustomModelData:1}"
	},
	"order": 10,
	"impact": 2,
	"name": "Berserker",
	"description": "         [§cRIVALS ✘§r]\nHOG RID- I mean... Ahem. BERSERKEERRRRRRRRRRRRRRRRRRR!!!"
}
