{
	"powers": [
		"manhunt:roles/pacekeeper",
		"manhunt:bomber/kamikaze",
		"manhunt:bomber/flash/flash",
		"manhunt:bomber/boom/boom",
		"manhunt:bomber/heavy",
		"manhunt:bomber/explode_armor",
		"manhunt:bomber/break_speed"
	],
	"icon": {
		"item": "minecraft:tnt_minecart",
		"tag": "{Enchantments:[{}],CustomModelData:1}"
	},
	"order": 10,
	"impact": 2,
	"name": "Bomber",
	"description": "      [§bPACEKEEPER ╬§r]\nABSOLUTE CRACKHEAD. With explosive powers, you will wonder if they're by your side or not."
}
