{
	"powers": [
		"manhunt:captain/flintlock",
		"manhunt:captain/bubble/activate",
		"manhunt:captain/boat",
		"manhunt:captain/craft",
		"manhunt:captain/nether",
		"manhunt:captain/rascal"
	],
	"icon": {
		"item": "minecraft:oak_boat",
		"tag": "{Enchantments:[{}]}"
	},
	"order": 10,
	"impact": 2,
	"name": "Captain",
	"description": "       [§eASSISTANCE ✦§r]\n§c§lUnder Maintenance!!§r\nA pirate made for the sea, trained to the point of leadership... also known as leader of the ship."
}
