{
    "powers": [
        "manhunt:imp/flight",
        "manhunt:imp/portal/portal",
        "manhunt:imp/pitchfork",
        "manhunt:imp/body",
        "manhunt:imp/bad_swimmer",
        "manhunt:imp/infernal"
    ],
    "icon": {
		"item": "minecraft:purple_dye",
		"tag": "{Enchantments:[{}],CustomModelData:2}"
	},
    "impact": 3,
    "name": "Imp",
    "description": "      [§bPACEKEEPER ╬§r]\nA natural fiend. The Imp serves as a constant threat to runners with their transportation abilities and pitchfork in hand."
}