{
	"powers": [
		"manhunt:survivalist/hookshot",
		"manhunt:survivalist/pouch",
		"manhunt:survivalist/bomb/throw",
		"manhunt:survivalist/supply/supply",
        "manhunt:survivalist/resourceful",
		"manhunt:survivalist/explorer_weakness",
		"manhunt:survivalist/slender",
		"manhunt:survivalist/armor"
	],
	"icon": {
		"item": "minecraft:cooked_beef",
		"tag": "{Enchantments:[{}],CustomModelData:1}"
	},
	"order": 10,
	"impact": 2,
    "unchoosable": true,
	"name": "Xolotl",
	"description": "         [§7PILLAR 回§r]\nOften confused for an Axolotl, Xolotl is simply put:\n A GOOD BOI!1!!11!!"
}
