{
	"powers": [
		"manhunt:xolotl/wolf/wolfpack",
		"manhunt:xolotl/bite/call",
		"manhunt:xolotl/dog/mount",
		"manhunt:xolotl/hunter",
		"manhunt:xolotl/nose",
		"manhunt:xolotl/carnivore",
		"manhunt:xolotl/fur"
	],
	"icon": {
		"item": "minecraft:cooked_beef",
		"tag": "{Enchantments:[{}],CustomModelData:1}"
	},
	"order": 10,
	"impact": 2,
	"name": "Xolotl",
	"description": "         [§7PILLAR 回§r]\nOften confused for an Axolotl, Xolotl is simply put:\n A GOOD BOI!1!!11!!"
}
