{
    "type": "origins:multiple",
    "slower": {
        "type": "origins:attribute",
        "modifier": {
            "name": "Max health decrease",
            "attribute": "minecraft:generic.max_health",
            "value": -4,
            "operation": "addition"
        }
    },
    "drop_offhand": {
        "type": "origins:action_over_time",
        "rising_action": {
            "type": "origins:drop_inventory",
            "inventory_type": "inventory",
            "slots": [
                "weapon.offhand"
            ]
        },
        "interval": 1,
        "condition": {
            "type": "origins:equipped_item",
            "equipment_slot": "offhand",
            "item_condition": {
                "type": "origins:empty",
                "inverted": true
            }
        }
    },
    "name": "Sea Rascal",
    "description": "You body is really... crippled. Like, did you think about, uh, vitamin C?",
    "badges": [
        {
            "type": "origins:tooltip",
            "sprite": "origins:textures/gui/badge/star.png",
            "text": "Crippled body: -2 hearts.\n\nLost Hand: No offhand usage."
        }
    ]
}