{
    "type": "origins:multiple",
    "activate": {
        "type": "origins:active_self",
        "entity_action": {
            "type": "origins:and",
            "actions": [
                {
                    "type": "origins:if_else",
                    "condition": {
                        "type": "origins:relative_health",
                        "comparison": ">=",
                        "compare_to": 0.75
                    },
                    "if_action": {
                        "type": "origins:damage",
                        "modifier":{ 
                            "operation": "multiply_total_multiplicative",
                            "value": -0.5
                        },
                        "damage_type": "manhunt:bleeding"
                    }
                },
                {
                    "type": "origins:execute_command",
                    "command": "power grant @s manhunt:berserker/beast/beast_effects"
                },
                {
                    "type": "origins:execute_command",
                    "command": "playsound minecraft:entity.hoglin.converted_to_zombified player @a ~ ~ ~ 5 0.5"
                },
                {
                    "type": "origins:execute_command",
                    "command": "tp @s ~ ~ ~ ~ -180"
                }
            ]
        },
        "key": {
            "key": "key.origins.secondary_active"
        },
        "cooldown": 1200,
        "hud_render": {
            "sprite_location": "origins:textures/gui/community/spiderkolo/resource_bar_02.png",
            "bar_index": 1,
            "should_render": true
        },
        "condition": {
            "type": "origins:power",
            "power": "manhunt:berserker/beast/beast_effects",
            "inverted": true
        }
    },
    "name": "THE BEAST INSIDE",
    "description": "For the price of your life, you unleash the unstoppable beast within to be granted extreme strength.",
    "badges": [
        {
            "type": "origins:tooltip",
            "sprite": "origins:textures/gui/badge/star.png",
            "text": "§c§lBEAST WITHIN 🞽§r\n§7Become enraged temporarily, increasing overall speed by §r§a10%§r§7.\n§7When attacking, you always break Shields.\n§aHeal§r§7 1/2 §l§c❤§r§7 on Crit. Doubles to 1 §l§c❤§r§7 if target is §r§cBleeding§r§7.\n§7In this state, you §r§ccannot heal§r§7 otherwise and passively take §r§c1 Damage§r§7 every 1.5s.\n§7Once it ends you become weakened, reducing speed by §r§c-40%§r§7.\n\n§6🕒§r§7 Windup: §r§f1.75s\n§c🕕§r§7 Duration: §r§f12s§r§8 (Enraged)\n§c🕕§r§7 Duration: §r§f7s§r§8 (Weakened)\n§e⌛§r§7 Cooldown: §r§f45s§r§8 (After Enraged)\n\n§7§lActive Ability"
        },
        {
            "type": "origins:keybind",
            "sprite": "origins:textures/gui/badge/toggle.png",
            "text": "§7Unleash with %s§7 !"
        }
    ]
}