{
    "type": "origins:multiple",
    "activate": {
        "type": "origins:action_on_callback",
        "entity_action_gained":{
            "type": "origins:if_else_list",
            "actions": [
                {
                    "condition": {
                        "type": "origins:health",
                        "comparison": "<=",
                        "compare_to": 6
                    },
                    "action": {
                        "type": "origins:apply_effect",
                        "effect": {
                            "effect": "minecraft:speed",
                            "amplifier": 2,
                            "duration": 80
                        }
                    }
                },
                {
                    "condition": {
                        "type": "origins:health",
                        "comparison": "<=",
                        "compare_to": 12
                    },
                    "action": {
                        "type": "origins:apply_effect",
                        "effect": {
                            "effect": "minecraft:speed",
                            "amplifier": 1,
                            "duration": 80
                        }
                    }
                },
                {
                    "condition": {
                        "type": "origins:health",
                        "comparison": "<=",
                        "compare_to": 18
                    },
                    "action": {
                        "type": "origins:apply_effect",
                        "effect": {
                            "effect": "minecraft:speed",
                            "amplifier": 0,
                            "duration": 80
                        }
                    }
                }
            ]
        },
        "execute_chosen_when_orb": true
    }
}