{
    "type": "origins:multiple",
    "difficulty": {
        "type": "origins:resource",
        "min": 0,
        "max": 2,
        "start_value": 0,
        "hud_render": {
            "should_render": false
        }
    },
    "looting_normal": {
        "type": "origins:modify_enchantment_level",
        "enchantment": "minecraft:looting",
        "modifier": {
            "operation": "add_base_early",
            "value": 1
        },
        "condition": {
            "type": "origins:resource",
            "resource": "manhunt:global_difficulty",
            "comparison": "==",
            "compare_to": 1
        }
    },
    "looting_hard": {
        "type": "origins:modify_enchantment_level",
        "enchantment": "minecraft:looting",
        "modifier": {
            "operation": "add_base_early",
            "value": 2
        },
        "condition": {
            "type": "origins:resource",
            "resource": "manhunt:global_difficulty",
            "comparison": "==",
            "compare_to": 2
        }
    },
    "glow_lurker_eye": {
        "type": "origins:entity_glow",
        "entity_condition": {
            "type": "origins:and",
            "conditions": [
                {
                    "type": "origins:entity_type",
                    "entity_type": "minecraft:item_display"
                },
                {
                    "type": "origins:riding",
                    "bientity_condition": {
                        "type": "origins:target_condition",
                        "condition": {
                            "type": "origins:resource",
                            "resource": "manhunt:lurker/lurk/eye_effects_teleporting",
                            "comparison": ">",
                            "compare_to": 0
                        }
                    }
                }
            ]
        },
        "use_teams": false,
        "red": 0.0,
        "green": 1.0,
        "blue": 0.7
    },
    "prevent_soul_pickup": {
        "type": "eggolib:prevent_item_pickup",
        "bientity_condition": {
            "type": "origins:target_condition",
            "condition": {
                "type": "origins:origin",
                "origin": "manhunt:hunters/ritualist",
                "layer": "manhunt:hunters",
                "inverted": true
            }
        },
        "item_condition": {
            "type": "origins:and",
            "conditions": [
                {
                    "type": "origins:nbt",
                    "nbt": "{CustomModelData:1}"
                },
                {
                    "type": "origins:ingredient",
                    "ingredient": {
                        "item": "minecraft:cyan_dye"
                    }
                }
            ]
        }
    },
    "bonk": {
        "type": "origins:action_on_hit",
        "bientity_action": {
            "type": "origins:target_action",
            "action": {
                "type": "origins:execute_command",
                "command": "playsound manhunt:bonk player @a ~ ~ ~ 2 1"
            }
        },
        "bientity_condition": {
            "type": "origins:and",
            "conditions": [
                {
                    "type": "origins:actor_condition",
                    "condition": {
                        "type": "origins:equipped_item",
                        "equipment_slot": "mainhand",
                        "item_condition": {
                            "type": "origins:nbt",
                            "nbt": "{display:{Name:'{\"text\":\"Berserker\\'s Horn\",\"color\":\"red\"}'},Enchantments:[{id:\"minecraft:vanishing_curse\",lvl:1s}],instrument:\"minecraft:sing_goat_horn\",CustomModelData:1}"
                        }
                    }
                },
                {
                    "type": "origins:target_condition",
                    "condition": {
                        "type": "origins:living"
                    }
                }
            ]
        }
    },
    "deleo_death": {
        "type": "origins:prevent_death",
        "entity_action": {
            "type": "origins:and",
            "actions": [
                {
                    "type": "origins:execute_command",
                    "command": "power grant @s manhunt:deleo/binding/binded",
                    "permission_level": 4
                },
                {
                    "type": "eggolib:close_screen"
                }
            ]
        },
        "damage_condition": {
            "type": "origins:attacker",
            "entity_condition": {
                "type": "origins:origin",
                "origin": "manhunt:runners/deleo",
                "layer": "manhunt:runners"
            }
        }
    },
    "prevent_other_paranoias": {
        "type": "origins:prevent_entity_render",
        "bientity_condition": {
            "type": "origins:and",
            "conditions": [
                {
                    "type": "eggolib:compare_score",
                    "actor_objective": "laugh",
                    "target_objective": "laugh",
                    "comparison": "!="
                },
                {
                    "type": "origins:target_condition",
                    "condition": {
                        "type": "origins:and",
                        "conditions": [
                            {
                                "type": "origins:entity_type",
                                "entity_type": "minecraft:item_display"
                            },
                            {
                                "type": "origins:riding",
                                "bientity_condition": {
                                    "type": "origins:target_condition",
                                    "condition": {
                                        "type": "origins:power",
                                        "power": "manhunt:jester/madness/icon"
                                    }
                                }
                            }
                        ]
                    }
                }
            ]
        }
    },
    "swordfish": {
        "type": "origins:modify_damage_dealt",
        "condition": {
            "type": "origins:and",
            "conditions": [
                {
                    "type": "origins:equipped_item",
                    "equipment_slot": "mainhand",
                    "item_condition": {
                        "type": "origins:and",
                        "conditions": [
                            {
                                "type": "origins:ingredient",
                                "ingredient": {
                                    "item": "minecraft:iron_sword"
                                }
                            },
                            {
                                "type": "origins:nbt",
                                "nbt": "{Tags:[\"swordfish\"]}"
                            }
                        ]
                    }
                },
                {
                    "type": "origins:origin",
                    "origin": "manhunt:hunters/angler",
                    "layer": "manhunt:hunters",
                    "inverted": true
                }
            ]
        },
        "modifier": {
            "name": "Less damage",
            "operation": "addition",
            "value": -4
        }
    },
    "survivalist_bomb_dmg": {
        "type": "origins:modify_damage_taken",
        "bientity_condition": {
            "type": "origins:actor_condition",
            "condition": {
                "type": "origins:and",
                "conditions": [
                    {
                        "type": "origins:entity_type",
                        "entity_type": "minecraft:armor_stand"
                    },
                    {
                        "type": "origins:power",
                        "power": "manhunt:survivalist/bomb/bombing"
                    }
                ]
            }
        },
        "modifier": {
            "name": "Less bomb dmg",
            "operation": "multiply_total",
            "value": -0.9
        }
    },
    "crit_ritualist": {
        "type": "eggolib:action_on_critical_hit",
        "bientity_action": {
            "type": "apoli:target_action",
            "action": {
                "type": "origins:change_resource",
                "resource": "manhunt:ritualist/sacrifice_souls",
                "change": -1
            }
        },
        "bientity_condition": {
            "type": "origins:target_condition",
            "condition": {
                "type": "origins:origin",
                "origin": "manhunt:hunters/ritualist",
                "layer": "manhunt:hunters"
            }
        }
    },
    "tooltip_deteriorate": {
        "type": "origins:tooltip",
        "item_condition": {
            "type": "origins:or",
            "conditions": [
                {
                    "type": "origins:has_power",
                    "power": "manhunt:deleo/binding/deteriorate/head"
                },
                {
                    "type": "origins:has_power",
                    "power": "manhunt:deleo/binding/deteriorate/chest"
                },
                {
                    "type": "origins:has_power",
                    "power": "manhunt:deleo/binding/deteriorate/legs"
                },
                {
                    "type": "origins:has_power",
                    "power": "manhunt:deleo/binding/deteriorate/feet"
                },
                {
                    "type": "origins:has_power",
                    "power": "manhunt:deleo/binding/deteriorate/mainhand"
                },
                {
                    "type": "origins:has_power",
                    "power": "manhunt:deleo/binding/deteriorate/offhand"
                }
            ]
        },
        "text": {
            "text": "Curse of Deterioration",
            "color": "red"
        }
    },
    "tooltip_glass_shield": {
        "type": "origins:tooltip",
        "item_condition": {
            "type": "origins:and",
            "conditions": [
                {
                    "type": "origins:has_power",
                    "power": "manhunt:enchanter/glass/enchanted"
                },
                {
                    "type": "origins:nbt",
                    "nbt": "{Tags:[\"glass_shield_level2\"]}",
                    "inverted": true
                },
                {
                    "type": "origins:nbt",
                    "nbt": "{Tags:[\"glass_shield_level3\"]}",
                    "inverted": true
                }
            ]
        },
        "text": {
            "text": "Glass Shield I",
            "color": "gray"
        }
    },
    "tooltip_glass_shield2": {
        "type": "origins:tooltip",
        "item_condition": {
            "type": "origins:and",
            "conditions": [
                {
                    "type": "origins:has_power",
                    "power": "manhunt:enchanter/glass/enchanted"
                },
                {
                    "type": "origins:nbt",
                    "nbt": "{Tags:[\"glass_shield_level2\"]}"
                }
            ]
        },
        "text": {
            "text": "Glass Shield II",
            "color": "gray"
        }
    },
    "tooltip_glass_shield3": {
        "type": "origins:tooltip",
        "item_condition": {
            "type": "origins:and",
            "conditions": [
                {
                    "type": "origins:has_power",
                    "power": "manhunt:enchanter/glass/enchanted"
                },
                {
                    "type": "origins:nbt",
                    "nbt": "{Tags:[\"glass_shield_level3\"]}"
                }
            ]
        },
        "text": {
            "text": "Glass Shield III",
            "color": "gray"
        }
    },
    "particles":{
        "type": "origins:particle",
        "particle": "minecraft:enchant",
        "frequency": 6,
        "condition": {
            "type": "origins:inventory",
            "process_mode": "items",
            "comparison": ">=",
            "compare_to": 1,
            "item_condition": { 
                "type": "origins:has_power",
                "power": "manhunt:enchanter/recall/enchanted"
            }
        }
    },
    "lodestone_fortuna":{
        "type": "origins:prevent_entity_render",
        "bientity_condition": {
            "type": "origins:and",
            "conditions": [
                {
                    "type": "origins:distance",
                    "comparison": ">",
                    "compare_to": 8
                },
                {
                    "type": "origins:target_condition",
                    "condition": {
                        "type": "origins:power",
                        "power": "manhunt:gambler/deception/deception_lodestone"
                    }
                }
            ]
        }
    },
    "oneshot_prot":{
        "type": "origins:prevent_death",
        "damage_condition": {
            "type": "origins:attacker",
            "entity_condition": {
                "type": "origins:resource",
                "resource": "manhunt:sicarius/cloak_duration",
                "comparison": ">",
                "compare_to": 0
            }
        }
    },
    "chef_food":{
        "type": "origins:edible_item",
        "item_condition": {
            "type": "origins:nbt",
            "nbt": "{Tags:frog_food}"
        },
        "food_component": {
            "hunger": 3,
            "saturation": 0.3
        },
        "consuming_time_modifier":{
            "operation": "multiply_total",
            "value": -0.25
        },
        "consume_sound": "minecraft:entity.generic.eat",
        "use_action": "eat"
    },
    "hidden": true
}