{
    "type": "origins:multiple",
    "no_abilities": {
        "type": "eggolib:prevent_key_use",
        "keys": [
            "key.attack"
        ]
    },
    "spectator": {
        "type": "origins:action_on_callback",
        "entity_action_added": {
            "type": "origins:and",
            "actions": [
                {
                    "type": "origins:execute_command",
                    "command": "gamemode spectator @s"
                },
                {
                    "type": "origins:execute_command",
                    "command": "tag @s add ready"
                }
            ]
        },
        "entity_action_lost":  {
            "type": "origins:and",
            "actions": [
                {
                    "type": "origins:execute_command",
                    "command": "gamemode survival @s"
                },
                {
                    "type": "origins:execute_command",
                    "command": "tag @s remove ready"
                }
            ]
        },
        "execute_chosen_when_orb": true
    },
    "hidden": true
}