{
	"powers": [
		"manhunt:roles/assistance",
		"manhunt:guardian/hungry"
	],
	"icon": {
		"item": "minecraft:tide_armor_trim_smithing_template",
		"tag": "{Enchantments:[{}],CustomModelData:1}"
	},
	"unchoosable": true,
	"order": 10,
	"impact": 2,
	"name": "Wisp",
	"description": "       [§eASSISTANCE ✦§r]\nThe Wisp has risen from its eternal slumber, to the runners this senario must be a bummer, buffing its allies and nerfing its foes, where is this odd spirit?- only the keen shall know."
}