{
    "type": "origins:multiple",
    "duration": {
        "type": "origins:resource",
        "min": 0,
        "max": 70,
        "start_value": 70,
        "hud_render": {
            "should_render": false,
            "sprite_location": "origins:textures/gui/resource_bar.png",
            "bar_index": 2
        },
        "min_action": {
            "type": "origins:and",
            "actions": [
                {
                    "type": "origins:execute_command",
                    "command": "playsound minecraft:entity.warden.attack_impact player @a ~ ~ ~ 3 0.5"
                },
                {
                    "type": "origins:execute_command",
                    "command": "particle minecraft:sculk_charge_pop ~ ~1 ~ 0.5 0.5 0.5 0.1 100"
                },
                {
                    "type": "origins:execute_command",
                    "command": "particle minecraft:sculk_soul ~ ~1 ~ 0.5 0.5 0.5 0.1 10"
                },
                {
                    "type": "origins:execute_command",
                    "command": "particle minecraft:dust_color_transition 0 0 0.3 1.2 0 0 0 ~ ~1 ~ 0.4 0.4 0.4 1 100"
                },
                {
                    "type": "origins:execute_command",
                    "command": "power remove @s manhunt:lurker/shadow/shadow_effects"
                }
            ]
        }
    },
    "glow": {
        "type": "origins:self_glow",
        "use_teams": false,
        "red": 0,
        "green": 0,
        "blue": 0,
        "bientity_condition": {
            "type": "origins:and",
            "conditions": [
                {
                    "type": "origins:can_see"
                },
                {
                    "type": "origins:target_condition",
                    "condition": {
                        "type": "origins:origin",
                        "origin": "manhunt:hunter",
                        "layer": "origins:origin"
                    }
                }
            ]
        }
    },
    "no_footstep": {
        "type": "apugli:custom_footstep",
        "muted": true
    },
    "duration_down": {
        "type": "origins:action_over_time",
        "entity_action": {
            "type": "origins:change_resource",
            "resource": "manhunt:lurker/shadow/shadow_effects_duration",
            "change": -10
        },
        "interval": 10
    },
    "more_speed": {
        "type": "origins:attribute",
        "modifier": {
            "name": "Increase speed",
            "attribute": "minecraft:generic.movement_speed",
            "value": 0.6,
            "operation": "multiply_total"
        }
    },
    "more_air_speed": {
        "type": "origins:modify_velocity",
        "axes": [
            "z",
            "x"
        ],
        "modifier": {
            "operation": "multiply_total",
            "value": 0.3
        },
        "condition": {
            "type": "origins:and",
            "conditions": [
                {
                    "type": "origins:on_block",
                    "inverted": true
                }
            ]
        }
    },
    "no_atk_speed": {
        "type": "origins:attribute",
        "modifier": {
            "name": "Decrease speed",
            "attribute": "minecraft:generic.attack_speed",
            "value": -3,
            "operation": "multiply_total"
        }
    },
    "no_damage": {
        "type": "origins:modify_damage_taken",
        "modifier": {
            "name": "No damage",
            "operation": "multiply_total",
            "value": -1
        }
    },
    "overlay": {
        "type": "origins:overlay",
        "texture": "minecraft:textures/block/seagrass.png",
        "strength": 0.2,
        "red": 0.05,
        "green": 0.05,
        "blue": 0.4,
        "draw_mode": "texture",
        "draw_phase": "below_hud",
        "hide_with_hud": false,
        "visible_in_third_person": false
    },
    "invisible": {
        "type": "origins:invisibility",
        "render_armor": false,
        "render_outline": true
    },
    "no_elytra": {
        "type": "origins:prevent_elytra_flight"
    },
    "no_attack": {
        "type": "origins:modify_damage_dealt",
        "modifier": {
            "operation": "multiply_total",
            "value": -1
        }
    },
    "prevent_item": {
        "type": "origins:prevent_item_use"
    },
    "prevent_block": {
        "type": "origins:prevent_block_use"
    },
    "prevent_entity_render": {
        "type": "origins:prevent_entity_render",
        "bientity_condition": {
            "type": "origins:target_condition",
            "condition": {
                "type": "origins:and",
                "conditions": [
                    {
                        "type": "origins:living"
                    },
                    {
                        "type": "origins:power",
                        "power": "manhunt:lurker/lurk/lurked",
                        "inverted": true
                    }
                ]
            }
        }
    },
    "prevent_collision": {
        "type": "origins:prevent_entity_collision"
    },
    "shader": {
        "type": "origins:shader",
        "shader": "minecraft:shaders/post/sobel.json"
    },
    "hidden": true
}