{
    "type": "origins:multiple",
    "charges": {
        "type": "origins:resource",
        "min": 0,
        "max": 2,
        "start_value": 0,
        "hud_render": {
            "should_render": true,
            "sprite_location": "manhunt:textures/cannon_packs.png",
            "bar_index": 0
        }
    },
    "add_charge": {
        "type": "origins:action_over_time",
        "entity_action": {
            "type": "origins:change_resource",
            "resource": "manhunt:bomber/cannon/cannon_charges",
            "change": 1
        },
        "interval": 1800
    },
    "use": {
        "type": "origins:action_on_entity_use",
        "bientity_action": {
            "type": "origins:and",
            "actions": [
                {
                    "type": "origins:target_action",
                    "action": {
                        "type": "origins:and",
                        "actions": [
                            {
                                "type": "origins:execute_command",
                                "command": "power grant @s manhunt:bomber/cannon/cannon_boom"
                            }
                        ]
                    }
                },
                {
                    "type": "origins:actor_action",
                    "action": {
                        "type": "origins:and",
                        "actions": [
                            {
                                "type": "origins:change_resource",
                                "resource": "manhunt:bomber/cannon/cannon_charges",
                                "change": -1
                            }
                        ]
                    }
                }
            ]
        },
        "bientity_condition": {
            "type": "origins:and",
            "conditions": [
                {
                    "type": "origins:target_condition",
                    "condition": {
                        "type": "origins:power_type",
                        "power_type": "manhunt:hunter_effects"
                    }
                },
                {
                    "type": "origins:actor_condition",
                    "condition": {
                        "type": "origins:resource",
                        "resource": "manhunt:bomber/cannon/cannon_charges",
                        "comparison": ">=",
                        "compare_to": 1
                    }
                }
            ]
        },
        "hands": [
            "main_hand"
        ],
        "condition": {
            "type": "origins:sneaking"
        }
    },
    "name": "CANNONBALL",
    "description": "Interact with a fellow hunter while sneaking to equip them with a Cannon Pack to launch them forwards.",
    "badges": [
        {
            "type": "origins:tooltip",
            "sprite": "origins:textures/gui/badge/star.png",
            "text": "Max Carry: 2 packs.\n(Those with a pack can trigger it by sneaking)"
        },
        {
            "type": "origins:tooltip",
            "sprite": "manhunt:textures/icons/cooldown.png",
            "text": "1.5m per pack"
        }
    ]
}