{
    "type": "origins:multiple",
    "no_heal": {
        "type": "origins:modify_healing",
        "modifier": {
            "operation": "multiply_total",
            "value": -1
        },
        "condition": {
            "type": "origins:and",
            "conditions": [
                {
                    "type": "apugli:key_pressed",
                    "key": {
                        "key": "key.origins.secondary_active",
                        "continuous": true
                    },
                    "inverted": true
                },
                {
                    "type": "origins:command",
                    "command": "execute if entity @e[tag=totem,type=minecraft:block_display,distance=..8]",
                    "comparison": "==",
                    "compare_to": 0
                }
            ]
        }
    },
    "disable_regen": {
        "type": "origins:disable_regen"
    },
    "less_health": {
        "type": "origins:attribute",
        "modifier": {
            "name": "Max health increase",
            "attribute": "minecraft:generic.max_health",
            "value": -4,
            "operation": "addition"
        }
    },
    "name": "Absorbed",
    "description": "Being granted those abilities has weakened your body and its regeneration ability. You can't heal without letting your body rest.",
    "badges": [
        {
            "type": "origins:tooltip",
            "sprite": "origins:textures/gui/badge/star.png",
            "text": "§c§lAbsorbed ✗§r\n§7Natural healing and healing abilities are §r§ccompletely ineffective§r§7 on you.\n§8(Excluding your Abilities.)\n§7You have -2 §l§c❤§r§7.\n\n§7§lPassive Ability"
        }
    ]
}