{
    "type": "origins:multiple",
    "no_heal": {
        "type": "origins:modify_healing",
        "modifier": {
            "operation": "multiply_total",
            "value": -1
        },
        "condition": {
            "type": "origins:or",
            "conditions": [
                {
                    "type": "apugli:key_pressed",
                    "key": {
                        "key": "key.origins.secondary_active",
                        "continuous": true
                    },
                    "inverted": true
                },
                {
                    "type": "apugli:entity_in_radius",
                    "condition": {
                        "type": "origins:and",
                        "conditions": [
                            {
                                "type": "apoli:entity_type",
                                "entity_type": "minecraft:armor_stand"
                            },
                            {
                                "type": "origins:power",
                                "power": "manhunt:shaman/totem/totem_powers"
                            }
                        ]
                    },
                    "radius": 8.0,
                    "comparison": ">=",
                    "compare_to": 1
                }
            ]
        }
    },
    "disable_regen": {
        "type": "origins:disable_regen"
    },
    "name": "Absorbed",
    "description": "Being granted those abilities has weakened your body and its regeneration ability. You can't heal without letting your body rest.",
    "badges": [
        {
            "type": "origins:tooltip",
            "sprite": "origins:textures/gui/badge/star.png",
            "text": "You do not regenerate outside of Cursed Link."
        }
    ]
}