{
    "type": "origins:action_on_entity_use",
    "bientity_action": {
        "type": "origins:target_action",
        "action": {
            "type": "origins:and",
            "actions": [
                {
                    "type": "origins:execute_command",
                    "command": "particle heart ~ ~0.5 ~ 0.3 0.3 0.3 0.009 4 normal @a"
                },
                {
                    "type": "origins:execute_command",
                    "command": "effect clear @s minecraft:wither"
                },
                {
                    "type": "origins:execute_command",
                    "command": "effect clear @s minecraft:poison"
                },
                {
                    "type": "origins:extinguish"
                }
            ]
        }
    },
    "bientity_condition": {
        "type": "origins:target_condition",
        "condition": {
            "type": "origins:entity_type",
            "entity_type": "minecraft:player"
        }
    },
    "item_condition": {
        "type": "origins:empty"
    },
    "hands": [
        "main_hand"
    ],
    "condition": {
        "type": "origins:sneaking"
    },
    "name": "§l§nSculk's cure",
    "description": "Upon sneaking and right clicking a hunter, you will remove poison and wither effects, as well as extinguish them if they are on fire."
}