{
    "type": "origins:multiple",
    "activate": {
        "type": "origins:active_self",
        "entity_action": {
            "type": "origins:and",
            "actions": [
                {
                    "type": "origins:raycast",
                    "distance": 96,
                    "block": false,
                    "entity": true,
                    "shape_type": "visual",
                    "fluid_handling": "any",
                    "bientity_action": {
                        "type": "origins:and",
                        "actions": [
                            {
                                "type": "origins:target_action",
                                "action": {
                                    "type": "origins:and",
                                    "actions": [
                                        {
                                            "type": "origins:execute_command",
                                            "command": "tag @s add sculk_tp"
                                        },
                                        {
                                            "type": "origins:execute_command",
                                            "command": "playsound minecraft:block.sculk_catalyst.bloom player @a ~ ~ ~ 3 2"
                                        },
                                        {
                                            "type": "origins:execute_command",
                                            "command": "particle minecraft:sonic_boom ~ ~1 ~ 0 0 0 1 1"
                                        },
                                        {
                                            "type": "origins:execute_command",
                                            "command": "particle minecraft:dust_color_transition 0 1 1 1 1 1 1 ~ ~1 ~ 0.5 0.2 0.5 1 100"
                                        }
                                    ]
                                }
                            },
                            {
                                "type": "origins:actor_action",
                                "action": {
                                    "type": "origins:and",
                                    "actions": [
                                        {
                                            "type": "origins:execute_command",
                                            "command": "tp @p[tag=sculk_tp] @s"
                                        },
                                        {
                                            "type": "origins:execute_command",
                                            "command": "tag @p[tag=sculk_tp] remove sculk_tp"
                                        },
                                        {
                                            "type": "origins:swing_hand",
                                            "hand": "MAIN_HAND"
                                        },
                                        {
                                            "type": "origins:execute_command",
                                            "command": "playsound minecraft:entity.allay.item_taken player @a ~ ~ ~ 3 2"
                                        }
                                    ]
                                }
                            }
                        ]
                    },
                    "bientity_condition": {
                        "type": "origins:and",
                        "conditions": [
                            {
                                "type": "origins:target_condition",
                                "condition": {
                                    "type": "origins:and",
                                    "conditions": [
                                        {
                                            "type": "origins:origin",
                                            "origin": "manhunt:hunter",
                                            "layer": "origins:origin"
                                        },
                                        {
                                            "type": "apugli:entity_in_radius",
                                            "condition": {
                                                "type": "origins:nbt",
                                                "nbt": "{Tags: ['totem']}"
                                            },
                                            "radius": 8.0,
                                            "comparison": "==",
                                            "compare_to": 0
                                        }
                                    ]
                                }
                            },
                            {
                                "type": "origins:distance",
                                "comparison": "<=",
                                "compare_to": 96
                            }
                        ]
                    },
                    "command_step": 1,
                    "command_along_ray_only_on_hit": true
                }
            ]
        },
        "key": {
            "key": "key.use"
        },
        "cooldown": 1,
        "hud_render": {
            "should_render": false
        },
        "condition": {
            "type": "origins:and",
            "conditions": [
                {
                    "type": "apugli:entity_in_radius",
                    "condition": {
                        "type": "origins:nbt",
                        "nbt": "{Tags: ['totem']}"
                    },
                    "radius": 8.0,
                    "comparison": ">=",
                    "compare_to": 1
                },
                {
                    "type": "origins:resource",
                    "resource": "manhunt:shaman/regenerate_windup",
                    "comparison": "==",
                    "compare_to": 20
                }
            ]
        }
    },
    "glow": {
        "type": "origins:entity_glow",
        "bientity_condition": {
            "type": "origins:and",
            "conditions": [
                {
                    "type": "origins:target_condition",
                    "condition": {
                        "type": "origins:and",
                        "conditions": [
                            {
                                "type": "origins:origin",
                                "origin": "manhunt:hunter",
                                "layer": "origins:origin"
                            },
                            {
                                "type": "apugli:entity_in_radius",
                                "condition": {
                                    "type": "origins:nbt",
                                    "nbt": "{Tags: ['totem']}"
                                },
                                "radius": 8.0,
                                "comparison": "==",
                                "compare_to": 0
                            }
                        ]
                    }
                },
                {
                    "type": "origins:actor_condition",
                    "condition": {
                        "type": "origins:and",
                        "conditions": [
                            {
                                "type": "origins:resource",
                                "resource": "manhunt:shaman/regenerate_windup",
                                "comparison": "==",
                                "compare_to": 20
                            },
                            {
                                "type": "apugli:entity_in_radius",
                                "condition": {
                                    "type": "origins:passenger",
                                    "bientity_condition": {
                                        "type": "origins:actor_condition",
                                        "condition": {
                                            "type": "origins:and",
                                            "conditions": [
                                                {
                                                    "type": "origins:entity_type",
                                                    "entity_type": "minecraft:armor_stand"
                                                },
                                                {
                                                    "type": "origins:power",
                                                    "power": "manhunt:shaman/totem/totem_powers"
                                                }
                                            ]
                                        }
                                    }
                                },
                                "radius": 8.0,
                                "comparison": ">=",
                                "compare_to": 1
                            }
                        ]
                    }
                },
                {
                    "type": "origins:distance",
                    "comparison": "<=",
                    "compare_to": 96
                }
            ]
        },
        "use_teams": false,
        "red": 0.0,
        "green": 0.9,
        "blue": 1.0
    },
    "overlay": {
        "type": "origins:status_bar_texture",
        "texture": "manhunt:textures/gui/grasp_overlay.png",
        "condition": {
            "type": "origins:and",
            "conditions": [
                {
                    "type": "origins:raycast",
                    "distance": 96,
                    "block": false,
                    "entity": true,
                    "shape_type": "visual",
                    "fluid_handling": "none",
                    "hit_bientity_condition": {
                        "type": "origins:and",
                        "conditions": [
                            {
                                "type": "origins:target_condition",
                                "condition": {
                                    "type": "origins:and",
                                    "conditions": [
                                        {
                                            "type": "origins:origin",
                                            "origin": "manhunt:hunter",
                                            "layer": "origins:origin"
                                        },
                                        {
                                            "type": "apugli:entity_in_radius",
                                            "condition": {
                                                "type": "origins:nbt",
                                                "nbt": "{Tags: ['totem']}"
                                            },
                                            "radius": 8.0,
                                            "comparison": "==",
                                            "compare_to": 0
                                        }
                                    ]
                                }
                            },
                            {
                                "type": "origins:distance",
                                "comparison": "<=",
                                "compare_to": 96
                            }
                        ]
                    }
                },
                {
                    "type": "origins:resource",
                    "resource": "manhunt:shaman/regenerate_windup",
                    "comparison": "==",
                    "compare_to": 20
                }
            ]
        }
    },
    "name": "Sculk's Grasp",
    "description": "Whilst in the totem and fully reposed, you can teleport teammates to you.",
    "badges": [
        {
            "type": "origins:tooltip",
            "sprite": "origins:textures/gui/badge/toggle.png",
            "text": [
                "When fully rested with Cursed Link whilst in the totem radius, \"",
                {
                    "keybind": "key.use"
                },
                "\" highlighted teammates to pull them to you within a 96 block distance.\nFellow Hunters glow when within range."
            ]
        }
    ]
}