{
    "type":"origins:active_self",
    "entity_action":{
        "type":"origins:and",
        "actions":[
            {
                "type":"origins:execute_command",
                "command":"power grant @p[distance=1..10,tag=hunter] manhunt:reborn_effects",
                "permission_level":4
            },
            {
                "type":"origins:execute_command",
                "command":"execute at @p[distance=1..10,tag=hunter] run particle minecraft:sculk_charge 1 ~ ~ ~ 0.3 0.5 0.3 0.5 100",
                "permission_level":4
            },
            {
                "type":"origins:execute_command",
                "command":"execute at @p[distance=1..10,tag=hunter] run particle minecraft:sonic_boom ~ ~1 ~ 0 0 0 1 1",
                "permission_level":4
            },
            {
                "type": "origins:execute_command",
                "command": "playsound minecraft:block.sculk_catalyst.bloom player @a[distance=..10] ~ ~ ~ 10 0.5",
                "permission_level": 4
            },
            {
                "type": "origins:execute_command",
                "command": "playsound minecraft:block.sculk.charge player @a[distance=..10] ~ ~ ~ 10 0.5",
                "permission_level": 4
            },
            {
                "type": "origins:execute_command",
                "command": "playsound minecraft:block.sculk_shrieker.break player @a[distance=..10] ~ ~ ~ 10 0.5",
                "permission_level": 4
            }
        ]
    },
    "cooldown": 12000,
    "hud_render":{
        "should_render":true,
        "sprite_location":"origins:textures/gui/community/huang/resource_bar_02.png",
        "bar_index": 19
    },    
    "key":{
        "key":"key.origins.secondary_active"
    },
    "name":"§l§nReborn",
    "description":"Pressing the secondary ability key will grant the closest player a special second life. Upon death, they will send a request to all hunters to teleport to them. Only two hunters can accept. After 15 seconds, they will be teleported onto the victim."
}