{
    "type": "origins:multiple",
    "activate": {
        "type": "origins:active_self",
        "entity_action": {
            "type": "origins:and",
            "actions": [
                {
                    "type": "origins:execute_command",
                    "command": "summon armor_stand ~ ~ ~ {NoGravity:1b,Silent:1b,Marker:1b,Invulnerable:1b,Invisible:1b,NoBasePlate:1b,Tags:[\"core\"]}"
                },
                {
                    "type": "origins:execute_command",
                    "command": "summon falling_block ~ ~1 ~ {BlockState:{Name:\"minecraft:sculk_shrieker\",Properties:{can_summon:\"false\",shrieking:\"false\",waterlogged:\"false\"}},NoGravity:1b,Silent:1b,Glowing:0b,Time:-99999,DropItem:0b,HurtEntities:0b,Tags:[\"lifetotem\"]}"
                },
                {
                    "type": "origins:execute_command",
                    "command": "summon falling_block ~ ~ ~ {BlockState:{Name:\"minecraft:reinforced_deepslate\"},NoGravity:1b,Silent:1b,Glowing:0b,Time:-99999,DropItem:0b,HurtEntities:0b,Tags:[\"lifetotem\"]}"
                },
                {
                    "type": "origins:execute_command",
                    "command": "summon falling_block ~-0.01 ~ ~ {BlockState:{Name:\"minecraft:sculk_vein\",Properties:{west:\"true\"}},NoGravity:1b,Silent:1b,Glowing:0b,Time:-99999,DropItem:0b,HurtEntities:0b,Tags:[\"lifetotem\"]}"
                },
                {
                    "type": "origins:execute_command",
                    "command": "summon falling_block ~0.01 ~ ~ {BlockState:{Name:\"minecraft:sculk_vein\",Properties:{east:\"true\"}},NoGravity:1b,Silent:1b,Glowing:0b,Time:-99999,DropItem:0b,HurtEntities:0b,Tags:[\"lifetotem\"]}"
                },
                {
                    "type": "origins:execute_command",
                    "command": "summon falling_block ~ ~ ~0.01 {BlockState:{Name:\"minecraft:sculk_vein\",Properties:{south:\"true\"}},NoGravity:1b,Silent:1b,Glowing:0b,Time:-99999,DropItem:0b,HurtEntities:0b,Tags:[\"lifetotem\"]}"
                },
                {
                    "type": "origins:execute_command",
                    "command": "summon falling_block ~ ~ ~-0.01 {BlockState:{Name:\"minecraft:sculk_vein\",Properties:{north:\"true\"}},NoGravity:1b,Silent:1b,Glowing:0b,Time:-99999,DropItem:0b,HurtEntities:0b,Tags:[\"lifetotem\"]}"
                },
                {
                    "type": "origins:execute_command",
                    "command": "forceload add ~ ~ ~ ~",
                    "permission_level": 4
                },
                {
                    "type": "origins:delay",
                    "ticks": 1,
                    "action": {
                        "type": "origins:and",
                        "actions": [
                            {
                                "type": "origins:execute_command",
                                "command": "power grant @e[limit=1,sort=nearest,tag=core] manhunt:totem_powers",
                                "permission_level": 4
                            }
                        ]
                    }
                }
            ]
        },
        "key": {
            "key": "key.origins.primary_active"
        },
        "cooldown": 3600,
        "hud_render": {
            "sprite_location": "origins:textures/gui/community/huang/resource_bar_02.png",
            "bar_index": 14,
            "should_render": true
        }
    },
    "name": "§l§nTotem of life",
    "description": "Using your primary ability key, you can summon a totem that feeds and heals your teammates."
}