{
    "name": "Black Lung",
    "description": "Time in the caves have corrupted your lungs, making you exhaust faster and need more air than most.",
    "badges": [
        {
            "type": "origins:tooltip",
            "sprite": "origins:textures/gui/badge/star.png",
            "text": "2x hunger exhaustion, 2x drowning speed."
        }
    ],
    "type": "origins:multiple",
    "exhaust": {
        "type": "origins:modify_exhaustion",
        "modifier": {
            "name": "Increased exhaustion",
            "operation": "multiply_base",
            "value": 1.0
        }
    },
    "oxygen": {
        "type": "origins:action_over_time",
        "entity_action": {
            "type": "origins:gain_air",
            "value": -20
        },
        "interval": 20,
        "condition": {
            "type": "origins:submerged_in",
            "fluid": "minecraft:water"
        }
    }
}