{
    "parent": "minecraft:item/generated",
    "textures": {
        "layer0": "minecraft:item/paper"
    },
    "overrides": [
        {
            "predicate": {
                "custom_model_data": 1
            },
            "model": "manhunt:item/heart_card"
        },
        {
            "predicate": {
                "custom_model_data": 2
            },
            "model": "manhunt:item/club_card"
        },
        {
            "predicate": {
                "custom_model_data": 3
            },
            "model": "manhunt:item/diamond_card"
        },
        {
            "predicate": {
                "custom_model_data": 4
            },
            "model": "manhunt:item/spade_card"
        }
    ]
}