{
    "type":"origins:multiple",
    "permanent":{
        "type": "origins:conditioned_attribute",
        "modifier": {
            "attribute": "minecraft:generic.movement_speed",
            "operation": "multiply_total",
            "value": -0.5,
            "name": "Decreased speed"
        },
        "tick_rate": 10,
        "update_health": false,
        "condition": {
            "type": "origins:fluid_height",
            "fluid": "minecraft:water",
            "comparison": ">",
            "compare_to": 0
        }
    },
    "sink":{
        "type": "origins:ignore_water",
        "condition": {
            "type": "origins:resource",
            "resource": "manhunt:deleo/disable/disable_energy",
            "comparison": ">",
            "compare_to": 0
        }
    },
    "energy_down": {
        "type": "origins:action_over_time",
        "entity_action": {
            "type": "origins:change_resource",
            "resource": "manhunt:deleo/disable/disable_energy",
            "change": -1
        },
        "interval": 1,
        "condition": {
            "type": "origins:fluid_height",
            "fluid": "minecraft:water",
            "comparison": ">",
            "compare_to": 0
        }
    },
    "slow_swim":{
        "type": "origins:modify_swim_speed",
        "modifier": {
            "operation": "multiply_base",
            "value": -0.5
        }
    },
    "name": "Weight of the Abyss",
    "description": "Cursed energy has a massive weakness out in nature: Water.",
    "badges": [
        {
            "type": "origins:tooltip",
            "sprite": "origins:textures/gui/community/silent/badge/shapes/arrow_down.png",
            "text": "As long as you have cursed energy, you will sink in water. Once out of energy, you will be able to swim but at §c-25%§r speed."
        }
    ]
}