{
    "type": "origins:modify_healing",
    "modifier": {
        "operation": "multiply_total",
        "value": -0.5
    },
    "condition": {
        "type": "origins:resource",
        "resource": "manhunt:deleo/disable/disable_energy",
        "compare_to": 100,
        "comparison": "<"
    },
    "name": "Overflow",
    "description": "Energy is needed for other things than offense... like regeneration",
    "badges": [
        {
            "type": "origins:tooltip",
            "sprite": "origins:textures/gui/badge/star.png",
            "text": "Regeneration is reduced by 50% if your energy isn't full"
        }
    ]
}