{
    "type": "origins:multiple",
    "cooldown": {
        "type": "origins:resource",
        "min": 0,
        "max": 900,
        "start_value": 0,
        "hud_render": {
            "should_render": true,
            "bar_index": 0,
            "sprite_location": "origins:textures/gui/community/spiderkolo/resource_bar_02.png",
            "condition":  {
                "type": "origins:resource",
                "resource": "manhunt:fortis/shield/shield_cooldown",
                "comparison": ">",
                "compare_to": 0
            }
        }
    },
    "cooldown_down": {
        "type": "origins:action_over_time",
        "entity_action": {
            "type": "origins:change_resource",
            "resource": "manhunt:fortis/shield/shield_cooldown",
            "change": -1
        },
        "interval": 1
    },
    "slam": {
        "type": "origins:active_self",
        "entity_action": {
            "type": "origins:and",
            "actions": [
                {
                    "type": "origins:change_resource",
                    "resource": "manhunt:fortis/shield/shield_cooldown",
                    "change": 900
                },
                {
                    "type": "origins:execute_command",
                    "command": "tp @s ~ ~ ~ ~ 90",
                    "permission_level": 4
                },
                {
                    "type": "origins:swing_hand",
                    "hand": "MAIN_HAND"
                },
                {
                    "type": "origins:execute_command",
                    "command": "playsound minecraft:block.anvil.place player @a ~ ~ ~ 2 0.8",
                    "permission_level": 4
                },
                {
                    "type": "origins:area_of_effect",
                    "radius": 12,
                    "shape": "sphere",
                    "bientity_action": {
                        "type": "origins:add_velocity",
                        "z": 1.4,
                        "y": 0.9
                    },
                    "bientity_condition": {
                        "type": "origins:can_see"
                    }
                },
                {
                    "type": "origins:if_else",
                    "condition": {
                        "type": "origins:sneaking",
                        "inverted": true
                    },
                    "if_action": {
                        "type": "origins:add_velocity",
                        "y": 1
                    }
                },
                {
                    "type": "origins:execute_command",
                    "command": "particle minecraft:poof ~ ~ ~ 3 0 3 0 200",
                    "permission_level": 4
                }
            ]
        },
        "cooldown": 1,
        "key": "key.attack",
        "hud_render": {
            "should_render": false
        },
        "condition": {
            "type": "origins:and",
            "conditions": [
                {
                    "type": "origins:resource",
                    "resource": "manhunt:fortis/shield/shield_cooldown",
                    "comparison": "==",
                    "compare_to": 0
                },
                {
                    "type": "origins:using_item",
                    "item_condition": {
                        "type": "origins:ingredient",
                        "ingredient": {
                            "item": "minecraft:shield"
                        }
                    }
                },
                {
                    "type": "origins:on_block"
                }
            ]
        }
    },
    "bash": {
        "type": "origins:active_self",
        "entity_action": {
            "type": "origins:and",
            "actions": [
                {
                    "type": "origins:change_resource",
                    "resource": "manhunt:fortis/shield/shield_cooldown",
                    "change": 900
                },
                {
                    "type": "origins:change_resource",
                    "resource": "manhunt:fortis/shield/shield_impact_time",
                    "change": 10
                },
                {
                    "type": "origins:add_velocity",
                    "z": 2,
                    "space": "local_horizontal_normalized",
                    "set": true
                },
                {
                    "type": "origins:swing_hand",
                    "hand": "MAIN_HAND"
                },
                {
                    "type": "origins:execute_command",
                    "command": "playsound minecraft:block.iron_trapdoor.close player @a ~ ~ ~ 2 0.5",
                    "permission_level": 4
                },
                {
                    "type": "origins:execute_command",
                    "command": "particle minecraft:dust_color_transition 0.55 0.55 0.65 1 0.7 0.7 0.9 ~ ~1 ~ 0.3 0.3 0.3 0.3 100",
                    "permission_level": 4
                },
                {
                    "type": "origins:execute_command",
                    "command": "particle minecraft:poof ~ ~1 ~ 0 0 0 0.3 30",
                    "permission_level": 4
                }
            ]
        },
        "cooldown": 1,
        "key": "key.attack",
        "hud_render": {
            "should_render": false
        },
        "condition": {
            "type": "origins:and",
            "conditions": [
                {
                    "type": "origins:resource",
                    "resource": "manhunt:fortis/shield/shield_cooldown",
                    "comparison": "==",
                    "compare_to": 0
                },
                {
                    "type": "origins:using_item",
                    "item_condition": {
                        "type": "origins:ingredient",
                        "ingredient": {
                            "item": "minecraft:shield"
                        }
                    }
                },
                {
                    "type": "origins:on_block",
                    "inverted": true
                }
            ]
        }
    },
    "impact_time": {
        "type": "origins:resource",
        "min": 0,
        "max": 10,
        "start_value": 0,
        "hud_render": {
            "should_render": false
        }
    },
    "impact_down": {
        "type": "origins:action_over_time",
        "entity_action": {
            "type": "origins:change_resource",
            "resource": "manhunt:fortis/shield/shield_impact_time",
            "change": -1
        },
        "interval": 1
    },
    "impact": {
        "type": "origins:action_over_time",
        "entity_action": {
            "type": "origins:raycast",
            "block": true,
            "entity": true,
            "distance": 2.5,
            "space": "local_horizontal_normalized",
            "command_step": 0.25,
            "shape_type": "collider",
            "fluid_handling": "none",
            "hit_action": {
                "type": "origins:and",
                "actions": [
                    {
                        "type": "origins:add_velocity",
                        "z": -1,
                        "space": "local_horizontal_normalized",
                        "set": true
                    },
                    {
                        "type": "origins:execute_command",
                        "command": "playsound minecraft:item.shield.block player @a ~ ~ ~ 2 2",
                        "permission_level": 4
                    },
                    {
                        "type": "origins:execute_command",
                        "command": "playsound minecraft:item.shield.break player @a ~ ~ ~ 2 0.7",
                        "permission_level": 4
                    },
                    {
                        "type": "origins:change_resource",
                        "resource": "manhunt:fortis/shield/shield_impact_time",
                        "change": -10
                    }
                ]
            },
            "bientity_action": {
                "type": "origins:and",
                "actions": [
                    {
                        "type": "origins:add_velocity",
                        "z": 1,
                        "y": 0.5
                    },
                    {
                        "type": "origins:damage",
                        "amount": 1,
                        "damage_type": "minecraft:player_attack"
                    }
                ]
            }
        },
        "interval": 1,
        "condition": {
            "type": "origins:resource",
            "resource": "manhunt:fortis/shield/shield_impact_time",
            "comparison": ">",
            "compare_to": 0
        }
    },
    "name": "Shield One Trick",
    "description": "Proficiency with shields is a skill that not too many consider valuable. But in the hands of a true master, the tables turn quite quickly.",
    "badges": [
        {
            "type": "origins:tooltip",
            "sprite": "origins:textures/gui/badge/star.png",
            "text": "Slam: Whilst on the ground, you slam your shield and launch yourself into the air. (If sneaking, it will not launch you)\n\nBash: Whilst in the air, bash forward and knock entities in front of you."
        },
        {
            "type": "origins:keybind",
            "sprite": "origins:textures/gui/badge/toggle.png",
            "text": "Whilst using a shield, slam/bash with %s!"
        },
        {
            "type": "origins:tooltip",
            "sprite": "manhunt:textures/icons/cooldown.png",
            "text": "Cooldown: 45s"
        }
    ]
}