{
    "type": "origins:multiple",
    "cooldown": {
        "type": "origins:resource",
        "min": 0,
        "max": 140,
        "start_value": 0,
        "hud_render": {
            "should_render": false
        }
    },
    "cooldown_down": {
        "type": "origins:action_over_time",
        "entity_action": {
            "type": "origins:change_resource",
            "resource": "manhunt:fortis/shield/shield_cooldown",
            "change": -1
        },
        "interval": 1
    },
    "bash": {
        "type": "origins:active_self",
        "entity_action": {
            "type": "origins:and",
            "actions": [
                {
                    "type": "origins:change_resource",
                    "resource": "manhunt:fortis/shield/shield_impact_time",
                    "change": 10
                },
                {
                    "type": "origins:change_resource",
                    "resource": "manhunt:fortis/shield/shield_cooldown",
                    "change": 135,
                    "operation": "set"
                },
                {
                    "type": "origins:add_velocity",
                    "z": 1,
                    "y": 0.05,
                    "space": "local_horizontal_normalized"
                },
                {
                    "type": "origins:swing_hand",
                    "hand": "MAIN_HAND"
                },
                {
                    "type": "origins:modify_inventory",
                    "item_condition": {
                        "type": "origins:ingredient",
                        "ingredient": {
                            "item": "minecraft:shield"
                        }
                    },
                    "item_action": {
                        "type": "apugli:cooldown",
                        "ticks": 140
                    }
                },
                {
                    "type": "origins:execute_command",
                    "command": "playsound minecraft:block.iron_trapdoor.close player @a ~ ~ ~ 2 0.5",
                    "permission_level": 4
                },
                {
                    "type": "origins:execute_command",
                    "command": "particle minecraft:dust_color_transition 0.55 0.55 0.65 1 0.7 0.7 0.9 ~ ~1 ~ 0.3 0.3 0.3 0.3 100",
                    "permission_level": 4
                },
                {
                    "type": "origins:execute_command",
                    "command": "particle minecraft:poof ~ ~1 ~ 0 0 0 0.3 30",
                    "permission_level": 4
                }
            ]
        },
        "cooldown": 1,
        "key": "key.attack",
        "hud_render": {
            "should_render": false
        },
        "condition": {
            "type": "origins:and",
            "conditions": [
                {
                    "type": "origins:resource",
                    "resource": "manhunt:fortis/shield/shield_cooldown",
                    "comparison": "==",
                    "compare_to": 0
                },
                {
                    "type": "origins:using_item",
                    "item_condition": {
                        "type": "origins:ingredient",
                        "ingredient": {
                            "item": "minecraft:shield"
                        }
                    }
                }
            ]
        }
    },
    "impact_time": {
        "type": "origins:resource",
        "min": 0,
        "max": 10,
        "start_value": 0,
        "hud_render": {
            "should_render": false
        }
    },
    "impact_down": {
        "type": "origins:action_over_time",
        "entity_action": {
            "type": "origins:change_resource",
            "resource": "manhunt:fortis/shield/shield_impact_time",
            "change": -1
        },
        "interval": 1
    },
    "impact": {
        "type": "origins:action_over_time",
        "entity_action": {
            "type": "origins:raycast",
            "block": true,
            "entity": true,
            "distance": 2.5,
            "space": "local_horizontal_normalized",
            "command_step": 0.25,
            "shape_type": "collider",
            "fluid_handling": "none",
            "hit_action": {
                "type": "origins:and",
                "actions": [
                    {
                        "type": "origins:add_velocity",
                        "z": -1,
                        "space": "local_horizontal_normalized",
                        "set": true
                    },
                    {
                        "type": "origins:execute_command",
                        "command": "playsound minecraft:item.shield.block player @a ~ ~ ~ 2 2",
                        "permission_level": 4
                    },
                    {
                        "type": "origins:execute_command",
                        "command": "playsound minecraft:item.shield.break player @a ~ ~ ~ 2 0.7",
                        "permission_level": 4
                    },
                    {
                        "type": "origins:change_resource",
                        "resource": "manhunt:fortis/shield/shield_impact_time",
                        "change": -10
                    }
                ]
            },
            "bientity_action": {
                "type": "origins:and",
                "actions": [
                    {
                        "type": "origins:add_velocity",
                        "z": 1,
                        "y": 0.5
                    },
                    {
                        "type": "origins:damage",
                        "amount": 1,
                        "damage_type": "minecraft:player_attack"
                    }
                ]
            }
        },
        "interval": 1,
        "condition": {
            "type": "origins:resource",
            "resource": "manhunt:fortis/shield/shield_impact_time",
            "comparison": ">",
            "compare_to": 0
        }
    },
    "short_disable": {
        "type": "origins:action_over_time",
        "rising_action": {
            "type": "origins:modify_inventory",
            "item_condition": {
                "type": "origins:and",
                "conditions": [
                    {
                        "type": "origins:ingredient",
                        "ingredient": {
                            "item": "minecraft:shield"
                        }
                    },
                    {
                        "type": "apugli:on_cooldown"
                    }
                ]
            },
            "item_action": {
                "type": "apugli:cooldown",
                "ticks": 80
            }
        },
        "condition": {
            "type": "origins:and",
            "conditions": [
                {
                    "type": "origins:inventory",
                    "process_mode": "items",
                    "item_condition": {
                        "type": "origins:and",
                        "conditions": [
                            {
                                "type": "origins:ingredient",
                                "ingredient": {
                                    "item": "minecraft:shield"
                                }
                            },
                            {
                                "type": "apugli:on_cooldown"
                            }
                        ]
                    },
                    "comparison": ">=",
                    "compare_to": 1
                },
                {
                    "type": "origins:resource",
                    "resource": "manhunt:fortis/shield/shield_cooldown",
                    "comparison": "==",
                    "compare_to": 0
                }
            ]
        },
        "interval": 1
    },
    "name": "Shield One Trick",
    "description": "Proficiency with shields is a skill that not too many consider valuable. But in the hands of a true master, the tables turn quite quickly.",
    "badges": [
        {
            "type": "origins:tooltip",
            "sprite": "origins:textures/gui/badge/star.png",
            "text": "Bash: Bash forward and knock entities in front of you.\n(Bashing puts the shield on cooldown as well)"
        },
        {
            "type": "origins:tooltip",
            "sprite": "origins:textures/gui/badge/star.png",
            "text": "Additionally, the shield's disabled cooldown (after being hit by an axe) is reduced by 20% (4s instead of 5s)!"
        },
        {
            "type": "origins:keybind",
            "sprite": "origins:textures/gui/badge/toggle.png",
            "text": "Whilst using a shield, bash with \"%s\"!"
        },
        {
            "type": "origins:tooltip",
            "sprite": "manhunt:textures/icons/misc/cooldown.png",
            "text": "Cooldown: 7s"
        }
    ]
}