{
    "type": "origins:multiple",
    "craft":{
        "type": "origins:item_on_item",
        "on_item_condition": {
            "type": "origins:and",
            "conditions": [
                {
                    "type": "origins:ingredient",
                    "ingredient": {
                        "item": "minecraft:potion"
                    }
                },
                {
                    "type": "origins:nbt",
                    "nbt": "{CustomPotionColor:9004728,display:{Name:'[\"\",{\"text\":\"Alchimia\\'s Concoction\",\"italic\":false,\"color\":\"dark_purple\",\"bold\":true}]'},Enchantments:[{}],CustomModelData:1,Tags:alchimia}"
                }
            ]
        },
        "using_item_condition": {
            "type": "origins:ingredient",
            "ingredient": {
                "item": "minecraft:glow_berries"
            }
        }, 
        "result_item_action": {
            "type": "origins:merge_nbt",
            "nbt": "{CustomPotionColor:16706109,display:{Name:'[\"\",{\"text\":\"Alchimia\\'s Awakened Eyes\",\"italic\":false,\"color\":\"yellow\",\"bold\":true}]'},Enchantments:[{}],CustomModelData:1,Tags:alchimia}"
        },
        "using_item_action": {
            "type": "origins:consume",
            "amount": 1
        }
    },
    "drink": {
        "type": "origins:action_on_item_use",
        "trigger": "finish",
        "entity_action": {
            "type": "origins:change_resource",
            "resource": "manhunt:alchimia/potion/eyes_duration",
            "change": 15
        },
        "item_condition": {
            "type": "origins:and",
            "conditions": [
                {
                    "type": "origins:ingredient",
                    "ingredient": {
                        "item": "minecraft:potion"
                    }
                },
                {
                    "type": "origins:nbt",
                    "nbt": "{CustomPotionColor:16706109,display:{Name:'[\"\",{\"text\":\"Alchimia\\'s Awakened Eyes\",\"italic\":false,\"color\":\"yellow\",\"bold\":true}]'},Enchantments:[{}],CustomModelData:1,Tags:alchimia}"
                }
            ]
        }
    },
    "duration": {
        "type": "origins:resource",
        "min": 0,
        "max": 15,
        "start_value": 0,
        "hud_render": {
            "should_render": false
        }
    },
    "duration_down": {
        "type": "origins:action_over_time",
        "entity_action": {
            "type": "origins:and",
            "actions": [
                {
                    "type": "origins:change_resource",
                    "resource": "manhunt:alchimia/potion/eyes_duration",
                    "change": -1
                }
            ]
        },
        "interval": 20,
        "condition": {
            "type": "origins:resource",
            "resource": "manhunt:alchimia/potion/eyes_duration",
            "comparison": ">",
            "compare_to": 0
        }
    },
    "glow": {
        "type": "origins:entity_glow",
        "bientity_condition": {
            "type": "origins:and",
            "conditions": [
                {
                    "type": "origins:distance",
                    "comparison": "<=",
                    "compare_to": 24
                },
                {
                    "type": "origins:target_condition",
                    "condition": {
                        "type": "origins:origin",
                        "origin": "manhunt:hunter",
                        "layer": "origins:origin"
                    }
                },
                {
                    "type": "origins:actor_condition",
                    "condition": {
                        "type": "origins:resource",
                        "resource": "manhunt:alchimia/potion/eyes_duration",
                        "comparison": ">",
                        "compare_to": 0
                    }
                }
            ]
        },
        "use_teams": false,
        "red": 0.9,
        "green": 1.0,
        "blue": 0.0
    },
    "hidden": true
}