{
    "type": "origins:multiple",
    "drink": {
        "type": "origins:action_on_item_use",
        "trigger": "finish",
        "entity_action": {
            "type": "origins:change_resource",
            "resource": "manhunt:alchimia/potion/heal_duration",
            "change": 10
        },
        "item_condition": {
            "type": "origins:and",
            "conditions": [
                {
                    "type": "origins:ingredient",
                    "ingredient": {
                        "item": "minecraft:potion"
                    }
                },
                {
                    "type": "origins:nbt",
                    "nbt": "{CustomPotionColor:9004728,display:{Name:'[\"\",{\"text\":\"Alchimia\\'s Concoction\",\"italic\":false,\"color\":\"dark_purple\",\"bold\":true}]'},Enchantments:[{}],CustomModelData:1}"
                }
            ]
        }
    },
    "duration": {
        "type": "origins:resource",
        "min": 0,
        "max": 10,
        "start_value": 0,
        "hud_render": {
            "should_render": false
        }
    },
    "regen": {
        "type": "origins:action_over_time",
        "entity_action": {
            "type": "origins:and",
            "actions": [
                {
                    "type": "origins:change_resource",
                    "resource": "manhunt:alchimia/potion/heal_duration",
                    "change": -1
                },
                {
                    "type": "origins:execute_command",
                    "command": "particle minecraft:dust_color_transition 0.7 0 0.4 1 1 0 0.6 ~ ~1 ~ 0.3 0.2 0.3 1 100",
                    "permission_level": 4
                },
                {
                    "type": "origins:execute_command",
                    "command": "playsound minecraft:entity.allay.item_given player @a ~ ~ ~ 3 2",
                    "permission_level": 4
                },
                {
                    "type": "origins:heal",
                    "amount": 4
                }
            ]
        },
        "interval": 10,
        "condition": {
            "type": "origins:resource",
            "resource": "manhunt:alchimia/potion/heal_duration",
            "comparison": ">",
            "compare_to": 0
        }
    },
    "hidden": true
}