{
    "type": "origins:multiple",
    "craft":{
        "type": "origins:item_on_item",
        "on_item_condition": {
            "type": "origins:and",
            "conditions": [
                {
                    "type": "origins:ingredient",
                    "ingredient": {
                        "item": "minecraft:potion"
                    }
                },
                {
                    "type": "origins:nbt",
                    "nbt": "{CustomPotionColor:9004728,display:{Name:'[\"\",{\"text\":\"Alchimia\\'s Concoction\",\"italic\":false,\"color\":\"dark_purple\",\"bold\":true}]'},Enchantments:[{}],CustomModelData:1,Tags:alchimia}"
                }
            ]
        },
        "using_item_condition": {
            "type": "origins:ingredient",
            "ingredient": {
                "item": "minecraft:blaze_powder"
            }
        },
        "result_item_action":  {
            "type": "origins:merge_nbt",
            "nbt": "{CustomPotionColor:11546150,display:{Name:'[\"\",{\"text\":\"Alchimia\\'s Boiling Strength\",\"italic\":false,\"color\":\"dark_red\",\"bold\":true}]'},Enchantments:[{}],CustomModelData:1,Tags:alchimia}"
        },
        "using_item_action": {
            "type": "origins:consume",
            "amount": 1
        }
    },
    "drink": {
        "type": "origins:action_on_item_use",
        "trigger": "finish",
        "entity_action": {
            "type": "origins:change_resource",
            "resource": "manhunt:alchimia/potion/strength_duration",
            "change": 15
        },
        "item_condition": {
            "type": "origins:and",
            "conditions": [
                {
                    "type": "origins:ingredient",
                    "ingredient": {
                        "item": "minecraft:potion"
                    }
                },
                {
                    "type": "origins:nbt",
                    "nbt": "{CustomPotionColor:11546150,display:{Name:'[\"\",{\"text\":\"Alchimia\\'s Boiling Strength\",\"italic\":false,\"color\":\"dark_red\",\"bold\":true}]'},Enchantments:[{}],CustomModelData:1,Tags:alchimia}"
                }
            ]
        }
    },
    "duration": {
        "type": "origins:resource",
        "min": 0,
        "max": 15,
        "start_value": 0,
        "hud_render": {
            "should_render": false
        }
    },
    "duration_down": {
        "type": "origins:action_over_time",
        "entity_action": {
            "type": "origins:and",
            "actions": [
                {
                    "type": "origins:change_resource",
                    "resource": "manhunt:alchimia/potion/strength_duration",
                    "change": -1
                }
            ]
        },
        "interval": 20,
        "condition": {
            "type": "origins:resource",
            "resource": "manhunt:alchimia/potion/strength_duration",
            "comparison": ">",
            "compare_to": 0
        }
    },
    "damage": {
        "type": "origins:modify_damage_dealt",
        "modifier": {
            "operation": "addition",
            "value": 2
        }
    },
    "hidden": true
}