{
    "type": "origins:multiple",
    "notification": {
        "type": "origins:action_on_callback",
        "entity_action_removed": {
            "type": "origins:execute_command",
            "command": "tag @s remove saved"
        },
        "execute_chosen_when_orb": true
    },
    "activate": {
        "type": "origins:active_self",
        "entity_action": {
            "type": "origins:and",
            "actions": [
                {
                    "type": "origins:execute_command",
                    "command": "playsound minecraft:block.note_block.chime player @a ~ ~ ~ 2 1"
                },
                {
                    "type": "origins:execute_command",
                    "command": "tag @s add saved"
                },
                {
                    "type": "origins:execute_command",
                    "command": "particle minecraft:end_rod ~ ~1 ~ 0 0 0 0.5 50"
                }
            ]
        },
        "key": {
            "key": "key.saveToolbarActivator"
        },
        "cooldown": 1,
        "hud_render": {
            "should_render":  false
        },
        "condition": {
            "type": "origins:command",
            "command": "execute if entity @s[tag=saved]",
            "comparison": "==",
            "compare_to": 0
        }
    },
    "hidden": true
}