{
    "type": "origins:multiple",
    "windup": {
        "type": "origins:resource",
        "min": 0,
        "max": 100,
        "start_value": 0,
        "hud_render": {
            "should_render": false
        },
        "min_action": {
            "type": "origins:and",
            "actions": [
                {
                    "type": "origins:execute_command",
                    "command": "execute at @a[tag=saved] run particle minecraft:enchant ~ ~1 ~ 0.5 0.5 0.5 0.1 1000"
                },
                {
                    "type": "origins:execute_command",
                    "command": "execute at @a[tag=saved] run playsound minecraft:block.amethyst_block.chime player @a ~ ~ ~ 1 0.5"
                },
                {
                    "type": "origins:execute_command",
                    "command": "tp @a[tag=saved] @s"
                },
                {
                    "type": "origins:execute_command",
                    "command": "effect give @a[tag=saved] minecraft:instant_health 1 2"
                },
                {
                    "type": "origins:execute_command",
                    "command": "effect give @a[tag=saved] minecraft:slowness 15 2"
                },
                {
                    "type": "origins:set_fall_distance",
                    "fall_distance": 0
                },
                {
                    "type": "origins:add_velocity",
                    "x": 0,
                    "y": 0,
                    "z": 0,
                    "set": true
                },
                {
                    "type": "origins:execute_command",
                    "command": "power remove @a manhunt:guardian/savior/savior_tag"
                }
            ]
        }
    },
    "windup_ticking": {
        "type": "origins:action_over_time",
        "entity_action": {
            "type": "origins:and",
            "actions": [
                {
                    "type": "origins:change_resource",
                    "resource": "manhunt:guardian/savior/savior_windup",
                    "change": -10
                }
            ]
        },
        "interval": 10
    },
    "no_move": {
        "type": "origins:modify_velocity",
        "axes": [
            "x",
            "y",
            "z"
        ],
        "modifier": {
            "operation": "multiply_total",
            "value": -1
        },
        "condition": {
            "type": "origins:resource",
            "resource": "manhunt:guardian/savior/savior_windup",
            "comparison": ">",
            "compare_to": 0
        }
    },
    "particles":{
        "type": "origins:action_over_time",
        "entity_action": {
            "type": "origins:execute_command",
            "command": "particle minecraft:end_rod ~ ~1 ~ 0 0 0 0.08 5"
        },
        "interval": 1,
        "condition": {
            "type": "origins:resource",
            "resource": "manhunt:guardian/savior/savior_windup",
            "comparison": ">",
            "compare_to": 0
        }
    },
    "cancel": {
        "type": "origins:action_when_damage_taken",
        "entity_action": {
            "type": "origins:and",
            "actions": [
                {
                    "type": "origins:execute_command",
                    "command": "power remove @s manhunt:guardian/savior/savior_windup"
                },
                {
                    "type": "origins:execute_command",
                    "command": "resource set @e[limit=1,sort=nearest,type=armor_stand,tag=shield_guardian] manhunt:guardian/savior/savior_shield_duration 0"
                }
            ]
        },
        "cooldown": 1,
        "condition": {
            "type": "origins:resource",
            "resource": "manhunt:guardian/savior/savior_windup",
            "comparison": ">",
            "compare_to": 0
        }
    },
    "activate": {
        "type": "origins:active_self",
        "entity_action": {
            "type": "origins:and",
            "actions": [
                {
                    "type": "origins:execute_command",
                    "command": "power grant @s manhunt:guardian/savior/savior_windup"
                },
                {
                    "type": "origins:execute_command",
                    "command": "tellraw @a[distance=0.1..,tag=hunter] [\"\",\"Accept teleport from \",{\"selector\":\"@s\",\"bold\":true,\"color\":\"gold\"},\"?    \",{\"text\":\"[PRESS \",\"bold\":true,\"underlined\":true,\"color\":\"green\"},{\"keybind\":\"key.saveToolbarActivator\",\"bold\":true,\"color\":\"dark_green\"},{\"text\":\" TO ACCEPT]\",\"bold\":true,\"underlined\":true,\"color\":\"green\"}]"
                },
                {
                    "type": "origins:execute_command",
                    "command": "power grant @a[distance=0.1..,tag=hunter] manhunt:guardian/savior/savior_tag"
                },
                {
                    "type": "origins:execute_command",
                    "command": "resource set @s manhunt:guardian/savior/savior_windup 100"
                },
                {
                    "type": "origins:spawn_entity",
                    "entity_type": "minecraft:item_display",
                    "tag": "{view_range:12f,Tags:[\"shield_guardian\"],Passengers:[{id:\"minecraft:armor_stand\",Marker:1b,Invisible:1b,Tags:[\"shield_guardian\"]}],brightness:{sky:15,block:15},transformation:{left_rotation:[0f,0f,0f,1f],right_rotation:[0f,0f,0f,1f],translation:[0f,0f,0f],scale:[4f,4f,4f]},item:{id:\"minecraft:iron_chestplate\",Count:1b,tag:{CustomModelData:1,Enchantments:[{}]}}}",
                    "entity_action": {
                        "type": "origins:and",
                        "actions": [
                            {
                                "type": "origins:execute_command",
                                "command": "execute on passengers run power grant @s manhunt:guardian/savior/savior_shield",
                                "permission_level": 4
                            },
                            {
                                "type": "origins:execute_command",
                                "command": "tp @s ~ ~5 ~ ~ ~",
                                "permission_level": 4
                            },
                            {
                                "type": "origins:execute_command",
                                "command": "data modify entity @s Rotation[1] set value 0f",
                                "permission_level": 4
                            }
                        ]
                    }
                }
            ]
        },
        "key": {
            "key": "key.origins.primary_active"
        },
        "cooldown": 3600,
        "hud_render": {
            "sprite_location": "origins:textures/gui/resource_bar.png",
            "bar_index": 4,
            "should_render": true
        }
    },
    "name": "Savior of All",
    "description":"Drag your team to your side and heal them by teleporting to them to you.",
    "badges": [
        {
            "type": "origins:tooltip",
            "sprite": "origins:textures/gui/badge/star.png",
            "text": "After 5 seconds, those that accepted will teleport to you and be healed.\n(Taking damage whilst casting the teleport will cancel it)"
        },
        {
            "type": "origins:keybind",
            "sprite": "origins:textures/gui/badge/toggle.png",
            "text": "Drag them with %s!"
        },
        {
            "type": "origins:tooltip",
            "sprite": "manhunt:textures/icons/cooldown.png",
            "text": "Cooldown: 1m30s"
        }
    ]
}