{
    "type": "origins:multiple",
	"perform": {
		"type": "origins:active_self",
		"entity_action": {
			"type": "origins:and",
			"actions": [
				{
					"type": "origins:add_velocity",
					"z": 0.45,
					"space": "local"
				},
				{
					"type": "origins:play_sound",
					"sound": "minecraft:entity.ender_dragon.flap"
				},
                {
                    "type": "origins:execute_command",
                    "command": "execute at @s run particle minecraft:firework ~ ~ ~ 0.2 0.05 0.2 0.05 20 normal",
                    "permission_level": 4
                },
				{
                    "type": "origins:execute_command",
                    "command": "execute at @s run particle minecraft:cloud ~ ~ ~ 0.2 0.05 0.2 0.05 10 normal",
                    "permission_level": 4
                },
				{
					"type": "origins:set_fall_distance",
					"fall_distance": 0
				}
			]
		},
		"condition": {
			"type": "origins:and",
			"conditions": [
				{
					"type": "origins:fluid_height",
					"fluid": "minecraft:water",
					"comparison": "==",
					"compare_to": 0
				},
				{
					"type": "origins:fluid_height",
					"fluid": "minecraft:lava",
					"comparison": "==",
					"compare_to": 0
				}
			]
		},
		"cooldown": 60,
		"hud_render": {
			"should_render": true,
			"sprite_location": "manhunt:textures/bars1.png",
			"bar_index": 1
		},
		"key": {
			"key": "key.origins.primary_active",
			"continuous": false
		}
	},
    "name": "Dash",
    "description": "Do a light dash every now and then.",
	"badges": [
        {
            "type": "origins:tooltip",
            "sprite": "origins:textures/gui/badge/star.png",
            "text": "(Can be used to negate fall damage)"
        },
        {
            "type": "origins:keybind",
            "sprite": "origins:textures/gui/badge/toggle.png",
            "text": "Dash with %s!"
        },
        {
            "type": "origins:tooltip",
            "sprite": "manhunt:textures/icons/cooldown.png",
            "text": "Cooldown: 3s"
        }
    ]
}
