{
    "type": "origins:multiple",
    "charging": {
        "type": "origins:resource",
        "min": 0,
        "max": 9,
        "start_value": 0,
        "hud_render": {
            "should_render": false
        },
        "max_action": {
			"type": "origins:and",
			"actions": [
                {
                    "type": "origins:execute_command",
                    "command": "playsound minecraft:entity.phantom.flap player @s ~ ~ ~ 3 2",
                    "permission_level": 4
                },
				{
                    "type": "origins:execute_command",
                    "command": "playsound minecraft:block.note_block.basedrum player @s ~ ~ ~ 3 2",
                    "permission_level": 4
                }
			]
		}
    },
    "charging_up": {
        "type": "origins:action_over_time",
        "entity_action": {
            "type": "origins:change_resource",
            "resource": "manhunt:scout/speed_charging",
            "change": 1
        },
        "interval": 1,
        "condition": {
            "type": "apugli:entity_in_radius",
            "condition": {
                "type": "origins:and",
                "conditions": [
                    {
                        "type": "apoli:entity_type",
                        "entity_type": "minecraft:player"
                    },
                    {
                        "type": "origins:origin",
                        "origin": "manhunt:runner",
                        "layer": "origins:origin"
                    }
                ]
            },
            "radius": 64.0,
            "comparison": "==",
            "compare_to": 0
        }
    },
    "charging_down": {
        "type": "origins:action_over_time",
        "entity_action": {
            "type": "origins:change_resource",
            "resource": "manhunt:scout/speed_charging",
            "change": -1
        },
        "interval": 1,
        "condition": {
            "type": "apugli:entity_in_radius",
            "condition": {
                "type": "origins:and",
                "conditions": [
                    {
                        "type": "apoli:entity_type",
                        "entity_type": "minecraft:player"
                    },
                    {
                        "type": "origins:origin",
                        "origin": "manhunt:runner",
                        "layer": "origins:origin"
                    }
                ]
            },
            "radius": 64.0,
            "comparison": ">=",
            "compare_to": 1
        }
    },
    "more_speed": {
        "type": "origins:conditioned_attribute",
        "modifier": {
            "name": "Increase speed",
            "attribute": "minecraft:generic.movement_speed",
            "value": 0.3,
            "operation": "multiply_total"
        },
        "condition": {
            "type": "origins:resource",
            "resource": "manhunt:scout/speed_charging",
            "comparison": "==",
            "compare_to": 9
        }
    },
    "more_air_speed": {
        "type": "origins:modify_velocity",
        "axes": [
            "z",
            "x"
        ],
        "modifier": {
            "operation": "multiply_total",
            "value": 0.1
        },
        "condition": {
            "type": "origins:and",
            "conditions": [
                {
                    "type": "origins:on_block",
                    "inverted": true
                },
                {
                    "type": "origins:resource",
                    "resource": "manhunt:scout/speed_charging",
                    "comparison": "==",
                    "compare_to": 9
                }
            ]
        }
    },
    "overlay_inactive":{
        "type": "origins:overlay",
        "texture": "manhunt:textures/gui/scout_inactive.png",
        "strength": 1.0,
        "red": 1.0,
        "green": 1.0,
        "blue": 1.0,
        "draw_mode": "texture",
        "draw_phase": "below_hud",
        "hide_with_hud": false,
        "visible_in_third_person": false,
        "condition": {
            "type": "origins:resource",
            "resource": "manhunt:scout/speed_charging",
            "comparison": "==",
            "compare_to": 0
        }
    },
    "overlay1":{
        "type": "origins:overlay",
        "texture": "manhunt:textures/gui/scout_anim1.png",
        "strength": 1.0,
        "red": 1.0,
        "green": 1.0,
        "blue": 1.0,
        "draw_mode": "texture",
        "draw_phase": "below_hud",
        "hide_with_hud": false,
        "visible_in_third_person": false,
        "condition": {
            "type": "origins:resource",
            "resource": "manhunt:scout/speed_charging",
            "comparison": "==",
            "compare_to": 1
        }
    },
    "overlay2":{
        "type": "origins:overlay",
        "texture": "manhunt:textures/gui/scout_anim2.png",
        "strength": 1.0,
        "red": 1.0,
        "green": 1.0,
        "blue": 1.0,
        "draw_mode": "texture",
        "draw_phase": "below_hud",
        "hide_with_hud": false,
        "visible_in_third_person": false,
        "condition": {
            "type": "origins:resource",
            "resource": "manhunt:scout/speed_charging",
            "comparison": "==",
            "compare_to": 2
        }
    },
    "overlay3":{
        "type": "origins:overlay",
        "texture": "manhunt:textures/gui/scout_anim3.png",
        "strength": 1.0,
        "red": 1.0,
        "green": 1.0,
        "blue": 1.0,
        "draw_mode": "texture",
        "draw_phase": "below_hud",
        "hide_with_hud": false,
        "visible_in_third_person": false,
        "condition": {
            "type": "origins:resource",
            "resource": "manhunt:scout/speed_charging",
            "comparison": "==",
            "compare_to": 3
        }
    },
    "overlay4":{
        "type": "origins:overlay",
        "texture": "manhunt:textures/gui/scout_anim4.png",
        "strength": 1.0,
        "red": 1.0,
        "green": 1.0,
        "blue": 1.0,
        "draw_mode": "texture",
        "draw_phase": "below_hud",
        "hide_with_hud": false,
        "visible_in_third_person": false,
        "condition": {
            "type": "origins:resource",
            "resource": "manhunt:scout/speed_charging",
            "comparison": "==",
            "compare_to": 4
        }
    },
    "overlay5":{
        "type": "origins:overlay",
        "texture": "manhunt:textures/gui/scout_anim5.png",
        "strength": 1.0,
        "red": 1.0,
        "green": 1.0,
        "blue": 1.0,
        "draw_mode": "texture",
        "draw_phase": "below_hud",
        "hide_with_hud": false,
        "visible_in_third_person": false,
        "condition": {
            "type": "origins:resource",
            "resource": "manhunt:scout/speed_charging",
            "comparison": "==",
            "compare_to": 5
        }
    },
    "overlay6":{
        "type": "origins:overlay",
        "texture": "manhunt:textures/gui/scout_anim6.png",
        "strength": 1.0,
        "red": 1.0,
        "green": 1.0,
        "blue": 1.0,
        "draw_mode": "texture",
        "draw_phase": "below_hud",
        "hide_with_hud": false,
        "visible_in_third_person": false,
        "condition": {
            "type": "origins:resource",
            "resource": "manhunt:scout/speed_charging",
            "comparison": "==",
            "compare_to": 6
        }
    },
    "overlay7":{
        "type": "origins:overlay",
        "texture": "manhunt:textures/gui/scout_anim7.png",
        "strength": 1.0,
        "red": 1.0,
        "green": 1.0,
        "blue": 1.0,
        "draw_mode": "texture",
        "draw_phase": "below_hud",
        "hide_with_hud": false,
        "visible_in_third_person": false,
        "condition": {
            "type": "origins:resource",
            "resource": "manhunt:scout/speed_charging",
            "comparison": "==",
            "compare_to": 7
        }
    },
    "overlay8":{
        "type": "origins:overlay",
        "texture": "manhunt:textures/gui/scout_anim8.png",
        "strength": 1.0,
        "red": 1.0,
        "green": 1.0,
        "blue": 1.0,
        "draw_mode": "texture",
        "draw_phase": "below_hud",
        "hide_with_hud": false,
        "visible_in_third_person": false,
        "condition": {
            "type": "origins:resource",
            "resource": "manhunt:scout/speed_charging",
            "comparison": "==",
            "compare_to": 8
        }
    },
    "overlay_active":{
        "type": "origins:overlay",
        "texture": "manhunt:textures/gui/scout.png",
        "strength": 1.0,
        "red": 1.0,
        "green": 1.0,
        "blue": 1.0,
        "draw_mode": "texture",
        "draw_phase": "below_hud",
        "hide_with_hud": false,
        "visible_in_third_person": false,
        "condition": {
            "type": "origins:resource",
            "resource": "manhunt:scout/speed_charging",
            "comparison": "==",
            "compare_to": 9
        }
    },
    "name": "COME BACK HERE",
    "description": "You go faster when there is no runner in a 96 block radius.",
    "badges": [
        {
            "type": "origins:tooltip",
            "sprite": "origins:textures/gui/badge/star.png",
            "text": "(20% speed increase)\n(Icon on top of the hotbar indicates its current state)"
        }
    ]
}