{
    "type": "origins:multiple",
    "activate": {
        "type": "origins:active_self",
        "entity_action": {
            "type": "origins:and",
            "actions": [
                {
                    "type": "origins:execute_command",
                    "command": "power grant @s manhunt:berserker/beast/beast_effects"
                },
                {
                    "type": "origins:if_else_list",
                    "actions": [
                        {
                            "condition": {
                                "type": "origins:health",
                                "comparison": ">=",
                                "compare_to": 12
                            },
                            "action": {
                                "type": "origins:change_resource",
                                "resource": "manhunt:berserker/beast/beast_effects_duration",
                                "change": -100
                            }
                        },
                        {
                            "condition": {
                                "type": "origins:health",
                                "comparison": ">=",
                                "compare_to": 10
                            },
                            "action": {
                                "type": "origins:change_resource",
                                "resource": "manhunt:berserker/beast/beast_effects_duration",
                                "change": -80
                            }
                        },
                        {
                            "condition": {
                                "type": "origins:health",
                                "comparison": ">=",
                                "compare_to": 8
                            },
                            "action": {
                                "type": "origins:change_resource",
                                "resource": "manhunt:berserker/beast/beast_effects_duration",
                                "change": -60
                            }
                        },
                        {
                            "condition": {
                                "type": "origins:health",
                                "comparison": ">=",
                                "compare_to": 6
                            },
                            "action": {
                                "type": "origins:change_resource",
                                "resource": "manhunt:berserker/beast/beast_effects_duration",
                                "change": -40
                            }
                        },
                        {
                            "condition": {
                                "type": "origins:health",
                                "comparison": ">=",
                                "compare_to": 4
                            },
                            "action": {
                                "type": "origins:change_resource",
                                "resource": "manhunt:berserker/beast/beast_effects_duration",
                                "change": -20
                            }
                        }
                    ]
                },   
                {
                    "type": "eggolib:modify_health",
                    "modifier": {
                        "operation": "set_total",
                        "value": 1
                    }
                },           
                {
                    "type": "origins:execute_command",
                    "command": "playsound minecraft:entity.hoglin.converted_to_zombified player @a ~ ~ ~ 5 0.5"
                },
                {
                    "type": "origins:execute_command",
                    "command": "tp @s ~ ~ ~ ~ -180"
                }
            ]
        },
        "key": {
            "key": "key.origins.secondary_active"
        },
        "cooldown": 10,
        "hud_render": {
            "should_render": false
        }
    },
    "name": "THE BEAST INSIDE",
    "description": "For the price of your life, you unleash the unstoppable beast within to be granted extreme strength.",
    "badges": [
        {
            "type": "origins:tooltip",
            "sprite": "origins:textures/gui/badge/star.png",
            "text": "Sacrifice all your health to become unkillable for 10 seconds.\nAfter 10 seconds, you will become weakened (see \"weakened\" badge).\nIf you use the ability at lower health, you will get more duration (Below 5 hearts, one heart equals 1 second)"
        },
        {
            "type": "origins:tooltip",
            "sprite": "origins:textures/gui/badge/star.png",
            "text": "Weakened: 7s of 30% less speed and inability to heal."
        },
        {
            "type": "origins:tooltip",
            "sprite": "origins:textures/gui/badge/star.png",
            "text": "Unstoppable: 10 seconds of +3 damage and 10% more movement speed.\nAdditionally, you can use bleeding axe indefinitely."
        },
        {
            "type": "origins:keybind",
            "sprite": "origins:textures/gui/badge/toggle.png",
            "text": "Unleash with %s!"
        }
    ]
}