{
	"type": "origins:multiple",
	"souls": {
		"type": "origins:resource",
		"min": 0,
		"max": 14,
		"start_value": 0,
		"hud_render": {
			"should_render": true,
			"sprite_location": "manhunt:textures/ritualist.png",
			"bar_index": 0
		}
	},
	"soul_gain": {
		"type": "origins:action_on_hit",
		"bientity_action": {
			"type": "origins:target_action",
			"action": {
				"type": "origins:spawn_entity",
				"entity_type": "minecraft:item",
				"tag": "{Age:5800,PickupDelay:10,Invulnerable:1b,Tags:[\"soul\"],Item:{id:\"minecraft:cyan_dye\",Count:1b,tag:{display:{Name:'{\"text\":\"Soul\",\"color\":\"aqua\",\"bold\":true}'},CustomModelData:1}}}"
			}
		},
		"bientity_condition": {
			"type": "origins:target_condition",
			"condition": {
				"type": "origins:and",
				"conditions": [
					{
						"type": "origins:entity_type",
						"entity_type": "minecraft:player"
					},
					{
						"type": "origins:origin",
						"origin": "manhunt:runner",
						"layer": "origins:origin"
					}
				]
			}
		}
	},
	"soul_kill": {
		"type": "apugli:action_on_target_death",
		"bientity_action": {
			"type": "origins:target_action",
			"action": {
				"type": "origins:spawn_entity",
				"entity_type": "minecraft:item",
				"tag": "{Age:5800,PickupDelay:10,Invulnerable:1b,Tags:[\"soul\"],Item:{id:\"minecraft:cyan_dye\",Count:1b,tag:{display:{Name:'{\"text\":\"Soul\",\"color\":\"aqua\",\"bold\":true}'},CustomModelData:1}}}"
			}
		},
		"cooldown": 1,
		"includes_prime_adversary": false
	},
	"crit_gain": {
		"type": "eggolib:action_on_critical_hit",
		"bientity_action": {
			"type": "origins:target_action",
			"action": {
				"type": "origins:spawn_entity",
				"entity_type": "minecraft:item",
				"tag": "{Age:5400,PickupDelay:10,Invulnerable:1b,Item:{id:\"minecraft:cyan_dye\",Count:1b,tag:{display:{Name:'{\"text\":\"Soul\",\"color\":\"aqua\",\"bold\":true}'},CustomModelData:1}}}"
			}
		},
		"bientity_condition": {
			"type": "origins:target_condition",
			"condition": {
				"type": "origins:and",
				"conditions": [
					{
						"type": "origins:entity_type",
						"entity_type": "minecraft:player"
					},
					{
						"type": "origins:origin",
						"origin": "manhunt:runner",
						"layer": "origins:origin"
					}
				]
			}
		}
	},
	"ritual": {
		"type": "eggolib:action_on_critical_hit",
		"bientity_action": {
			"type": "origins:target_action",
			"action": {
				"type": "origins:spawn_entity",
				"entity_type": "minecraft:item",
				"tag": "{Age:5400,PickupDelay:10,Invulnerable:1b,Item:{id:\"minecraft:cyan_dye\",Count:1b,tag:{display:{Name:'{\"text\":\"Soul\",\"color\":\"aqua\",\"bold\":true}'},CustomModelData:1}}}"
			}
		},
		"bientity_condition": {
			"type": "origins:target_condition",
			"condition": {
				"type": "origins:and",
				"conditions": [
					{
						"type": "origins:entity_type",
						"entity_type": "minecraft:player"
					},
					{
						"type": "origins:power",
						"power": "manhunt:ritualist/ritual/preyed"
					}
				]
			}
		}
	},
	"soul_pull": {
		"type": "origins:action_over_time",
		"entity_action": {
			"type": "origins:area_of_effect",
			"radius": 4,
			"bientity_action": {
				"type": "origins:add_velocity",
				"z": -0.1
			},
			"bientity_condition": {
				"type": "origins:target_condition",
				"condition": {
					"type": "origins:and",
					"conditions": [
						{
							"type": "origins:entity_type",
							"entity_type": "minecraft:item"
						},
						{
							"type": "origins:nbt",
							"nbt": "{Tags: ['soul']}"
						}
					]
				}
			}
		},
		"interval": 1
	},
	"soul_consume": {
		"type": "origins:action_over_time",
		"entity_action": {
			"type": "origins:modify_inventory",
			"inventory_type": "inventory",
			"item_condition": {
				"type": "origins:and",
				"conditions": [
					{
						"type": "origins:nbt",
						"nbt": "{CustomModelData:1}"
					},
					{
						"type": "origins:ingredient",
						"ingredient": {
							"item": "minecraft:cyan_dye"
						}
					}
				]
			},
			"entity_action": {
				"type": "origins:and",
				"actions": [
					{
						"type": "origins:if_else",
						"condition": {
							"type": "origins:power",
							"power": "manhunt:ritualist/wrath/wrath_effects"
						},
						"if_action": {
							"type": "origins:and",
							"actions": [
								{
									"type": "origins:heal",
									"amount": 2.0
								},
								{
									"type": "origins:change_resource",
									"resource": "manhunt:ritualist/wrath/wrath_effects_duration",
									"change": 10
								}
							]
						},
						"else_action": {
							"type": "origins:change_resource",
							"resource": "manhunt:ritualist/sacrifice_souls",
							"change": 1
						}
					},
					{
						"type": "origins:feed",
						"food": 2,
						"saturation": 0.2
					},
					{
						"type": "origins:execute_command",
						"command": "particle minecraft:sculk_soul ~ ~1 ~ 0.3 0 0.3 0 10"
					},
					{
						"type": "origins:execute_command",
						"command": "playsound minecraft:block.respawn_anchor.charge player @a ~ ~ ~ 3 2"
					}
				]
			},
			"item_action": {
				"type": "origins:consume",
				"amount": 1
			}
		},
		"interval": 1
	},
	"name": "Sacrifice",
	"description": "Sacrifice and store the souls of those you vanquish. Up to 14 of them may be stored at once.",
	"badges": [
		{
			"type": "origins:tooltip",
			"sprite": "origins:textures/gui/badge/star.png",
			"text": "Hitting a runner or killing an entity grants one soul.\nAdditionally, doing a critical hit grants two instead."
		}
	]
}