{
	"powers": [
		"manhunt:angler/fishing/throw",
		"manhunt:angler/fishing/fishout",
        "manhunt:angler/sword/dash",
        "manhunt:angler/sword/transfish",
        "manhunt:angler/pescivore",
		"manhunt:angler/fishing/fishloot",
        "origins:no_shield"
	],
	"icon": {
		"item": "minecraft:iron_sword",
		"tag": "{Enchantments:[{}],CustomModelData:1}"
	},
	"order": 10,
	"impact": 3,
	"name": "Angler",
	"description": "         [§cRIVALS ✘§r]\nOh! Didn't see ya there pa'tner. I was too busy catching the runner lacking."
}
