{
	"powers": [
        "manhunt:guardian/savior/savior",
		"manhunt:guardian/protector",
		"manhunt:guardian/launch/launch",
		"manhunt:guardian/launch/pickup",
		"manhunt:guardian/slow",
		"manhunt:guardian/hungry"
	],
	"icon": {
		"item": "minecraft:tide_armor_trim_smithing_template",
		"tag": "{Enchantments:[{}],CustomModelData:1}"
	},
	"order": 10,
	"impact": 3,
	"name": "Guardian",
	"description": "         [§7PILLAR 回§r]\nThe Guardian can use their abilities to keep their teammates alive and ready for combat at any time."
}
