{
	"powers": [
		"manhunt:herald/boost/boost",
		"manhunt:herald/bark/bark_shield",
		"manhunt:herald/cleric",
		"origins:more_exhaustion",
		"origins:nine_lives",
		"manhunt:herald/fire_weak"
	],
	"icon": {
		"item": "minecraft:wild_armor_trim_smithing_template",
		"tag": "{Enchantments:[{}],CustomModelData:1}"
	},
	"order": 10,
	"impact": 1,
	"name": "Herald",
	"description": "       [§eASSISTANCE ✦§r]\nThe Herald is the leader of the group; they lead with their supportive powers to get an advantage on the runner."
}
