{
	"powers": [
		"manhunt:ritualist/sacrifice",
		"manhunt:ritualist/wrath",
		"manhunt:ritualist/soul_teleport",
		"manhunt:ritualist/soul_barrier",
		"origins:nine_lives"
	],
	"icon": {
		"item": "minecraft:soul_sand",
		"tag": "{Enchantments:[{}],CustomModelData:1}"
	},
	"order": 10,
	"impact": 1,
	"name": "Ritualist",
	"description": "With an inner connection to souls of the deceased, the Ritualist takes advantage of them for a plethora of utilities. A jack of all trades, but it requires effort."
}
