{
    "type": "origins:multiple",
    "active": {
        "type": "origins:active_self",
        "entity_action": {
            "type": "origins:and",
            "actions": [
                {
                    "type": "origins:change_resource",
                    "resource": "manhunt:reaper/soul_teleport_charges",
                    "change": 3
                },
                {
                    "type": "origins:change_resource",
                    "resource": "manhunt:reaper/echo_delay",
                    "change": 100,
                    "operation": "set"
                },
                {
                    "type": "origins:execute_command",
                    "command": "playsound minecraft:entity.elder_guardian.death player @a ~ ~ ~ 1 2"
                },
                {
                    "type": "origins:execute_command",
                    "command": "particle minecraft:dust_color_transition 0 0.1 0.1 1 0 0.5 0.6 ~ ~1 ~ 0.3 0.2 0.3 0.3 40"
                },
                {
                    "type": "origins:execute_command",
                    "command": "particle minecraft:sculk_soul ~ ~1 ~ 0.3 0.2 0.3 0.03 20"
                }
            ]
        },
        "cooldown": 1800,
        "condition": {
			"type": "origins:resource",
			"resource": "manhunt:reaper/soul_teleport_charges",
			"comparison": "<",
			"compare_to": 3
		},
        "hud_render": {
            "should_render": true,
            "bar_index": 17,
            "sprite_location": "origins:textures/gui/community/huang/resource_bar_01.png"
        },
        "key": {
            "key": "key.origins.secondary_active",
            "continuous": false
        }
    },
    "glow_blue": {
        "type": "origins:self_glow",
        "use_teams": false,
        "red": 0,
        "green": 0.8,
        "blue": 0.7,
        "bientity_condition": {
            "type": "origins:can_see"
        },
        "condition": {
            "type": "origins:resource",
            "resource": "manhunt:reaper/echo_delay",
            "comparison": ">",
            "compare_to": 0
        }
    },
    "glow_dark": {
        "type": "origins:self_glow",
        "use_teams": false,
        "red": 0,
        "green": 0.15,
        "blue": 0.15,
        "bientity_condition": {
            "type": "origins:can_see"
        },
        "condition": {
            "type": "origins:resource",
            "resource": "manhunt:reaper/echo_duration",
            "comparison": ">",
            "compare_to": 0
        }
    },
    "delay": {
        "type": "origins:resource",
        "min": 0,
        "max": 100,
        "start_value": 0,
        "min_action": {
            "type": "origins:and",
            "actions": [
                {
                    "type": "origins:change_resource",
                    "resource": "manhunt:reaper/echo_duration",
                    "change": 80,
                    "operation": "set"
                },
                {
                    "type": "origins:exhaust",
                    "amount": 40
                },
                {
                    "type": "origins:execute_command",
                    "command": "playsound minecraft:entity.glow_squid.death player @s ~ ~ ~ 1 0.7"
                },
                {
                    "type": "origins:execute_command",
                    "command": "particle minecraft:sculk_charge_pop ~ ~1 ~ 0.3 0.3 0.3 0.3 100"
                },
                {
                    "type": "origins:execute_command",
                    "command": "particle minecraft:dust_color_transition 0 0.1 0.1 1 0 0.5 0.6 ~ ~1 ~ 0.3 0.2 0.3 0.3 40"
                }
            ]
        }
    },
    "drain_delay": {
        "type": "origins:action_over_time",
        "entity_action": {
            "type": "origins:change_resource",
            "resource": "manhunt:reaper/echo_delay",
            "change": -20
        },
        "interval": 20,
        "condition": {
            "type": "origins:resource",
            "resource": "manhunt:reaper/echo_delay",
            "comparison": ">",
            "compare_to": 0
        }
    },
    "duration": {
        "type": "origins:resource",
        "min": 0,
        "max": 80,
        "start_value": 0,
        "hud_render": {
            "should_render": false
        }
    },
    "drain_duration": {
        "type": "origins:action_over_time",
        "entity_action": {
            "type": "origins:change_resource",
            "resource": "manhunt:reaper/echo_duration",
            "change": -1
        },
        "interval": 1,
        "condition": {
            "type": "origins:resource",
            "resource": "manhunt:reaper/echo_duration",
            "comparison": ">",
            "compare_to": 0
        }
    },
    "speed": {
        "type": "origins:conditioned_attribute",
        "modifier": {
            "attribute": "minecraft:generic.movement_speed",
            "operation": "multiply_total",
            "value": -0.35,
            "name": "Decreased speed"
        },
        "update_health": false,
        "tick_rate": 1,
        "condition": {
            "type": "origins:resource",
            "resource": "manhunt:reaper/echo_duration",
            "comparison": ">",
            "compare_to": 0
        }
    },
    "air_speed": {
        "type": "origins:modify_air_speed",
        "modifier": {
            "operation": "multiply_total",
            "value": -0.35
        },
        "condition": {
            "type": "origins:resource",
            "resource": "manhunt:reaper/echo_duration",
            "comparison": ">",
            "compare_to": 0
        }
    },
    "name": "Echoing Misery",
    "description": "Their screams resonate within the walls of your physical cage and you must let them out.",
    "badges": [
        {
            "type": "origins:tooltip",
            "sprite": "origins:textures/gui/badge/star.png",
            "text": "§l§8Echoing Misery ▽§r§7\nGrants §r§a3§r§7 instant souls on use.\nAfter §r§e5s§r§7 of the usage, your speed is decreased by §r§c35%§r§7 for §r§e4s§r§7 and you are §nheavily exhausted§r§7\n\n§r§c🕕§r§7 Duration: §r§f5s§r§8 (Upon activation)\n§e⌛§r§7 Cooldown: §r§f1m30s§r§8\n\n§7§lActive Ability"
        },
        {
            "type": "origins:keybind",
            "sprite": "origins:textures/gui/badge/toggle.png",
            "text": "§7Press §r%s§7 to let them aid!"
        }
    ]
}