{
  "order": 2,
  "replace": false,
  "allow_random": true,
  "origins": [
    {
      "condition": {
        "type": "origins:and",
        "conditions": [
          {
            "type": "origins:origin",
            "origin": "manhunt:runner",
            "layer": "origins:origin"
          },
          {
            "type": "origins:resource",
            "resource": "manhunt:ban_alchimia",
            "comparison": "==",
            "compare_to": 1,
            "inverted": true
          }
        ]
      },
      "origins": [
        "manhunt:runners/alchimia"
      ]
    },
    {
      "condition": {
        "type": "origins:and",
        "conditions": [
          {
            "type": "origins:origin",
            "origin": "manhunt:runner",
            "layer": "origins:origin"
          },
          {
            "type": "origins:resource",
            "resource": "manhunt:ban_celeritas",
            "comparison": "==",
            "compare_to": 1,
            "inverted": true
          }
        ]
      },
      "origins": [
        "manhunt:runners/celeritas"
      ]
    },
    {
      "condition": {
        "type": "origins:and",
        "conditions": [
          {
            "type": "origins:origin",
            "origin": "manhunt:runner",
            "layer": "origins:origin"
          },
          {
            "type": "origins:resource",
            "resource": "manhunt:ban_damned",
            "comparison": "==",
            "compare_to": 1,
            "inverted": true
          }
        ]
      },
      "origins": [
        "manhunt:runners/damned"
      ]
    },
    {
      "condition": {
        "type": "origins:and",
        "conditions": [
          {
            "type": "origins:origin",
            "origin": "manhunt:runner",
            "layer": "origins:origin"
          },
          {
            "type": "origins:resource",
            "resource": "manhunt:ban_deleo",
            "comparison": "==",
            "compare_to": 1,
            "inverted": true
          }
        ]
      },
      "origins": [
        "manhunt:runners/deleo"
      ]
    },
    {
      "condition": {
        "type": "origins:and",
        "conditions": [
          {
            "type": "origins:origin",
            "origin": "manhunt:runner",
            "layer": "origins:origin"
          },
          {
            "type": "origins:resource",
            "resource": "manhunt:ban_draco",
            "comparison": "==",
            "compare_to": 1,
            "inverted": true
          }
        ]
      },
      "origins": [
        "manhunt:runners/draco"
      ]
    },
    {
      "condition": {
        "type": "origins:and",
        "conditions": [
          {
            "type": "origins:origin",
            "origin": "manhunt:runner",
            "layer": "origins:origin"
          },
          {
            "type": "origins:resource",
            "resource": "manhunt:ban_fortis",
            "comparison": "==",
            "compare_to": 1,
            "inverted": true
          }
        ]
      },
      "origins": [
        "manhunt:runners/fortis"
      ]
    },
    {
      "condition": {
        "type": "origins:and",
        "conditions": [
          {
            "type": "origins:origin",
            "origin": "manhunt:runner",
            "layer": "origins:origin"
          },
          {
            "type": "origins:resource",
            "resource": "manhunt:ban_gambler",
            "comparison": "==",
            "compare_to": 1,
            "inverted": true
          }
        ]
      },
      "origins": [
        "manhunt:runners/gambler"
      ]
    },
    {
      "condition": {
        "type": "origins:and",
        "conditions": [
          {
            "type": "origins:origin",
            "origin": "manhunt:runner",
            "layer": "origins:origin"
          },
          {
            "type": "origins:resource",
            "resource": "manhunt:ban_jester",
            "comparison": "==",
            "compare_to": 1,
            "inverted": true
          }
        ]
      },
      "origins": [
        "manhunt:runners/jester"
      ]
    },
    {
      "condition": {
        "type": "origins:and",
        "conditions": [
          {
            "type": "origins:origin",
            "origin": "manhunt:runner",
            "layer": "origins:origin"
          },
          {
            "type": "origins:resource",
            "resource": "manhunt:ban_sanguis",
            "comparison": "==",
            "compare_to": 1,
            "inverted": true
          }
        ]
      },
      "origins": [
        "manhunt:runners/sanguis"
      ]
    },
    {
      "condition": {
        "type": "origins:and",
        "conditions": [
          {
            "type": "origins:origin",
            "origin": "manhunt:runner",
            "layer": "origins:origin"
          },
          {
            "type": "origins:resource",
            "resource": "manhunt:ban_sicarius",
            "comparison": "==",
            "compare_to": 1,
            "inverted": true
          }
        ]
      },
      "origins": [
        "manhunt:runners/sicarius"
      ]
    }
  ],
  "default_origin": "manhunt:none",
  "name": "runner",
  "gui_title": {
    "choose_origin": "Choose a runner!",
    "view_origin": "This is the runner that you chose."
  }
}