{
    "type": "origins:multiple",
    "duration": {
        "type": "origins:resource",
        "min": 0,
        "max": 300,
        "start_value": 0,
        "hud_render": {
            "should_render": true,
            "sprite_location": "origins:textures/gui/community/huang/resource_bar_01.png",
            "bar_index": 5,
            "condition": {
                "type": "origins:resource",
                "resource": "manhunt:sicarius/cloak_duration",
                "comparison": ">",
                "compare_to": 0
            }
        },
        "min_action": {
            "type": "origins:and",
            "actions": [
                {
                    "type": "origins:execute_command",
                    "command": "particle minecraft:dust_color_transition 0 0.06 0.2 1 0 0.3 0.7 ~ ~1 ~ 0.3 0.3 0.3 1 100"
                },
                {
                    "type": "origins:execute_command",
                    "command": "particle minecraft:poof ~ ~1 ~ 0.1 0.1 0.1 0.1 10"
                },
                {
                    "type": "origins:execute_command",
                    "command": "playsound minecraft:entity.phantom.death player @a ~ ~ ~ 0.5 0.7"
                }
            ]
        }
    },
    "duration_down": {
        "type": "origins:action_over_time",
        "entity_action": {
            "type": "origins:change_resource",
            "resource": "manhunt:sicarius/cloak_duration",
            "change": -1
        },
        "interval": 1,
        "condition": {
            "type": "origins:resource",
            "resource": "manhunt:sicarius/cloak_duration",
            "comparison": ">",
            "compare_to": 0
        }
    },
    "nodeath": {
        "type": "origins:prevent_death",
        "entity_action": {
            "type": "origins:change_resource",
            "resource": "manhunt:sicarius/cloak_duration",
            "change": 0,
            "operation": "set"
        },
        "condition": {
            "type": "origins:resource",
            "resource": "manhunt:sicarius/cloak_duration",
            "comparison": ">",
            "compare_to": 0
        }
    },
    "mobs_ignore": {
        "type": "apugli:mobs_ignore"
    },
    "nostep": {
        "type": "origins:prevent_game_event",
        "events": [
            "minecraft:step"
        ],
        "condition": {
            "type": "origins:resource",
            "resource": "manhunt:sicarius/cloak_duration",
            "comparison": ">",
            "compare_to": 0
        }
    },
    "no_sprint": {
        "type": "origins:prevent_sprinting",
        "condition": {
            "type": "origins:resource",
            "resource": "manhunt:sicarius/cloak_duration",
            "comparison": ">",
            "compare_to": 0
        }
    },
    "sneakstep": {
        "type": "apugli:custom_footstep",
        "muted": true,
        "condition": {
            "type": "origins:resource",
            "resource": "manhunt:sicarius/cloak_duration",
            "comparison": ">",
            "compare_to": 0
        }
    },
    "toggle": {
        "type": "origins:active_self",
        "entity_action": {
            "type": "origins:and",
            "actions": [
                {
                    "type": "origins:change_resource",
                    "resource": "manhunt:sicarius/cloak_duration",
                    "change": 300,
                    "operation": "set"
                },
                {
                    "type": "origins:execute_command",
                    "command": "particle minecraft:dust_color_transition 0 0.06 0.2 1 0 0.3 0.7 ~ ~1 ~ 0.3 0.3 0.3 1 100"
                },
                {
                    "type": "origins:execute_command",
                    "command": "particle minecraft:poof ~ ~1 ~ 0.1 0.1 0.1 0.1 10"
                },
                {
                    "type": "origins:execute_command",
                    "command": "playsound minecraft:entity.phantom.flap player @a ~ ~ ~ 1 1.6"
                }
            ]
        },
        "cooldown": 900,
        "hud_render": {
            "should_render": true,
            "sprite_location": "origins:textures/gui/community/huang/resource_bar_02.png",
            "bar_index": 0,
            "condition": {
                "type": "origins:resource",
                "resource": "manhunt:sicarius/cloak_duration",
                "comparison": "==",
                "compare_to": 0
            }
        },
        "key": {
            "key": "key.use"
        },
        "condition": {
            "type": "origins:resource",
            "resource": "manhunt:sicarius/pearl/pearl_key_check",
            "comparison": ">",
            "compare_to": 0
        }
    },
    "cancel_cloak": {
        "type": "origins:active_self",
        "entity_action": {
            "type": "origins:change_resource",
            "resource": "manhunt:sicarius/cloak_duration",
            "change": 0,
            "operation": "set"
        },
        "cooldown": 1,
        "hud_render": {
            "should_render": false
        },
        "key": {
            "key": "key.use"
        },
        "condition": {
            "type": "origins:and",
            "conditions": [
                {
                    "type": "origins:resource",
                    "resource": "manhunt:sicarius/cloak_duration",
                    "comparison": ">",
                    "compare_to": 0
                },
                {
                    "type": "origins:resource",
                    "resource": "manhunt:sicarius/cloak_duration",
                    "comparison": "<=",
                    "compare_to": 280
                }
            ]
        }
    },
    "invis_cloak": {
        "type": "origins:invisibility",
        "render_armor": false,
        "render_outline": false,
        "condition": {
            "type": "origins:resource",
            "resource": "manhunt:sicarius/cloak_duration",
            "comparison": ">",
            "compare_to": 0
        }
    },
    "speed": {
        "type": "origins:modify_attribute",
        "attribute": "minecraft:generic.movement_speed",
        "modifier": {
            "operation": "multiply_total_multiplicative",
            "value": 1.4
        },
        "condition": {
            "type": "origins:resource",
            "resource": "manhunt:sicarius/cloak_duration",
            "comparison": ">",
            "compare_to": 0
        }
    },
    "air_speed": {
        "type": "origins:modify_air_speed",
        "modifier": {
            "operation": "multiply_total_multiplicative",
            "value": 1
        },
        "condition": {
            "type": "origins:resource",
            "resource": "manhunt:sicarius/cloak_duration",
            "comparison": ">",
            "compare_to": 0
        }
    },
    "overlay": {
        "type": "apoli:overlay",
        "texture": "minecraft:textures/misc/nausea.png",
        "red": 0.1,
        "green": 0.1,
        "blue": 0.1,
        "strength": 0.9,
        "draw_mode": "nausea",
        "draw_phase": "above_hud",
        "visible_in_third_person": true,
        "hide_with_hud": false,
        "condition": {
            "type": "origins:resource",
            "resource": "manhunt:sicarius/cloak_duration",
            "comparison": ">",
            "compare_to": 0
        }
    },
    "damaged": {
        "type": "origins:modify_damage_taken",
        "damage_condition": {
            "type": "origins:attacker"
        },
        "modifier": {
            "name": "damaged",
            "operation": "multiply_total",
            "value": 0.5
        },
        "self_action": {
            "type": "origins:change_resource",
            "resource": "manhunt:sicarius/cloak_duration",
            "change": 0,
            "operation": "set"
        },
        "condition": {
            "type": "origins:resource",
            "resource": "manhunt:sicarius/cloak_duration",
            "comparison": ">",
            "compare_to": 0
        }
    },
    "backstab": {
        "type": "origins:modify_damage_dealt",
        "condition": {
            "type": "origins:and",
            "conditions": [
                {
                    "type": "origins:resource",
                    "resource": "manhunt:sicarius/cloak_duration",
                    "comparison": ">",
                    "compare_to": 0
                },
                {
                    "type": "origins:raycast",
                    "entity": true,
                    "block": false,
                    "fluid_handling": "none",
                    "match_bientity_condition": {
                        "type": "origins:target_condition",
                        "condition": {
                            "type": "origins:living"
                        }
                    },
                    "hit_bientity_condition": {
                        "type": "origins:relative_rotation",
                        "axes": [
                            "x",
                            "z"
                        ],
                        "actor_rotation": "head",
                        "target_rotation": "body",
                        "comparison": ">=",
                        "compare_to": 0.5
                    }
                }
            ]
        },
        "modifier": {
            "name": "Backstab",
            "operation": "multiply_total",
            "value": 0.5
        },
        "target_action": {
            "type": "origins:and",
            "actions": [
                {
                    "type": "origins:execute_command",
                    "command": "playsound minecraft:entity.phantom.bite player @a ~ ~ ~ 0.6 1.4"
                },
                {
                    "type": "origins:execute_command",
                    "command": "particle minecraft:enchanted_hit ~ ~1 ~ 0.2 0.1 0.2 0.4 30"
                }
            ]
        },
        "self_action": {
            "type": "origins:change_resource",
            "resource": "manhunt:sicarius/cloak_duration",
            "change": 2,
            "operation": "set"
        }
    },
    "crosshair_texture": {
        "type": "origins:status_bar_texture",
        "texture_map": {
            "minecraft:hud/crosshair": "manhunt:sicarius/crosshair"
        },
        "condition": {
            "type": "origins:and",
            "conditions": [
                {
                    "type": "origins:resource",
                    "resource": "manhunt:sicarius/cloak_duration",
                    "comparison": ">",
                    "compare_to": 0
                },
                {
                    "type": "origins:raycast",
                    "entity": true,
                    "block": false,
                    "fluid_handling": "none",
                    "match_bientity_condition": {
                        "type": "origins:target_condition",
                        "condition": {
                            "type": "origins:living"
                        }
                    },
                    "hit_bientity_condition": {
                        "type": "origins:relative_rotation",
                        "axes": [
                            "x",
                            "z"
                        ],
                        "actor_rotation": "head",
                        "target_rotation": "body",
                        "comparison": ">=",
                        "compare_to": 0.5
                    }
                }
            ]
        }
    },
    "name": "Disimulad",
    "description": "Dissimulating requires great diligence... and sometimes just a special cloak",
    "badges": [
        {
            "type": "origins:tooltip",
            "sprite": "origins:textures/gui/badge/star.png",
            "text": "Become entirely invisible and immune to glowing for 15s.\nAdditionally, your speed is increased and you can use §1§l\"BACKSTAB\"§r\n\n§1§l\"BACKSTAB\"§r allows you to deal 1.5x damage if the entity is hit from the back.\n(Being hit or hitting an entity will uncloak you)"
        },
        {
            "type": "origins:tooltip",
            "sprite": "origins:textures/gui/badge/toggle.png",
            "text": [
                "Cloak yourself by holding \"",
                {
                    "keybind": "key.origins.primary_active"
                },
                "\" and pressing \"",
                {
                    "keybind": "key.use"
                },
                "\"!\nPress again to cancel."
            ]
        },
        {
            "type": "origins:tooltip",
            "sprite": "manhunt:textures/icons/cooldown.png",
            "text": "Cooldown: 1m"
        }
    ]
}