{
    "type": "origins:multiple",
    "helmet": {
        "type": "origins:modify_attribute",
        "attribute": "minecraft:generic.movement_speed",
        "modifier": {
            "operation": "add_base_early",
            "value": -0.01
        },
        "condition": {
            "type": "origins:equipped_item",
            "equipment_slot": "head",
            "item_condition": {
                "type": "origins:armor_value",
                "comparison": ">",
                "compare_to": 2
            }
        }
    },
    "chestplate": {
        "type": "origins:modify_attribute",
        "attribute": "minecraft:generic.movement_speed",
        "modifier": {
            "operation": "add_base_early",
            "value": -0.01
        },
        "condition": {
            "type": "origins:equipped_item",
            "equipment_slot": "chest",
            "item_condition": {
                "type": "origins:armor_value",
                "comparison": ">",
                "compare_to": 5
            }
        }
    },
    "leggings": {
        "type": "origins:modify_attribute",
        "attribute": "minecraft:generic.movement_speed",
        "modifier": {
            "operation": "add_base_early",
            "value": -0.01
        },
        "condition": {
            "type": "origins:equipped_item",
            "equipment_slot": "legs",
            "item_condition": {
                "type": "origins:armor_value",
                "comparison": ">",
                "compare_to": 4
            }
        }
    },
    "boots": {
        "type": "origins:modify_attribute",
        "attribute": "minecraft:generic.movement_speed",
        "modifier": {
            "operation": "add_base_early",
            "value": -0.01
        },
        "condition": {
            "type": "origins:equipped_item",
            "equipment_slot": "feet",
            "item_condition": {
                "type": "origins:armor_value",
                "comparison": ">",
                "compare_to": 1
            }
        }
    },
    "craft_helmet": {
        "type": "origins:recipe",
        "recipe":{
            "type": "minecraft:crafting_shaped",
            "id": "manhunt:chainmail_helmet",
            "pattern": [
                "###",
                "y y"
            ],
            "key": {
                "y": {
                    "item": "minecraft:iron_nugget"
                },
                "#": {
                    "item": "minecraft:iron_ingot"
                }
            },
            "result": {
                "item": "minecraft:chainmail_helmet"
            }
        }
    },
    "craft_chestplate": {
        "type": "origins:recipe",
        "recipe":{
            "type": "minecraft:crafting_shaped",
            "id": "manhunt:chainmail_chestplate",
            "pattern": [
                "y y",
                "#y#",
                "###"
            ],
            "key": {
                "y": {
                    "item": "minecraft:iron_nugget"
                },
                "#": {
                    "item": "minecraft:iron_ingot"
                }
            },
            "result": {
                "item": "minecraft:chainmail_chestplate"
            }
        }
    },
    "craft_leggings": {
        "type": "origins:recipe",
        "recipe":{
            "type": "minecraft:crafting_shaped",
            "id": "manhunt:chainmail_leggings",
            "pattern": [
                "###",
                "# #",
                "y y"
            ],
            "key": {
                "y": {
                    "item": "minecraft:iron_nugget"
                },
                "#": {
                    "item": "minecraft:iron_ingot"
                }
            },
            "result": {
                "item": "minecraft:chainmail_leggings"
            }
        }
    },
    "craft_boots": {
        "type": "origins:recipe",
        "recipe":{
            "type": "minecraft:crafting_shaped",
            "id": "manhunt:chainmail_boots",
            "pattern": [
                "# #",
                "y y"
            ],
            "key": {
                "y": {
                    "item": "minecraft:iron_nugget"
                },
                "#": {
                    "item": "minecraft:iron_ingot"
                }
            },
            "result": {
                "item": "minecraft:chainmail_boots"
            }
        }
    },
    "name": "Lightweight",
    "description": "Heavy armor isn't suited for the more distinguished of assassins.",
    "badges": [
        {
            "type": "origins:tooltip",
            "sprite": "origins:textures/gui/badge/star.png",
            "text": "Wearing iron armor value or more will slow you down by 10% per armor piece.\nIn return, you can craft chainmail armor."
        },
        {
            "type": "origins:crafting_recipe",
            "sprite": "minecraft:textures/item/chainmail_helmet.png",
            "recipe": {
                "type": "minecraft:crafting_shaped",
                "id": "manhunt:chainmail_helmet",
                "pattern": [
                    "###",
                    "y y"
                ],
                "key": {
                    "y": {
                        "item": "minecraft:iron_nugget"
                    },
                    "#": {
                        "item": "minecraft:iron_ingot"
                    }
                },
                "result": {
                    "item": "minecraft:chainmail_helmet"
                }
            }
        },
        {
            "type": "origins:crafting_recipe",
            "sprite": "minecraft:textures/item/chainmail_chestplate.png",
            "recipe": {
                "type": "minecraft:crafting_shaped",
                "id": "manhunt:chainmail_chestplate",
                "pattern": [
                    "y y",
                    "#y#",
                    "###"
                ],
                "key": {
                    "y": {
                        "item": "minecraft:iron_nugget"
                    },
                    "#": {
                        "item": "minecraft:iron_ingot"
                    }
                },
                "result": {
                    "item": "minecraft:chainmail_chestplate"
                }
            }
        },
        {
            "type": "origins:crafting_recipe",
            "sprite": "minecraft:textures/item/chainmail_leggings.png",
            "recipe": {
                "type": "minecraft:crafting_shaped",
                "id": "manhunt:chainmail_leggings",
                "pattern": [
                    "###",
                    "# #",
                    "y y"
                ],
                "key": {
                    "y": {
                        "item": "minecraft:iron_nugget"
                    },
                    "#": {
                        "item": "minecraft:iron_ingot"
                    }
                },
                "result": {
                    "item": "minecraft:chainmail_leggings"
                }
            }
        },
        {
            "type": "origins:crafting_recipe",
            "sprite": "minecraft:textures/item/chainmail_boots.png",
            "recipe": {
                "type": "minecraft:crafting_shaped",
                "id": "manhunt:chainmail_boots",
                "pattern": [
                    "# #",
                    "y y"
                ],
                "key": {
                    "y": {
                        "item": "minecraft:iron_nugget"
                    },
                    "#": {
                        "item": "minecraft:iron_ingot"
                    }
                },
                "result": {
                    "item": "minecraft:chainmail_boots"
                }
            }
        }
    ]
}