{
    "type": "origins:multiple",
    "sneak_speed": {
        "type": "origins:conditioned_attribute",
        "modifier": {
            "name": "Increase sneak speed",
            "attribute": "minecraft:generic.movement_speed",
            "value": 0.3,
            "operation": "multiply_base"
        },
        "condition": {
            "type": "origins:sneaking"
        },
        "tick_rate": 1
    },
    "label":{
        "type": "eggolib:modify_label_render",
        "render_mode": "hide_completely",
        "condition": {
            "type": "origins:power",
            "power": "manhunt:start",
            "inverted": true
        }
    },
    "name": "Sneaky Snitch",
    "description": "Your presence is not even felt by the most aware of beings in the world.",
    "badges": [
        {
            "type": "origins:tooltip",
            "sprite": "origins:textures/gui/badge/star.png",
            "text": "You have passive +30% sneak speed and your name label doesn't render."
        }
    ]
}