{
    "type": "origins:multiple",

        "activate": {
                "type": "origins:active_self",
                "entity_action": {
                    "type": "origins:and",
                    "actions": [
                        {
                            "type": "origins:execute_command",
                            "command": "summon falling_block ~ ~ ~ {BlockState:{Name:\"minecraft:black_concrete_powder\"},NoGravity:1b,Silent:1b,Time:-99999,DropItem:0b,HurtEntities:0b,Tags:[\"bomb_part\"]}"
                        },
                        {
                            "type": "origins:execute_command",
                            "command": "summon falling_block ~ ~0.76 ~ {BlockState:{Name:\"minecraft:black_candle\",Properties:{candles:\"1\",lit:\"true\"}},NoGravity:1b,Silent:1b,Time:-99999,DropItem:0b,HurtEntities:0b,Tags:[\"bomb_part\"]}"
                        },
                        {
                            "type": "origins:execute_command",
                            "command": "summon falling_block ~ ~0.06 ~ {BlockState:{Name:\"minecraft:polished_blackstone_wall\"},NoGravity:1b,Silent:1b,Time:-99999,DropItem:0b,HurtEntities:0b,Tags:[\"bomb_part\"]}"
                        },
                        {
                            "type": "origins:execute_command",
                            "command": "summon armor_stand ~ ~ ~ {NoGravity:1b,Silent:1b,Invulnerable:1b,Marker:1b,Invisible:1b,NoBasePlate:1b,Tags:[\"bomb\"]}"
                        },
                        {
                            "type": "origins:execute_command",
                            "command": "power grant @e[limit=1,sort=nearest,tag=bomb] manhunt:bomb_boom"
                        }
                    ]
                    },
                "key": {
                    "key": "key.origins.secondary_active"
                },
                "condition": {
                    "type": "origins:sneaking",
                    "inverted": true
                },
        "cooldown": 1800,
        "hud_render": {
            "sprite_location": "origins:textures/gui/community/huang/resource_bar_02.png",
            "bar_index": 2,
            "should_render": true
        }   
        },
        "name":"§l§nBomb Pouch",
        "description":"Using the secondary ability key and sneaking, you can drop a bomb that will explode, doing light damage and breaking blocks around it."
    }