{
    "type": "origins:multiple",
    "duration": {
        "type": "origins:resource",
        "min": 0,
        "max": 600,
        "start_value": 600,
        "hud_render": {
            "should_render": false
        },
        "min_action": {
            "type": "origins:and",
            "actions": [
                {
                    "type": "origins:execute_command",
                    "command": "execute on passengers run kill @s"
                },
                {
                    "type": "origins:execute_command",
                    "command": "kill @s"
                }
            ]
        }
    },
    "duration_down": {
        "type": "origins:action_over_time",
        "entity_action": {
            "type": "origins:change_resource",
            "resource": "manhunt:imp/portal/portal_origin_duration",
            "change": -10
        },
        "interval": 10
    },
    "grow1": {
        "type": "origins:action_over_time",
        "rising_action": {
            "type": "origins:and",
            "actions": [
                {
                    "type": "origins:execute_command",
                    "command": "execute on passengers run data modify entity @s transformation.scale set value [0.8f,1.3f,1.0f]",
                    "permission_level": 4
                },
                {
                    "type": "origins:execute_command",
                    "command": "playsound minecraft:block.note_block.basedrum player @a ~ ~ ~ 1 0.6",
                    "permission_level": 4
                }
            ]
        },
        "interval": 1,
        "condition": {
            "type": "origins:resource",
            "resource": "manhunt:imp/portal/portal_origin_duration",
            "comparison": "==",
            "compare_to": 580
        }
    },
    "grow2": {
        "type": "origins:action_over_time",
        "rising_action": {
            "type": "origins:and",
            "actions": [
                {
                    "type": "origins:execute_command",
                    "command": "execute on passengers run data modify entity @s transformation.scale set value [1.1f,1.6f,1.0f]",
                    "permission_level": 4
                },
                {
                    "type": "origins:execute_command",
                    "command": "execute on passengers run data modify entity @s item.tag.CustomModelData set value 2",
                    "permission_level": 4
                },
                {
                    "type": "origins:execute_command",
                    "command": "playsound minecraft:block.note_block.basedrum player @a ~ ~ ~ 1 0.7",
                    "permission_level": 4
                }
            ]
        },
        "interval": 1,
        "condition": {
            "type": "origins:resource",
            "resource": "manhunt:imp/portal/portal_origin_duration",
            "comparison": "==",
            "compare_to": 560
        }
    },
    "grow3": {
        "type": "origins:action_over_time",
        "rising_action": {
            "type": "origins:and",
            "actions": [
                {
                    "type": "origins:execute_command",
                    "command": "execute on passengers run data modify entity @s transformation.scale set value [1.5f,2.0f,1.0f]",
                    "permission_level": 4
                },
                {
                    "type": "origins:execute_command",
                    "command": "execute on passengers run data modify entity @s item.tag.CustomModelData set value 3",
                    "permission_level": 4
                },
                {
                    "type": "origins:execute_command",
                    "command": "playsound minecraft:block.note_block.basedrum player @a ~ ~ ~ 1 0.8",
                    "permission_level": 4
                }
            ]
        },
        "interval": 1,
        "condition": {
            "type": "origins:resource",
            "resource": "manhunt:imp/portal/portal_origin_duration",
            "comparison": "==",
            "compare_to": 540
        }
    },
    "grow4": {
        "type": "origins:action_over_time",
        "rising_action": {
            "type": "origins:and",
            "actions": [
                {
                    "type": "origins:execute_command",
                    "command": "execute on passengers run data modify entity @s transformation.scale set value [1.8f,2.3f,1.0f]",
                    "permission_level": 4
                },
                {
                    "type": "origins:execute_command",
                    "command": "playsound minecraft:block.note_block.basedrum player @a ~ ~ ~ 1 0.9",
                    "permission_level": 4
                }
            ]
        },
        "interval": 1,
        "condition": {
            "type": "origins:resource",
            "resource": "manhunt:imp/portal/portal_origin_duration",
            "comparison": "==",
            "compare_to": 520
        }
    },
    "grow5": {
        "type": "origins:action_over_time",
        "rising_action": {
            "type": "origins:and",
            "actions": [
                {
                    "type": "origins:execute_command",
                    "command": "execute on passengers run data modify entity @s transformation.scale set value [2.0f,2.5f,1.0f]",
                    "permission_level": 4
                },
                {
                    "type": "origins:execute_command",
                    "command": "execute on passengers run data modify entity @s item.tag.CustomModelData set value 4",
                    "permission_level": 4
                },
                {
                    "type": "origins:execute_command",
                    "command": "particle minecraft:dust_color_transition 0 0 0 1 0.6 0 1 ~ ~1.5 ~ 1 1 1 1 100 force @a",
                    "permission_level": 4
                },
                {
                    "type": "origins:execute_command",
                    "command": "particle minecraft:dragon_breath ~ ~1.5 ~ 1 1 1 0.3 100 force @a"
                },
                {
                    "type": "origins:execute_command",
                    "command": "playsound minecraft:block.note_block.basedrum player @a ~ ~ ~ 1 1",
                    "permission_level": 4
                }
            ]
        },
        "interval": 1,
        "condition": {
            "type": "origins:resource",
            "resource": "manhunt:imp/portal/portal_origin_duration",
            "comparison": "==",
            "compare_to": 500
        }
    },
    "teleport": {
        "type": "origins:action_over_time",
        "entity_action": {
            "type": "origins:and",
            "actions": [
                {
                    "type": "origins:area_of_effect",
                    "radius": 2,
                    "bientity_action": {
                        "type": "origins:and",
                        "actions": [
                            {
                                "type": "origins:target_action",
                                "action": {
                                    "type": "origins:and",
                                    "actions": [
                                        {
                                            "type": "origins:execute_command",
                                            "command": "playsound minecraft:entity.enderman.teleport player @a ~ ~ ~ 2 1"
                                        },
                                        {
                                            "type": "origins:execute_command",
                                            "command": "particle minecraft:portal ~ ~1 ~ 0 0 0 1 30 force @a"
                                        },
                                        {
                                            "type": "origins:execute_command",
                                            "command": "power grant @s manhunt:imp/portal/portal_effects"
                                        },
                                        {
                                            "type": "origins:execute_command",
                                            "command": "tp @s @e[limit=1,sort=nearest,tag=imp_portal2,type=armor_stand]"
                                        },
                                        {
                                            "type": "origins:random_teleport",
                                            "area_width": 5,
                                            "area_height": 5,
                                            "success_action": {
                                                "type": "origins:spawn_particles",
                                                "particle": "minecraft:witch",
                                                "count": 8
                                            },
                                            "landing_block_condition": {
                                                "type": "origins:or",
                                                "conditions": [
                                                    {
                                                        "type": "origins:block",
                                                        "block": "minecraft:bedrock",
                                                        "inverted": true
                                                    },
                                                    {
                                                        "type": "origins:movement_blocking"
                                                    }
                                                ]
                                            }
                                        },
                                        {
                                            "type": "origins:execute_command",
                                            "command": "particle minecraft:portal ~ ~1 ~ 0 0 0 1 30 force @a"
                                        },
                                        {
                                            "type": "origins:execute_command",
                                            "command": "playsound minecraft:entity.wither.break_block player @a ~ ~ ~ 300 1.4"
                                        }
                                    ]
                                }
                            }
                        ]
                    },
                    "bientity_condition": {
                        "type": "origins:target_condition",
                        "condition": {
                            "type": "origins:and",
                            "conditions": [
                                {
                                    "type": "origins:entity_type",
                                    "entity_type": "minecraft:player"
                                },
                                {
                                    "type": "origins:origin",
                                    "origin": "manhunt:hunters/imp",
                                    "layer": "manhunt:hunters"
                                }
                            ]
                        }
                    }
                },
                {
                    "type": "origins:execute_command",
                    "command": "particle minecraft:witch ~ ~0.2 ~ 0.5 1 0.5 0.3 1 force @a"
                },
                {
                    "type": "origins:execute_command",
                    "command": "particle minecraft:dust_color_transition 0 0 0 1 0.7 0 0.8 ~ ~0.2 ~ 0.5 1 0.5 1 1 force @a"
                }
            ]
        },
        "interval": 1,
        "condition": {
            "type": "origins:resource",
            "resource": "manhunt:imp/portal/portal_origin_duration",
            "comparison": "<=",
            "compare_to": 500
        }
    },
    "hidden": true
}