{
  "type": "origins:modify_damage_taken",
  "modifier": {
    "value": 0.5,
    "operation": "multiply_total"
  },
  "damage_condition": {
    "type": "origins:or",
    "conditions": [
      {
        "type": "origins:name",
        "name": "arrow"
      },
      {
        "type": "origins:name",
        "name": "explosion"
      },
      {
        "type": "origins:name",
        "name": "explosion.player"
      },
      {
        "type": "origins:name",
        "name": "fireworks"
      }
    ]
  },
  "name": "Vulnerable Armor",
  "description": "For whatever the case may be, arrows and explosions seem to always bypass your defences.",
  "badges": [
    {
      "type": "origins:tooltip",
      "sprite": "origins:textures/gui/badge/star.png",
      "text": "§l§c50%§r more damage taken from Explosions, Fireworks, and Arrows."
    }
  ]
}