{
    "type": "origins:multiple",
    "health": {
      "type": "origins:attribute",
      "modifier": {
        "name": "Max health decrease",
        "attribute": "minecraft:generic.max_health",
        "value": -4,
        "operation": "addition"
      }
    },
    "name": "Hearts at Sea",
    "description": "Two of your hearts belong to the unrelenting waves of the sea.",
    "badges": [
        {
            "type": "origins:tooltip",
            "sprite": "origins:textures/gui/community/silent/badge/shapes/shape_heart.png",
            "text": "Hearts at Sea: -2 §l§c❤§r"
        }
    ]
  }