{
    "type": "origins:multiple",
    "banned": {
        "type": "origins:resource",
        "min": 0,
        "max": 1
    },
    "banned_action": {
        "type": "origins:action_over_time",
        "rising_action": {
            "type": "origins:execute_command",
            "command": "resource set @s manhunt:ban_banned 1"
        },
        "interval": 1,
        "condition": {
            "type": "origins:or",
            "conditions": [
                {
                    "type": "origins:and",
                    "conditions": [
                        {
                            "type": "origins:origin",
                            "origin": "manhunt:runner",
                            "layer": "origins:origin"
                        },
                        {
                            "type": "origins:origin",
                            "origin": "manhunt:no_ban",
                            "layer": "manhunt:bans_hunters",
                            "inverted": true
                        },
                        {
                            "type": "origins:origin",
                            "origin": "origins:empty",
                            "layer": "manhunt:bans_hunters",
                            "inverted": true
                        }
                    ]
                },
                {
                    "type": "origins:and",
                    "conditions": [
                        {
                            "type": "origins:origin",
                            "origin": "manhunt:hunter",
                            "layer": "origins:origin"
                        },
                        {
                            "type": "origins:origin",
                            "origin": "manhunt:no_ban",
                            "layer": "manhunt:bans_runners",
                            "inverted": true
                        },
                        {
                            "type": "origins:origin",
                            "origin": "origins:empty",
                            "layer": "manhunt:bans_runnners",
                            "inverted": true
                        }
                    ]
                }
            ]
        }
    },
    "alchimia": {
        "type": "origins:resource",
        "min": 0,
        "max": 1,
        "max_action": {
            "type": "origins:and",
            "actions": [
                {
                    "type": "origins:execute_command",
                    "command": "playsound minecraft:block.note_block.guitar player @s ~ ~ ~ 1 0.5"
                },
                {
                    "type": "origins:execute_command",
                    "command": "tellraw @s [\"\",{\"text\":\"Alchimia \",\"bold\":true,\"color\":\"white\"},\"was banned!\"]"
                },
                {
                    "type": "origins:if_else",
                    "condition": {
                        "type": "origins:origin",
                        "origin": "manhunt:runners/alchimia",
                        "layer": "manhunt:runners"
                    },
                    "if_action": {
                        "type": "origins:and",
                        "actions": [
                            {
                                "type": "eggolib:close_screen"
                            },
                            {
                                "type": "origins:execute_command",
                                "command": "origin gui @s manhunt:hunters"
                            }
                        ]
                    }
                }
            ]
        }
    },
    "angler": {
        "type": "origins:resource",
        "min": 0,
        "max": 1,
        "max_action": {
            "type": "origins:and",
            "actions": [
                {
                    "type": "origins:execute_command",
                    "command": "playsound minecraft:block.note_block.guitar player @s ~ ~ ~ 1 0.5"
                },
                {
                    "type": "origins:execute_command",
                    "command": "tellraw @s [\"\",{\"text\":\"Angler \",\"bold\":true,\"color\":\"white\"},\"was banned!\"]"
                },
                {
                    "type": "origins:if_else",
                    "condition": {
                        "type": "origins:origin",
                        "origin": "manhunt:hunters/angler",
                        "layer": "manhunt:hunters"
                    },
                    "if_action": {
                        "type": "origins:and",
                        "actions": [
                            {
                                "type": "eggolib:close_screen"
                            },
                            {
                                "type": "origins:execute_command",
                                "command": "origin gui @s manhunt:hunters"
                            }
                        ]
                    }
                }
            ]
        }
    },
    "berserker": {
        "type": "origins:resource",
        "min": 0,
        "max": 1,
        "max_action": {
            "type": "origins:and",
            "actions": [
                {
                    "type": "origins:execute_command",
                    "command": "playsound minecraft:block.note_block.guitar player @s ~ ~ ~ 1 0.5"
                },
                {
                    "type": "origins:execute_command",
                    "command": "tellraw @s [\"\",{\"text\":\"Berserker \",\"bold\":true,\"color\":\"white\"},\"was banned!\"]"
                },
                {
                    "type": "origins:if_else",
                    "condition": {
                        "type": "origins:origin",
                        "origin": "manhunt:hunters/berserker",
                        "layer": "manhunt:hunters"
                    },
                    "if_action": {
                        "type": "origins:and",
                        "actions": [
                            {
                                "type": "eggolib:close_screen"
                            },
                            {
                                "type": "origins:execute_command",
                                "command": "origin gui @s manhunt:hunters"
                            }
                        ]
                    }
                }
            ]
        }
    },
    "bomber": {
        "type": "origins:resource",
        "min": 0,
        "max": 1,
        "max_action": {
            "type": "origins:and",
            "actions": [
                {
                    "type": "origins:execute_command",
                    "command": "playsound minecraft:block.note_block.guitar player @s ~ ~ ~ 1 0.5"
                },
                {
                    "type": "origins:execute_command",
                    "command": "tellraw @s [\"\",{\"text\":\"Bomber \",\"bold\":true,\"color\":\"white\"},\"was banned!\"]"
                },
                {
                    "type": "origins:if_else",
                    "condition": {
                        "type": "origins:origin",
                        "origin": "manhunt:hunters/bomber",
                        "layer": "manhunt:hunters"
                    },
                    "if_action": {
                        "type": "origins:and",
                        "actions": [
                            {
                                "type": "eggolib:close_screen"
                            },
                            {
                                "type": "origins:execute_command",
                                "command": "origin gui @s manhunt:hunters"
                            }
                        ]
                    }
                }
            ]
        }
    },
    "captain": {
        "type": "origins:resource",
        "min": 0,
        "max": 1,
        "max_action": {
            "type": "origins:and",
            "actions": [
                {
                    "type": "origins:execute_command",
                    "command": "playsound minecraft:block.note_block.guitar player @s ~ ~ ~ 1 0.5"
                },
                {
                    "type": "origins:execute_command",
                    "command": "tellraw @s [\"\",{\"text\":\"Captain \",\"bold\":true,\"color\":\"white\"},\"was banned!\"]"
                },
                {
                    "type": "origins:if_else",
                    "condition": {
                        "type": "origins:origin",
                        "origin": "manhunt:hunters/captain",
                        "layer": "manhunt:hunters"
                    },
                    "if_action": {
                        "type": "origins:and",
                        "actions": [
                            {
                                "type": "eggolib:close_screen"
                            },
                            {
                                "type": "origins:execute_command",
                                "command": "origin gui @s manhunt:hunters"
                            }
                        ]
                    }
                }
            ]
        }
    },
    "celeritas": {
        "type": "origins:resource",
        "min": 0,
        "max": 1,
        "max_action": {
            "type": "origins:and",
            "actions": [
                {
                    "type": "origins:execute_command",
                    "command": "playsound minecraft:block.note_block.guitar player @s ~ ~ ~ 1 0.5"
                },
                {
                    "type": "origins:execute_command",
                    "command": "tellraw @s [\"\",{\"text\":\"Celeritas \",\"bold\":true,\"color\":\"white\"},\"was banned!\"]"
                },
                {
                    "type": "origins:if_else",
                    "condition": {
                        "type": "origins:origin",
                        "origin": "manhunt:runners/imp",
                        "layer": "manhunt:runners"
                    },
                    "if_action": {
                        "type": "origins:and",
                        "actions": [
                            {
                                "type": "eggolib:close_screen"
                            },
                            {
                                "type": "origins:execute_command",
                                "command": "origin gui @s manhunt:runners"
                            }
                        ]
                    }
                }
            ]
        }
    },
    "chef": {
        "type": "origins:resource",
        "min": 0,
        "max": 1,
        "max_action": {
            "type": "origins:and",
            "actions": [
                {
                    "type": "origins:execute_command",
                    "command": "playsound minecraft:block.note_block.guitar player @s ~ ~ ~ 1 0.5"
                },
                {
                    "type": "origins:execute_command",
                    "command": "tellraw @s [\"\",{\"text\":\"Chef \",\"bold\":true,\"color\":\"white\"},\"was banned!\"]"
                },
                {
                    "type": "origins:if_else",
                    "condition": {
                        "type": "origins:origin",
                        "origin": "manhunt:hunters/chef",
                        "layer": "manhunt:hunters"
                    },
                    "if_action": {
                        "type": "origins:and",
                        "actions": [
                            {
                                "type": "eggolib:close_screen"
                            },
                            {
                                "type": "origins:execute_command",
                                "command": "origin gui @s manhunt:hunters"
                            }
                        ]
                    }
                }
            ]
        }
    },
    "courier": {
        "type": "origins:resource",
        "min": 0,
        "max": 1,
        "max_action": {
            "type": "origins:and",
            "actions": [
                {
                    "type": "origins:execute_command",
                    "command": "playsound minecraft:block.note_block.guitar player @s ~ ~ ~ 1 0.5"
                },
                {
                    "type": "origins:execute_command",
                    "command": "tellraw @s [\"\",{\"text\":\"Courier \",\"bold\":true,\"color\":\"white\"},\"was banned!\"]"
                },
                {
                    "type": "origins:if_else",
                    "condition": {
                        "type": "origins:origin",
                        "origin": "manhunt:hunters/courier",
                        "layer": "manhunt:hunters"
                    },
                    "if_action": {
                        "type": "origins:and",
                        "actions": [
                            {
                                "type": "eggolib:close_screen"
                            },
                            {
                                "type": "origins:execute_command",
                                "command": "origin gui @s manhunt:hunters"
                            }
                        ]
                    }
                }
            ]
        }
    },
    "inmortuae": {
        "type": "origins:resource",
        "min": 0,
        "max": 1,
        "max_action": {
            "type": "origins:and",
            "actions": [
                {
                    "type": "origins:execute_command",
                    "command": "playsound minecraft:block.note_block.guitar player @s ~ ~ ~ 1 0.5"
                },
                {
                    "type": "origins:execute_command",
                    "command": "tellraw @s [\"\",{\"text\":\"Inmortuae \",\"bold\":true,\"color\":\"white\"},\"was banned!\"]"
                },
                {
                    "type": "origins:if_else",
                    "condition": {
                        "type": "origins:origin",
                        "origin": "manhunt:runners/inmortuae",
                        "layer": "manhunt:runners"
                    },
                    "if_action": {
                        "type": "origins:and",
                        "actions": [
                            {
                                "type": "eggolib:close_screen"
                            },
                            {
                                "type": "origins:execute_command",
                                "command": "origin gui @s manhunt:runners"
                            }
                        ]
                    }
                }
            ]
        }
    },
    "deleo": {
        "type": "origins:resource",
        "min": 0,
        "max": 1,
        "max_action": {
            "type": "origins:and",
            "actions": [
                {
                    "type": "origins:execute_command",
                    "command": "playsound minecraft:block.note_block.guitar player @s ~ ~ ~ 1 0.5"
                },
                {
                    "type": "origins:execute_command",
                    "command": "tellraw @s [\"\",{\"text\":\"Deleo \",\"bold\":true,\"color\":\"white\"},\"was banned!\"]"
                },
                {
                    "type": "origins:if_else",
                    "condition": {
                        "type": "origins:origin",
                        "origin": "manhunt:runners/deleo",
                        "layer": "manhunt:runners"
                    },
                    "if_action": {
                        "type": "origins:and",
                        "actions": [
                            {
                                "type": "eggolib:close_screen"
                            },
                            {
                                "type": "origins:execute_command",
                                "command": "origin gui @s manhunt:runners"
                            }
                        ]
                    }
                }
            ]
        }
    },
    "draco": {
        "type": "origins:resource",
        "min": 0,
        "max": 1,
        "max_action": {
            "type": "origins:and",
            "actions": [
                {
                    "type": "origins:execute_command",
                    "command": "playsound minecraft:block.note_block.guitar player @s ~ ~ ~ 1 0.5"
                },
                {
                    "type": "origins:execute_command",
                    "command": "tellraw @s [\"\",{\"text\":\"Draco \",\"bold\":true,\"color\":\"white\"},\"was banned!\"]"
                },
                {
                    "type": "origins:if_else",
                    "condition": {
                        "type": "origins:origin",
                        "origin": "manhunt:runners/draco",
                        "layer": "manhunt:runners"
                    },
                    "if_action": {
                        "type": "origins:and",
                        "actions": [
                            {
                                "type": "eggolib:close_screen"
                            },
                            {
                                "type": "origins:execute_command",
                                "command": "origin gui @s manhunt:runners"
                            }
                        ]
                    }
                }
            ]
        }
    },
    "enchanter": {
        "type": "origins:resource",
        "min": 0,
        "max": 1,
        "max_action": {
            "type": "origins:and",
            "actions": [
                {
                    "type": "origins:execute_command",
                    "command": "playsound minecraft:block.note_block.guitar player @s ~ ~ ~ 1 0.5"
                },
                {
                    "type": "origins:execute_command",
                    "command": "tellraw @s [\"\",{\"text\":\"Enchanter \",\"bold\":true,\"color\":\"white\"},\"was banned!\"]"
                },
                {
                    "type": "origins:if_else",
                    "condition": {
                        "type": "origins:origin",
                        "origin": "manhunt:hunters/enchanter",
                        "layer": "manhunt:hunters"
                    },
                    "if_action": {
                        "type": "origins:and",
                        "actions": [
                            {
                                "type": "eggolib:close_screen"
                            },
                            {
                                "type": "origins:execute_command",
                                "command": "origin gui @s manhunt:hunters"
                            }
                        ]
                    }
                }
            ]
        }
    },
    "engineer": {
        "type": "origins:resource",
        "min": 0,
        "max": 1,
        "max_action": {
            "type": "origins:and",
            "actions": [
                {
                    "type": "origins:execute_command",
                    "command": "playsound minecraft:block.note_block.guitar player @s ~ ~ ~ 1 0.5"
                },
                {
                    "type": "origins:execute_command",
                    "command": "tellraw @s [\"\",{\"text\":\"Engineer \",\"bold\":true,\"color\":\"white\"},\"was banned!\"]"
                },
                {
                    "type": "origins:if_else",
                    "condition": {
                        "type": "origins:origin",
                        "origin": "manhunt:hunters/engineer",
                        "layer": "manhunt:hunters"
                    },
                    "if_action": {
                        "type": "origins:and",
                        "actions": [
                            {
                                "type": "eggolib:close_screen"
                            },
                            {
                                "type": "origins:execute_command",
                                "command": "origin gui @s manhunt:hunters"
                            }
                        ]
                    }
                }
            ]
        }
    },
    "falconer": {
        "type": "origins:resource",
        "min": 0,
        "max": 1,
        "max_action": {
            "type": "origins:and",
            "actions": [
                {
                    "type": "origins:execute_command",
                    "command": "playsound minecraft:block.note_block.guitar player @s ~ ~ ~ 1 0.5"
                },
                {
                    "type": "origins:execute_command",
                    "command": "tellraw @s [\"\",{\"text\":\"Falconer \",\"bold\":true,\"color\":\"white\"},\"was banned!\"]"
                },
                {
                    "type": "origins:if_else",
                    "condition": {
                        "type": "origins:origin",
                        "origin": "manhunt:hunters/falconer",
                        "layer": "manhunt:hunters"
                    },
                    "if_action": {
                        "type": "origins:and",
                        "actions": [
                            {
                                "type": "eggolib:close_screen"
                            },
                            {
                                "type": "origins:execute_command",
                                "command": "origin gui @s manhunt:hunters"
                            }
                        ]
                    }
                }
            ]
        }
    },
    "firestarter": {
        "type": "origins:resource",
        "min": 0,
        "max": 1,
        "max_action": {
            "type": "origins:and",
            "actions": [
                {
                    "type": "origins:execute_command",
                    "command": "playsound minecraft:block.note_block.guitar player @s ~ ~ ~ 1 0.5"
                },
                {
                    "type": "origins:execute_command",
                    "command": "tellraw @s [\"\",{\"text\":\"Firestarter \",\"bold\":true,\"color\":\"white\"},\"was banned!\"]"
                },
                {
                    "type": "origins:if_else",
                    "condition": {
                        "type": "origins:origin",
                        "origin": "manhunt:hunters/firestarter",
                        "layer": "manhunt:hunters"
                    },
                    "if_action": {
                        "type": "origins:and",
                        "actions": [
                            {
                                "type": "eggolib:close_screen"
                            },
                            {
                                "type": "origins:execute_command",
                                "command": "origin gui @s manhunt:hunters"
                            }
                        ]
                    }
                }
            ]
        }
    },
    "fortis": {
        "type": "origins:resource",
        "min": 0,
        "max": 1,
        "max_action": {
            "type": "origins:and",
            "actions": [
                {
                    "type": "origins:execute_command",
                    "command": "playsound minecraft:block.note_block.guitar player @s ~ ~ ~ 1 0.5"
                },
                {
                    "type": "origins:execute_command",
                    "command": "tellraw @s [\"\",{\"text\":\"Fortis \",\"bold\":true,\"color\":\"white\"},\"was banned!\"]"
                },
                {
                    "type": "origins:if_else",
                    "condition": {
                        "type": "origins:origin",
                        "origin": "manhunt:runners/fortis",
                        "layer": "manhunt:runners"
                    },
                    "if_action": {
                        "type": "origins:and",
                        "actions": [
                            {
                                "type": "eggolib:close_screen"
                            },
                            {
                                "type": "origins:execute_command",
                                "command": "origin gui @s manhunt:runners"
                            }
                        ]
                    }
                }
            ]
        }
    },
    "fortuna": {
        "type": "origins:resource",
        "min": 0,
        "max": 1,
        "max_action": {
            "type": "origins:and",
            "actions": [
                {
                    "type": "origins:execute_command",
                    "command": "playsound minecraft:block.note_block.guitar player @s ~ ~ ~ 1 0.5"
                },
                {
                    "type": "origins:execute_command",
                    "command": "tellraw @s [\"\",{\"text\":\"fortuna \",\"bold\":true,\"color\":\"white\"},\"was banned!\"]"
                },
                {
                    "type": "origins:if_else",
                    "condition": {
                        "type": "origins:origin",
                        "origin": "manhunt:runners/fortuna",
                        "layer": "manhunt:runners"
                    },
                    "if_action": {
                        "type": "origins:and",
                        "actions": [
                            {
                                "type": "eggolib:close_screen"
                            },
                            {
                                "type": "origins:execute_command",
                                "command": "origin gui @s manhunt:runners"
                            }
                        ]
                    }
                }
            ]
        }
    },
    "geologist": {
        "type": "origins:resource",
        "min": 0,
        "max": 1,
        "max_action": {
            "type": "origins:and",
            "actions": [
                {
                    "type": "origins:execute_command",
                    "command": "playsound minecraft:block.note_block.guitar player @s ~ ~ ~ 1 0.5"
                },
                {
                    "type": "origins:execute_command",
                    "command": "tellraw @s [\"\",{\"text\":\"Geologist \",\"bold\":true,\"color\":\"white\"},\"was banned!\"]"
                },
                {
                    "type": "origins:if_else",
                    "condition": {
                        "type": "origins:origin",
                        "origin": "manhunt:hunters/geologist",
                        "layer": "manhunt:hunters"
                    },
                    "if_action": {
                        "type": "origins:and",
                        "actions": [
                            {
                                "type": "eggolib:close_screen"
                            },
                            {
                                "type": "origins:execute_command",
                                "command": "origin gui @s manhunt:hunters"
                            }
                        ]
                    }
                }
            ]
        }
    },
    "guardian": {
        "type": "origins:resource",
        "min": 0,
        "max": 1,
        "max_action": {
            "type": "origins:and",
            "actions": [
                {
                    "type": "origins:execute_command",
                    "command": "playsound minecraft:block.note_block.guitar player @s ~ ~ ~ 1 0.5"
                },
                {
                    "type": "origins:execute_command",
                    "command": "tellraw @s [\"\",{\"text\":\"Guardian \",\"bold\":true,\"color\":\"white\"},\"was banned!\"]"
                },
                {
                    "type": "origins:if_else",
                    "condition": {
                        "type": "origins:origin",
                        "origin": "manhunt:hunters/guardian",
                        "layer": "manhunt:hunters"
                    },
                    "if_action": {
                        "type": "origins:and",
                        "actions": [
                            {
                                "type": "eggolib:close_screen"
                            },
                            {
                                "type": "origins:execute_command",
                                "command": "origin gui @s manhunt:hunters"
                            }
                        ]
                    }
                }
            ]
        }
    },
    "hecatomb": {
        "type": "origins:resource",
        "min": 0,
        "max": 1,
        "max_action": {
            "type": "origins:and",
            "actions": [
                {
                    "type": "origins:execute_command",
                    "command": "playsound minecraft:block.note_block.guitar player @s ~ ~ ~ 1 0.5"
                },
                {
                    "type": "origins:execute_command",
                    "command": "tellraw @s [\"\",{\"text\":\"Hecatomb \",\"bold\":true,\"color\":\"white\"},\"was banned!\"]"
                },
                {
                    "type": "origins:if_else",
                    "condition": {
                        "type": "origins:origin",
                        "origin": "manhunt:hunters/hecatomb",
                        "layer": "manhunt:hunters"
                    },
                    "if_action": {
                        "type": "origins:and",
                        "actions": [
                            {
                                "type": "eggolib:close_screen"
                            },
                            {
                                "type": "origins:execute_command",
                                "command": "origin gui @s manhunt:hunters"
                            }
                        ]
                    }
                }
            ]
        }
    },
    "herald": {
        "type": "origins:resource",
        "min": 0,
        "max": 1,
        "max_action": {
            "type": "origins:and",
            "actions": [
                {
                    "type": "origins:execute_command",
                    "command": "playsound minecraft:block.note_block.guitar player @s ~ ~ ~ 1 0.5"
                },
                {
                    "type": "origins:execute_command",
                    "command": "tellraw @s [\"\",{\"text\":\"Herald \",\"bold\":true,\"color\":\"white\"},\"was banned!\"]"
                },
                {
                    "type": "origins:if_else",
                    "condition": {
                        "type": "origins:origin",
                        "origin": "manhunt:hunters/herald",
                        "layer": "manhunt:hunters"
                    },
                    "if_action": {
                        "type": "origins:and",
                        "actions": [
                            {
                                "type": "eggolib:close_screen"
                            },
                            {
                                "type": "origins:execute_command",
                                "command": "origin gui @s manhunt:hunters"
                            }
                        ]
                    }
                }
            ]
        }
    },
    "imp": {
        "type": "origins:resource",
        "min": 0,
        "max": 1,
        "max_action": {
            "type": "origins:and",
            "actions": [
                {
                    "type": "origins:execute_command",
                    "command": "playsound minecraft:block.note_block.guitar player @s ~ ~ ~ 1 0.5"
                },
                {
                    "type": "origins:execute_command",
                    "command": "tellraw @s [\"\",{\"text\":\"Imp \",\"bold\":true,\"color\":\"white\"},\"was banned!\"]"
                },
                {
                    "type": "origins:if_else",
                    "condition": {
                        "type": "origins:origin",
                        "origin": "manhunt:hunters/imp",
                        "layer": "manhunt:hunters"
                    },
                    "if_action": {
                        "type": "origins:and",
                        "actions": [
                            {
                                "type": "eggolib:close_screen"
                            },
                            {
                                "type": "origins:execute_command",
                                "command": "origin gui @s manhunt:hunters"
                            }
                        ]
                    }
                }
            ]
        }
    },
    "balatro": {
        "type": "origins:resource",
        "min": 0,
        "max": 1,
        "max_action": {
            "type": "origins:and",
            "actions": [
                {
                    "type": "origins:execute_command",
                    "command": "playsound minecraft:block.note_block.guitar player @s ~ ~ ~ 1 0.5"
                },
                {
                    "type": "origins:execute_command",
                    "command": "tellraw @s [\"\",{\"text\":\"Balatro \",\"bold\":true,\"color\":\"white\"},\"was banned!\"]"
                },
                {
                    "type": "origins:if_else",
                    "condition": {
                        "type": "origins:origin",
                        "origin": "manhunt:runners/balatro",
                        "layer": "manhunt:runners"
                    },
                    "if_action": {
                        "type": "origins:and",
                        "actions": [
                            {
                                "type": "eggolib:close_screen"
                            },
                            {
                                "type": "origins:execute_command",
                                "command": "origin gui @s manhunt:runners"
                            }
                        ]
                    }
                }
            ]
        }
    },
    "lurker": {
        "type": "origins:resource",
        "min": 0,
        "max": 1,
        "max_action": {
            "type": "origins:and",
            "actions": [
                {
                    "type": "origins:execute_command",
                    "command": "playsound minecraft:block.note_block.guitar player @s ~ ~ ~ 1 0.5"
                },
                {
                    "type": "origins:execute_command",
                    "command": "tellraw @s [\"\",{\"text\":\"Lurker \",\"bold\":true,\"color\":\"white\"},\"was banned!\"]"
                },
                {
                    "type": "origins:if_else",
                    "condition": {
                        "type": "origins:origin",
                        "origin": "manhunt:hunters/lurker",
                        "layer": "manhunt:hunters"
                    },
                    "if_action": {
                        "type": "origins:and",
                        "actions": [
                            {
                                "type": "eggolib:close_screen"
                            },
                            {
                                "type": "origins:execute_command",
                                "command": "origin gui @s manhunt:hunters"
                            }
                        ]
                    }
                }
            ]
        }
    },
    "piglin": {
        "type": "origins:resource",
        "min": 0,
        "max": 1,
        "max_action": {
            "type": "origins:and",
            "actions": [
                {
                    "type": "origins:execute_command",
                    "command": "playsound minecraft:block.note_block.guitar player @s ~ ~ ~ 1 0.5"
                },
                {
                    "type": "origins:execute_command",
                    "command": "tellraw @s [\"\",{\"text\":\"Piglin \",\"bold\":true,\"color\":\"white\"},\"was banned!\"]"
                },
                {
                    "type": "origins:if_else",
                    "condition": {
                        "type": "origins:origin",
                        "origin": "manhunt:hunters/piglin",
                        "layer": "manhunt:hunters"
                    },
                    "if_action": {
                        "type": "origins:and",
                        "actions": [
                            {
                                "type": "eggolib:close_screen"
                            },
                            {
                                "type": "origins:execute_command",
                                "command": "origin gui @s manhunt:hunters"
                            }
                        ]
                    }
                }
            ]
        }
    },
    "relentless": {
        "type": "origins:resource",
        "min": 0,
        "max": 1,
        "max_action": {
            "type": "origins:and",
            "actions": [
                {
                    "type": "origins:execute_command",
                    "command": "playsound minecraft:block.note_block.guitar player @s ~ ~ ~ 1 0.5"
                },
                {
                    "type": "origins:execute_command",
                    "command": "tellraw @s [\"\",{\"text\":\"Relentless \",\"bold\":true,\"color\":\"white\"},\"was banned!\"]"
                },
                {
                    "type": "origins:if_else",
                    "condition": {
                        "type": "origins:origin",
                        "origin": "manhunt:hunters/relentless",
                        "layer": "manhunt:hunters"
                    },
                    "if_action": {
                        "type": "origins:and",
                        "actions": [
                            {
                                "type": "eggolib:close_screen"
                            },
                            {
                                "type": "origins:execute_command",
                                "command": "origin gui @s manhunt:hunters"
                            }
                        ]
                    }
                }
            ]
        }
    },
    "reaper": {
        "type": "origins:resource",
        "min": 0,
        "max": 1,
        "max_action": {
            "type": "origins:and",
            "actions": [
                {
                    "type": "origins:execute_command",
                    "command": "playsound minecraft:block.note_block.guitar player @s ~ ~ ~ 1 0.5"
                },
                {
                    "type": "origins:execute_command",
                    "command": "tellraw @s [\"\",{\"text\":\"Reaper \",\"bold\":true,\"color\":\"white\"},\"was banned!\"]"
                },
                {
                    "type": "origins:if_else",
                    "condition": {
                        "type": "origins:origin",
                        "origin": "manhunt:hunters/reaper",
                        "layer": "manhunt:hunters"
                    },
                    "if_action": {
                        "type": "origins:and",
                        "actions": [
                            {
                                "type": "eggolib:close_screen"
                            },
                            {
                                "type": "origins:execute_command",
                                "command": "origin gui @s manhunt:hunters"
                            }
                        ]
                    }
                }
            ]
        }
    },
    "sanguis": {
        "type": "origins:resource",
        "min": 0,
        "max": 1,
        "max_action": {
            "type": "origins:and",
            "actions": [
                {
                    "type": "origins:execute_command",
                    "command": "playsound minecraft:block.note_block.guitar player @s ~ ~ ~ 1 0.5"
                },
                {
                    "type": "origins:execute_command",
                    "command": "tellraw @s [\"\",{\"text\":\"Sanguis \",\"bold\":true,\"color\":\"white\"},\"was banned!\"]"
                },
                {
                    "type": "origins:if_else",
                    "condition": {
                        "type": "origins:origin",
                        "origin": "manhunt:runners/sanguis",
                        "layer": "manhunt:runners"
                    },
                    "if_action": {
                        "type": "origins:and",
                        "actions": [
                            {
                                "type": "eggolib:close_screen"
                            },
                            {
                                "type": "origins:execute_command",
                                "command": "origin gui @s manhunt:runners"
                            }
                        ]
                    }
                }
            ]
        }
    },
    "scanner": {
        "type": "origins:resource",
        "min": 0,
        "max": 1,
        "max_action": {
            "type": "origins:and",
            "actions": [
                {
                    "type": "origins:execute_command",
                    "command": "playsound minecraft:block.note_block.guitar player @s ~ ~ ~ 1 0.5"
                },
                {
                    "type": "origins:execute_command",
                    "command": "tellraw @s [\"\",{\"text\":\"Scanner \",\"bold\":true,\"color\":\"white\"},\"was banned!\"]"
                },
                {
                    "type": "origins:if_else",
                    "condition": {
                        "type": "origins:origin",
                        "origin": "manhunt:hunters/scanner",
                        "layer": "manhunt:hunters"
                    },
                    "if_action": {
                        "type": "origins:and",
                        "actions": [
                            {
                                "type": "eggolib:close_screen"
                            },
                            {
                                "type": "origins:execute_command",
                                "command": "origin gui @s manhunt:hunters"
                            }
                        ]
                    }
                }
            ]
        }
    },
    "scout": {
        "type": "origins:resource",
        "min": 0,
        "max": 1,
        "max_action": {
            "type": "origins:and",
            "actions": [
                {
                    "type": "origins:execute_command",
                    "command": "playsound minecraft:block.note_block.guitar player @s ~ ~ ~ 1 0.5"
                },
                {
                    "type": "origins:execute_command",
                    "command": "tellraw @s [\"\",{\"text\":\"Scout \",\"bold\":true,\"color\":\"white\"},\"was banned!\"]"
                },
                {
                    "type": "origins:if_else",
                    "condition": {
                        "type": "origins:origin",
                        "origin": "manhunt:hunters/scout",
                        "layer": "manhunt:hunters"
                    },
                    "if_action": {
                        "type": "origins:and",
                        "actions": [
                            {
                                "type": "eggolib:close_screen"
                            },
                            {
                                "type": "origins:execute_command",
                                "command": "origin gui @s manhunt:hunters"
                            }
                        ]
                    }
                }
            ]
        }
    },
    "shaman": {
        "type": "origins:resource",
        "min": 0,
        "max": 1,
        "max_action": {
            "type": "origins:and",
            "actions": [
                {
                    "type": "origins:execute_command",
                    "command": "playsound minecraft:block.note_block.guitar player @s ~ ~ ~ 1 0.5"
                },
                {
                    "type": "origins:execute_command",
                    "command": "tellraw @s [\"\",{\"text\":\"Shaman \",\"bold\":true,\"color\":\"white\"},\"was banned!\"]"
                },
                {
                    "type": "origins:if_else",
                    "condition": {
                        "type": "origins:origin",
                        "origin": "manhunt:hunters/shaman",
                        "layer": "manhunt:hunters"
                    },
                    "if_action": {
                        "type": "origins:and",
                        "actions": [
                            {
                                "type": "eggolib:close_screen"
                            },
                            {
                                "type": "origins:execute_command",
                                "command": "origin gui @s manhunt:hunters"
                            }
                        ]
                    }
                }
            ]
        }
    },
    "sicarius": {
        "type": "origins:resource",
        "min": 0,
        "max": 1,
        "max_action": {
            "type": "origins:and",
            "actions": [
                {
                    "type": "origins:execute_command",
                    "command": "playsound minecraft:block.note_block.guitar player @s ~ ~ ~ 1 0.5"
                },
                {
                    "type": "origins:execute_command",
                    "command": "tellraw @s [\"\",{\"text\":\"Sicarius \",\"bold\":true,\"color\":\"white\"},\"was banned!\"]"
                },
                {
                    "type": "origins:if_else",
                    "condition": {
                        "type": "origins:origin",
                        "origin": "manhunt:runners/sicarius",
                        "layer": "manhunt:runners"
                    },
                    "if_action": {
                        "type": "origins:and",
                        "actions": [
                            {
                                "type": "eggolib:close_screen"
                            },
                            {
                                "type": "origins:execute_command",
                                "command": "origin gui @s manhunt:runners"
                            }
                        ]
                    }
                }
            ]
        }
    },
    "survivalist": {
        "type": "origins:resource",
        "min": 0,
        "max": 1,
        "max_action": {
            "type": "origins:and",
            "actions": [
                {
                    "type": "origins:execute_command",
                    "command": "playsound minecraft:block.note_block.guitar player @s ~ ~ ~ 1 0.5"
                },
                {
                    "type": "origins:execute_command",
                    "command": "tellraw @s [\"\",{\"text\":\"Survivalist \",\"bold\":true,\"color\":\"white\"},\"was banned!\"]"
                },
                {
                    "type": "origins:if_else",
                    "condition": {
                        "type": "origins:origin",
                        "origin": "manhunt:hunters/survivalist",
                        "layer": "manhunt:hunters"
                    },
                    "if_action": {
                        "type": "origins:and",
                        "actions": [
                            {
                                "type": "eggolib:close_screen"
                            },
                            {
                                "type": "origins:execute_command",
                                "command": "origin gui @s manhunt:hunters"
                            }
                        ]
                    }
                }
            ]
        }
    },
    "xolotl": {
        "type": "origins:resource",
        "min": 0,
        "max": 1,
        "max_action": {
            "type": "origins:and",
            "actions": [
                {
                    "type": "origins:execute_command",
                    "command": "playsound minecraft:block.note_block.guitar player @s ~ ~ ~ 1 0.5"
                },
                {
                    "type": "origins:execute_command",
                    "command": "tellraw @s [\"\",{\"text\":\"Xolotl \",\"bold\":true,\"color\":\"white\"},\"was banned!\"]"
                },
                {
                    "type": "origins:if_else",
                    "condition": {
                        "type": "origins:origin",
                        "origin": "manhunt:hunters/xolotl",
                        "layer": "manhunt:hunters"
                    },
                    "if_action": {
                        "type": "origins:and",
                        "actions": [
                            {
                                "type": "eggolib:close_screen"
                            },
                            {
                                "type": "origins:execute_command",
                                "command": "origin gui @s manhunt:hunters"
                            }
                        ]
                    }
                }
            ]
        }
    },
    "ban_transfer": {
        "type": "origins:action_over_time",
        "entity_action": {
            "type": "origins:if_else_list",
            "actions": [
                {
                    "condition": {
                        "type": "origins:origin",
                        "origin": "manhunt:bans/alchimia",
                        "layer": "manhunt:bans_runners"
                    },
                    "action": {
                        "type": "origins:execute_command",
                        "command": "resource set @e[limit=1,sort=nearest,type=armor_stand,tag=setup] manhunt:ban_alchimia 1"
                    }
                },
                {
                    "condition": {
                        "type": "origins:origin",
                        "origin": "manhunt:bans/angler",
                        "layer": "manhunt:bans_hunters"
                    },
                    "action": {
                        "type": "origins:execute_command",
                        "command": "resource set @e[limit=1,sort=nearest,type=armor_stand,tag=setup] manhunt:ban_angler 1"
                    }
                },
                {
                    "condition": {
                        "type": "origins:origin",
                        "origin": "manhunt:bans/berserker",
                        "layer": "manhunt:bans_hunters"
                    },
                    "action": {
                        "type": "origins:execute_command",
                        "command": "resource set @e[limit=1,sort=nearest,type=armor_stand,tag=setup] manhunt:ban_berserker 1"
                    }
                },
                {
                    "condition": {
                        "type": "origins:origin",
                        "origin": "manhunt:bans/bomber",
                        "layer": "manhunt:bans_hunters"
                    },
                    "action": {
                        "type": "origins:execute_command",
                        "command": "resource set @e[limit=1,sort=nearest,type=armor_stand,tag=setup] manhunt:ban_bomber 1"
                    }
                },
                {
                    "condition": {
                        "type": "origins:origin",
                        "origin": "manhunt:bans/captain",
                        "layer": "manhunt:bans_hunters"
                    },
                    "action": {
                        "type": "origins:execute_command",
                        "command": "resource set @e[limit=1,sort=nearest,type=armor_stand,tag=setup] manhunt:ban_captain 1"
                    }
                },
                {
                    "condition": {
                        "type": "origins:origin",
                        "origin": "manhunt:bans/celeritas",
                        "layer": "manhunt:bans_runners"
                    },
                    "action": {
                        "type": "origins:execute_command",
                        "command": "resource set @e[limit=1,sort=nearest,type=armor_stand,tag=setup] manhunt:ban_celeritas 1"
                    }
                },
                {
                    "condition": {
                        "type": "origins:origin",
                        "origin": "manhunt:bans/chef",
                        "layer": "manhunt:bans_runners"
                    },
                    "action": {
                        "type": "origins:execute_command",
                        "command": "resource set @e[limit=1,sort=nearest,type=armor_stand,tag=setup] manhunt:ban_chef 1"
                    }
                },
                {
                    "condition": {
                        "type": "origins:origin",
                        "origin": "manhunt:bans/courier",
                        "layer": "manhunt:bans_hunters"
                    },
                    "action": {
                        "type": "origins:execute_command",
                        "command": "resource set @e[limit=1,sort=nearest,type=armor_stand,tag=setup] manhunt:ban_courier 1"
                    }
                },
                {
                    "condition": {
                        "type": "origins:origin",
                        "origin": "manhunt:bans/inmortuae",
                        "layer": "manhunt:bans_runners"
                    },
                    "action": {
                        "type": "origins:execute_command",
                        "command": "resource set @e[limit=1,sort=nearest,type=armor_stand,tag=setup] manhunt:ban_inmortuae 1"
                    }
                },
                {
                    "condition": {
                        "type": "origins:origin",
                        "origin": "manhunt:bans/deleo",
                        "layer": "manhunt:bans_runners"
                    },
                    "action": {
                        "type": "origins:execute_command",
                        "command": "resource set @e[limit=1,sort=nearest,type=armor_stand,tag=setup] manhunt:ban_deleo 1"
                    }
                },
                {
                    "condition": {
                        "type": "origins:origin",
                        "origin": "manhunt:bans/draco",
                        "layer": "manhunt:bans_runners"
                    },
                    "action": {
                        "type": "origins:execute_command",
                        "command": "resource set @e[limit=1,sort=nearest,type=armor_stand,tag=setup] manhunt:ban_draco 1"
                    }
                },
                {
                    "condition": {
                        "type": "origins:origin",
                        "origin": "manhunt:bans/enchanter",
                        "layer": "manhunt:bans_hunters"
                    },
                    "action": {
                        "type": "origins:execute_command",
                        "command": "resource set @e[limit=1,sort=nearest,type=armor_stand,tag=setup] manhunt:ban_enchanter 1"
                    }
                },
                {
                    "condition": {
                        "type": "origins:origin",
                        "origin": "manhunt:bans/engineer",
                        "layer": "manhunt:bans_hunters"
                    },
                    "action": {
                        "type": "origins:execute_command",
                        "command": "resource set @e[limit=1,sort=nearest,type=armor_stand,tag=setup] manhunt:ban_engineer 1"
                    }
                },
                {
                    "condition": {
                        "type": "origins:origin",
                        "origin": "manhunt:bans/falconer",
                        "layer": "manhunt:bans_hunters"
                    },
                    "action": {
                        "type": "origins:execute_command",
                        "command": "resource set @e[limit=1,sort=nearest,type=armor_stand,tag=setup] manhunt:ban_falconer 1"
                    }
                },
                {
                    "condition": {
                        "type": "origins:origin",
                        "origin": "manhunt:bans/firestarter",
                        "layer": "manhunt:bans_hunters"
                    },
                    "action": {
                        "type": "origins:execute_command",
                        "command": "resource set @e[limit=1,sort=nearest,type=armor_stand,tag=setup] manhunt:ban_firestarter 1"
                    }
                },
                {
                    "condition": {
                        "type": "origins:origin",
                        "origin": "manhunt:bans/fortis",
                        "layer": "manhunt:bans_runners"
                    },
                    "action": {
                        "type": "origins:execute_command",
                        "command": "resource set @e[limit=1,sort=nearest,type=armor_stand,tag=setup] manhunt:ban_fortis 1"
                    }
                },
                {
                    "condition": {
                        "type": "origins:origin",
                        "origin": "manhunt:bans/fortuna",
                        "layer": "manhunt:bans_runners"
                    },
                    "action": {
                        "type": "origins:execute_command",
                        "command": "resource set @e[limit=1,sort=nearest,type=armor_stand,tag=setup] manhunt:ban_fortuna 1"
                    }
                },
                {
                    "condition": {
                        "type": "origins:origin",
                        "origin": "manhunt:bans/geologist",
                        "layer": "manhunt:bans_hunters"
                    },
                    "action": {
                        "type": "origins:execute_command",
                        "command": "resource set @e[limit=1,sort=nearest,type=armor_stand,tag=setup] manhunt:ban_geologist 1"
                    }
                },
                {
                    "condition": {
                        "type": "origins:origin",
                        "origin": "manhunt:bans/guardian",
                        "layer": "manhunt:bans_hunters"
                    },
                    "action": {
                        "type": "origins:execute_command",
                        "command": "resource set @e[limit=1,sort=nearest,type=armor_stand,tag=setup] manhunt:ban_guardian 1"
                    }
                },
                {
                    "condition": {
                        "type": "origins:origin",
                        "origin": "manhunt:bans/herald",
                        "layer": "manhunt:bans_hunters"
                    },
                    "action": {
                        "type": "origins:execute_command",
                        "command": "resource set @e[limit=1,sort=nearest,type=armor_stand,tag=setup] manhunt:ban_herald 1"
                    }
                },
                {
                    "condition": {
                        "type": "origins:origin",
                        "origin": "manhunt:bans/imp",
                        "layer": "manhunt:bans_hunters"
                    },
                    "action": {
                        "type": "origins:execute_command",
                        "command": "resource set @e[limit=1,sort=nearest,type=armor_stand,tag=setup] manhunt:ban_imp 1"
                    }
                },
                {
                    "condition": {
                        "type": "origins:origin",
                        "origin": "manhunt:bans/balatro",
                        "layer": "manhunt:bans_runners"
                    },
                    "action": {
                        "type": "origins:execute_command",
                        "command": "resource set @e[limit=1,sort=nearest,type=armor_stand,tag=setup] manhunt:ban_balatro 1"
                    }
                },
                {
                    "condition": {
                        "type": "origins:origin",
                        "origin": "manhunt:bans/lurker",
                        "layer": "manhunt:bans_hunters"
                    },
                    "action": {
                        "type": "origins:execute_command",
                        "command": "resource set @e[limit=1,sort=nearest,type=armor_stand,tag=setup] manhunt:ban_lurker 1"
                    }
                },
                {
                    "condition": {
                        "type": "origins:origin",
                        "origin": "manhunt:bans/piglin",
                        "layer": "manhunt:bans_hunters"
                    },
                    "action": {
                        "type": "origins:execute_command",
                        "command": "resource set @e[limit=1,sort=nearest,type=armor_stand,tag=setup] manhunt:ban_piglin 1"
                    }
                },
                {
                    "condition": {
                        "type": "origins:origin",
                        "origin": "manhunt:bans/relentless",
                        "layer": "manhunt:bans_hunters"
                    },
                    "action": {
                        "type": "origins:execute_command",
                        "command": "resource set @e[limit=1,sort=nearest,type=armor_stand,tag=setup] manhunt:ban_relentless 1"
                    }
                },
                {
                    "condition": {
                        "type": "origins:origin",
                        "origin": "manhunt:bans/reaper",
                        "layer": "manhunt:bans_hunters"
                    },
                    "action": {
                        "type": "origins:execute_command",
                        "command": "resource set @e[limit=1,sort=nearest,type=armor_stand,tag=setup] manhunt:ban_reaper 1"
                    }
                },
                {
                    "condition": {
                        "type": "origins:origin",
                        "origin": "manhunt:bans/sanguis",
                        "layer": "manhunt:bans_runners"
                    },
                    "action": {
                        "type": "origins:execute_command",
                        "command": "resource set @e[limit=1,sort=nearest,type=armor_stand,tag=setup] manhunt:ban_sanguis 1"
                    }
                },
                {
                    "condition": {
                        "type": "origins:origin",
                        "origin": "manhunt:bans/scanner",
                        "layer": "manhunt:bans_hunters"
                    },
                    "action": {
                        "type": "origins:execute_command",
                        "command": "resource set @e[limit=1,sort=nearest,type=armor_stand,tag=setup] manhunt:ban_scanner 1"
                    }
                },
                {
                    "condition": {
                        "type": "origins:origin",
                        "origin": "manhunt:bans/scout",
                        "layer": "manhunt:bans_hunters"
                    },
                    "action": {
                        "type": "origins:execute_command",
                        "command": "resource set @e[limit=1,sort=nearest,type=armor_stand,tag=setup] manhunt:ban_scout 1"
                    }
                },
                {
                    "condition": {
                        "type": "origins:origin",
                        "origin": "manhunt:bans/shaman",
                        "layer": "manhunt:bans_hunters"
                    },
                    "action": {
                        "type": "origins:execute_command",
                        "command": "resource set @e[limit=1,sort=nearest,type=armor_stand,tag=setup] manhunt:ban_shaman 1"
                    }
                },
                {
                    "condition": {
                        "type": "origins:origin",
                        "origin": "manhunt:bans/sicarius",
                        "layer": "manhunt:bans_runners"
                    },
                    "action": {
                        "type": "origins:execute_command",
                        "command": "resource set @e[limit=1,sort=nearest,type=armor_stand,tag=setup] manhunt:ban_sicarius 1"
                    }
                },
                {
                    "condition": {
                        "type": "origins:origin",
                        "origin": "manhunt:bans/survivalist",
                        "layer": "manhunt:bans_hunters"
                    },
                    "action": {
                        "type": "origins:execute_command",
                        "command": "resource set @e[limit=1,sort=nearest,type=armor_stand,tag=setup] manhunt:ban_survivalist 1"
                    }
                },
                {
                    "condition": {
                        "type": "origins:origin",
                        "origin": "manhunt:bans/xolotl",
                        "layer": "manhunt:bans_hunters"
                    },
                    "action": {
                        "type": "origins:execute_command",
                        "command": "resource set @e[limit=1,sort=nearest,type=armor_stand,tag=setup] manhunt:ban_xolotl 1"
                    }
                },
                {
                    "condition": {
                        "type": "origins:origin",
                        "origin": "manhunt:bans/wisp",
                        "layer": "manhunt:bans_hunters"
                    },
                    "action": {
                        "type": "origins:execute_command",
                        "command": "resource set @e[limit=1,sort=nearest,type=armor_stand,tag=setup] manhunt:ban_wisp 1"
                    }
                }
            ]
        },
        "interval": 10,
        "condition": {
            "type": "origins:entity_type",
            "entity_type": "minecraft:player"
        }
    },
    "ban_armor_stand": {
        "type": "origins:action_over_time",
        "entity_action": {
            "type": "origins:and",
            "actions": [
                {
                    "type": "origins:if_else",
                    "condition": {
                        "type": "origins:resource",
                        "resource": "manhunt:ban_alchimia",
                        "comparison": "==",
                        "compare_to": 1
                    },
                    "if_action": {
                        "type": "origins:execute_command",
                        "command": "execute as @a run resource set @s manhunt:ban_alchimia 1"
                    }
                },
                {
                    "type": "origins:if_else",
                    "condition": {
                        "type": "origins:resource",
                        "resource": "manhunt:ban_angler",
                        "comparison": "==",
                        "compare_to": 1
                    },
                    "if_action": {
                        "type": "origins:execute_command",
                        "command": "execute as @a run resource set @s manhunt:ban_angler 1"
                    }
                },
                {
                    "type": "origins:if_else",
                    "condition": {
                        "type": "origins:resource",
                        "resource": "manhunt:ban_berserker",
                        "comparison": "==",
                        "compare_to": 1
                    },
                    "if_action": {
                        "type": "origins:execute_command",
                        "command": "execute as @a run resource set @s manhunt:ban_berserker 1"
                    }
                },
                {
                    "type": "origins:if_else",
                    "condition": {
                        "type": "origins:resource",
                        "resource": "manhunt:ban_bomber",
                        "comparison": "==",
                        "compare_to": 1
                    },
                    "if_action": {
                        "type": "origins:execute_command",
                        "command": "execute as @a run resource set @s manhunt:ban_bomber 1"
                    }
                },
                {
                    "type": "origins:if_else",
                    "condition": {
                        "type": "origins:resource",
                        "resource": "manhunt:ban_captain",
                        "comparison": "==",
                        "compare_to": 1
                    },
                    "if_action": {
                        "type": "origins:execute_command",
                        "command": "execute as @a run resource set @s manhunt:ban_captain 1"
                    }
                },
                {
                    "type": "origins:if_else",
                    "condition": {
                        "type": "origins:resource",
                        "resource": "manhunt:ban_celeritas",
                        "comparison": "==",
                        "compare_to": 1
                    },
                    "if_action": {
                        "type": "origins:execute_command",
                        "command": "execute as @a run resource set @s manhunt:ban_celeritas 1"
                    }
                },
                {
                    "type": "origins:if_else",
                    "condition": {
                        "type": "origins:resource",
                        "resource": "manhunt:ban_chef",
                        "comparison": "==",
                        "compare_to": 1
                    },
                    "if_action": {
                        "type": "origins:execute_command",
                        "command": "execute as @a run resource set @s manhunt:ban_chef 1"
                    }
                },
                {
                    "type": "origins:if_else",
                    "condition": {
                        "type": "origins:resource",
                        "resource": "manhunt:ban_courier",
                        "comparison": "==",
                        "compare_to": 1
                    },
                    "if_action": {
                        "type": "origins:execute_command",
                        "command": "execute as @a run resource set @s manhunt:ban_courier 1"
                    }
                },
                {
                    "type": "origins:if_else",
                    "condition": {
                        "type": "origins:resource",
                        "resource": "manhunt:ban_inmortuae",
                        "comparison": "==",
                        "compare_to": 1
                    },
                    "if_action": {
                        "type": "origins:execute_command",
                        "command": "execute as @a run resource set @s manhunt:ban_inmortuae 1"
                    }
                },
                {
                    "type": "origins:if_else",
                    "condition": {
                        "type": "origins:resource",
                        "resource": "manhunt:ban_deleo",
                        "comparison": "==",
                        "compare_to": 1
                    },
                    "if_action": {
                        "type": "origins:execute_command",
                        "command": "execute as @a run resource set @s manhunt:ban_deleo 1"
                    }
                },
                {
                    "type": "origins:if_else",
                    "condition": {
                        "type": "origins:resource",
                        "resource": "manhunt:ban_draco",
                        "comparison": "==",
                        "compare_to": 1
                    },
                    "if_action": {
                        "type": "origins:execute_command",
                        "command": "execute as @a run resource set @s manhunt:ban_draco 1"
                    }
                },
                {
                    "type": "origins:if_else",
                    "condition": {
                        "type": "origins:resource",
                        "resource": "manhunt:ban_enchanter",
                        "comparison": "==",
                        "compare_to": 1
                    },
                    "if_action": {
                        "type": "origins:execute_command",
                        "command": "execute as @a run resource set @s manhunt:ban_enchanter 1"
                    }
                },
                {
                    "type": "origins:if_else",
                    "condition": {
                        "type": "origins:resource",
                        "resource": "manhunt:ban_engineer",
                        "comparison": "==",
                        "compare_to": 1
                    },
                    "if_action": {
                        "type": "origins:execute_command",
                        "command": "execute as @a run resource set @s manhunt:ban_engineer 1"
                    }
                },
                {
                    "type": "origins:if_else",
                    "condition": {
                        "type": "origins:resource",
                        "resource": "manhunt:ban_falconer",
                        "comparison": "==",
                        "compare_to": 1
                    },
                    "if_action": {
                        "type": "origins:execute_command",
                        "command": "execute as @a run resource set @s manhunt:ban_falconer 1"
                    }
                },
                {
                    "type": "origins:if_else",
                    "condition": {
                        "type": "origins:resource",
                        "resource": "manhunt:ban_firestarter",
                        "comparison": "==",
                        "compare_to": 1
                    },
                    "if_action": {
                        "type": "origins:execute_command",
                        "command": "execute as @a run resource set @s manhunt:ban_firestarter 1"
                    }
                },
                {
                    "type": "origins:if_else",
                    "condition": {
                        "type": "origins:resource",
                        "resource": "manhunt:ban_fortis",
                        "comparison": "==",
                        "compare_to": 1
                    },
                    "if_action": {
                        "type": "origins:execute_command",
                        "command": "execute as @a run resource set @s manhunt:ban_fortis 1"
                    }
                },
                {
                    "type": "origins:if_else",
                    "condition": {
                        "type": "origins:resource",
                        "resource": "manhunt:ban_fortuna",
                        "comparison": "==",
                        "compare_to": 1
                    },
                    "if_action": {
                        "type": "origins:execute_command",
                        "command": "execute as @a run resource set @s manhunt:ban_fortuna 1"
                    }
                },
                {
                    "type": "origins:if_else",
                    "condition": {
                        "type": "origins:resource",
                        "resource": "manhunt:ban_geologist",
                        "comparison": "==",
                        "compare_to": 1
                    },
                    "if_action": {
                        "type": "origins:execute_command",
                        "command": "execute as @a run resource set @s manhunt:ban_geologist 1"
                    }
                },
                {
                    "type": "origins:if_else",
                    "condition": {
                        "type": "origins:resource",
                        "resource": "manhunt:ban_guardian",
                        "comparison": "==",
                        "compare_to": 1
                    },
                    "if_action": {
                        "type": "origins:execute_command",
                        "command": "execute as @a run resource set @s manhunt:ban_guardian 1"
                    }
                },
                {
                    "type": "origins:if_else",
                    "condition": {
                        "type": "origins:resource",
                        "resource": "manhunt:ban_herald",
                        "comparison": "==",
                        "compare_to": 1
                    },
                    "if_action": {
                        "type": "origins:execute_command",
                        "command": "execute as @a run resource set @s manhunt:ban_herald 1"
                    }
                },
                {
                    "type": "origins:if_else",
                    "condition": {
                        "type": "origins:resource",
                        "resource": "manhunt:ban_imp",
                        "comparison": "==",
                        "compare_to": 1
                    },
                    "if_action": {
                        "type": "origins:execute_command",
                        "command": "execute as @a run resource set @s manhunt:ban_imp 1"
                    }
                },
                {
                    "type": "origins:if_else",
                    "condition": {
                        "type": "origins:resource",
                        "resource": "manhunt:ban_balatro",
                        "comparison": "==",
                        "compare_to": 1
                    },
                    "if_action": {
                        "type": "origins:execute_command",
                        "command": "execute as @a run resource set @s manhunt:ban_balatro 1"
                    }
                },
                {
                    "type": "origins:if_else",
                    "condition": {
                        "type": "origins:resource",
                        "resource": "manhunt:ban_lurker",
                        "comparison": "==",
                        "compare_to": 1
                    },
                    "if_action": {
                        "type": "origins:execute_command",
                        "command": "execute as @a run resource set @s manhunt:ban_lurker 1"
                    }
                },
                {
                    "type": "origins:if_else",
                    "condition": {
                        "type": "origins:resource",
                        "resource": "manhunt:ban_piglin",
                        "comparison": "==",
                        "compare_to": 1
                    },
                    "if_action": {
                        "type": "origins:execute_command",
                        "command": "execute as @a run resource set @s manhunt:ban_piglin 1"
                    }
                },
                {
                    "type": "origins:if_else",
                    "condition": {
                        "type": "origins:resource",
                        "resource": "manhunt:ban_relentless",
                        "comparison": "==",
                        "compare_to": 1
                    },
                    "if_action": {
                        "type": "origins:execute_command",
                        "command": "execute as @a run resource set @s manhunt:ban_relentless 1"
                    }
                },
                {
                    "type": "origins:if_else",
                    "condition": {
                        "type": "origins:resource",
                        "resource": "manhunt:ban_reaper",
                        "comparison": "==",
                        "compare_to": 1
                    },
                    "if_action": {
                        "type": "origins:execute_command",
                        "command": "execute as @a run resource set @s manhunt:ban_reaper 1"
                    }
                },
                {
                    "type": "origins:if_else",
                    "condition": {
                        "type": "origins:resource",
                        "resource": "manhunt:ban_sanguis",
                        "comparison": "==",
                        "compare_to": 1
                    },
                    "if_action": {
                        "type": "origins:execute_command",
                        "command": "execute as @a run resource set @s manhunt:ban_sanguis 1"
                    }
                },
                {
                    "type": "origins:if_else",
                    "condition": {
                        "type": "origins:resource",
                        "resource": "manhunt:ban_scanner",
                        "comparison": "==",
                        "compare_to": 1
                    },
                    "if_action": {
                        "type": "origins:execute_command",
                        "command": "execute as @a run resource set @s manhunt:ban_scanner 1"
                    }
                },
                {
                    "type": "origins:if_else",
                    "condition": {
                        "type": "origins:resource",
                        "resource": "manhunt:ban_scout",
                        "comparison": "==",
                        "compare_to": 1
                    },
                    "if_action": {
                        "type": "origins:execute_command",
                        "command": "execute as @a run resource set @s manhunt:ban_scout 1"
                    }
                },
                {
                    "type": "origins:if_else",
                    "condition": {
                        "type": "origins:resource",
                        "resource": "manhunt:ban_shaman",
                        "comparison": "==",
                        "compare_to": 1
                    },
                    "if_action": {
                        "type": "origins:execute_command",
                        "command": "execute as @a run resource set @s manhunt:ban_shaman 1"
                    }
                },
                {
                    "type": "origins:if_else",
                    "condition": {
                        "type": "origins:resource",
                        "resource": "manhunt:ban_sicarius",
                        "comparison": "==",
                        "compare_to": 1
                    },
                    "if_action": {
                        "type": "origins:execute_command",
                        "command": "execute as @a run resource set @s manhunt:ban_sicarius 1"
                    }
                },
                {
                    "type": "origins:if_else",
                    "condition": {
                        "type": "origins:resource",
                        "resource": "manhunt:ban_survivalist",
                        "comparison": "==",
                        "compare_to": 1
                    },
                    "if_action": {
                        "type": "origins:execute_command",
                        "command": "execute as @a run resource set @s manhunt:ban_survivalist 1"
                    }
                },
                {
                    "type": "origins:if_else",
                    "condition": {
                        "type": "origins:resource",
                        "resource": "manhunt:ban_xolotl",
                        "comparison": "==",
                        "compare_to": 1
                    },
                    "if_action": {
                        "type": "origins:execute_command",
                        "command": "execute as @a run resource set @s manhunt:ban_xolotl 1"
                    }
                },
                {
                    "type": "origins:if_else",
                    "condition": {
                        "type": "origins:resource",
                        "resource": "manhunt:ban_wisp",
                        "comparison": "==",
                        "compare_to": 1
                    },
                    "if_action": {
                        "type": "origins:execute_command",
                        "command": "execute as @a run resource set @s manhunt:ban_wisp 1"
                    }
                }
            ]
        },
        "interval": 10,
        "condition": {
            "type": "origins:entity_type",
            "entity_type": "minecraft:armor_stand"
        }
    },
    "hidden": true
}