{
    "type": "origins:multiple",
    "tag": {
        "type": "origins:action_on_callback",
        "entity_action_gained": {
            "type": "origins:and",
            "actions": [
                {
                    "type": "origins:execute_command",
                    "command": "tag @s add runner"
                },
                {
                    "type": "origins:execute_command",
                    "command": "team join Runners"
                },
                {
                    "type": "origins:execute_command",
                    "command": "execute store result score @s runners run execute if entity @a[tag=runner]"
                }
            ]
        },
        "entity_action_lost": {
            "type": "origins:and",
            "actions": [
                {
                    "type": "origins:execute_command",
                    "command": "tag @s remove runner"
                },
                {
                    "type": "origins:execute_command",
                    "command": "team leave Runners"
                },
                {
                    "type": "origins:execute_command",
                    "command": "execute as @a[tag=runner] if score @s runners > @p runners run scoreboard players remove @s runners 1"
                },
                {
                    "type": "origins:execute_command",
                    "command": "scoreboard players reset @s runners"
                },
                {
                    "type": "origins:execute_command",
                    "command": "scoreboard players reset @s tracking"
                },
                {
                    "type": "origins:execute_command",
                    "command": "execute in minecraft:overworld kill @e[limit=1,sort=nearest,type=item,tag=tracking1]"
                },
                {
                    "type": "origins:execute_command",
                    "command": "execute in minecraft:the_nether run kill @e[limit=1,sort=nearest,type=item,tag=tracking2]"
                },
                {
                    "type": "origins:execute_command",
                    "command": "execute in minecraft:the_end run kill @e[limit=1,sort=nearest,type=item,tag=tracking3]"
                }
            ]
        },
        "entity_action_respawned": {
            "type": "origins:and",
            "actions": [
                {
                    "type": "origins:if_else",
                    "condition": {
                        "type": "origins:power",
                        "power": "manhunt:start",
                        "inverted": true
                    },
                    "if_action": {
                        "type": "origins:and",
                        "actions": [
                            {
                                "type": "origins:execute_command",
                                "command": "execute as @e[limit=1,sort=nearest,tag=setup] run scoreboard players remove @s runners_alive 1"
                            },
                            {
                                "type": "origins:if_else",
                                "condition": {
                                    "type": "origins:command",
                                    "command": "execute if entity @s[tag=convert]",
                                    "comparison": ">=",
                                    "compare_to": 1
                                },
                                "if_action": {
                                    "type": "origins:and",
                                    "actions": [
                                        {
                                            "type": "origins:execute_command",
                                            "command": "power grant @s manhunt:hunter_effects"
                                        },
                                        {
                                            "type": "origins:if_else",
                                            "condition": {
                                                "type": "origins:resource",
                                                "resource": "manhunt:runner_effects_glow",
                                                "comparison": "==",
                                                "compare_to": 1
                                            },
                                            "if_action": {
                                                "type": "origins:change_resource",
                                                "resource": "manhunt:hunter_effects_glow",
                                                "change": 1,
                                                "operation": "set"
                                            }
                                        },
                                        {
                                            "type": "origins:execute_command",
                                            "command": "origin set @s origins:origin manhunt:hunter"
                                        },
                                        {
                                            "type": "origins:execute_command",
                                            "command": "origin set @s manhunt:runners origins:empty"
                                        },
                                        {
                                            "type": "origins:execute_command",
                                            "command": "origin gui @s manhunt:hunters"
                                        },
                                        {
                                            "type": "origins:execute_command",
                                            "command": "origin set @s manhunt:ringtones ringtones:default"
                                        }
                                    ]
                                },
                                "else_action": {
                                    "type": "origins:and",
                                    "actions": [
                                        {
                                            "type": "origins:execute_command",
                                            "command": "origin set @s origins:origin manhunt:spectator"
                                        },
                                        {
                                            "type": "origins:execute_command",
                                            "command": "origin set @s manhunt:runners origins:empty"
                                        }
                                    ]
                                }
                            }
                        ]
                    }
                }
            ]
        },
        "execute_chosen_when_orb": true
    },
    "compass2": {
        "type": "origins:action_over_time",
        "rising_action": {
            "type": "origins:and",
            "actions": [
                {
                    "type": "origins:execute_command",
                    "command": "function manhunt:compass/nether"
                },
                {
                    "type": "origins:execute_command",
                    "command": "power remove @s manhunt:runner_effects_compass2"
                }
            ]
        },
        "interval": 5,
        "condition": {
            "type": "origins:dimension",
            "dimension": "minecraft:the_nether"
        }
    },
    "compass3": {
        "type": "origins:action_over_time",
        "rising_action": {
            "type": "origins:and",
            "actions": [
                {
                    "type": "origins:execute_command",
                    "command": "function manhunt:compass/end"
                },
                {
                    "type": "origins:execute_command",
                    "command": "power remove @s manhunt:runner_effects_compass3"
                }
            ]
        },
        "interval": 5,
        "condition": {
            "type": "origins:dimension",
            "dimension": "minecraft:the_end"
        }
    },
    "glow": {
        "type": "origins:resource",
        "min": 0,
        "max": 1,
        "start_value": 0,
        "hud_render": {
            "should_render": false
        }
    },
    "glow_check": {
        "type": "origins:resource",
        "min": 0,
        "max": 2,
        "start_value": 0,
        "hud_render": {
            "should_render": false
        }
    },
    "glow_held": {
        "type": "origins:active_self",
        "entity_action": {
            "type": "origins:change_resource",
            "resource": "manhunt:runner_effects_glow_check",
            "change": 2,
            "operation": "set"
        },
        "cooldown": 1,
        "hud_render": {
            "should_render": false
        },
        "key": {
            "key": "key.playerlist",
            "continuous": true
        },
        "condition": {
            "type": "origins:resource",
            "resource": "manhunt:runner_effects_glow",
            "comparison": "==",
            "compare_to": 1
        }
    },
    "glow_stop": {
        "type": "origins:action_over_time",
        "entity_action": {
            "type": "origins:change_resource",
            "resource": "manhunt:runner_effects_glow_check",
            "change": -1,
            "operation": "add"
        },
        "interval": 1
    },
    "glow_overlay": {
        "type": "origins:entity_glow",
        "bientity_condition": {
            "type": "origins:target_condition",
            "condition": {
                "type": "origins:origin",
                "origin": "manhunt:runner",
                "layer": "origins:origin"
            }
        },
        "condition": {
            "type": "origins:resource",
            "resource": "manhunt:runner_effects_glow_check",
            "comparison": ">",
            "compare_to": 0
        },
        "use_teams": false,
        "red": 1.0,
        "green": 1.0,
        "blue": 1.0
    },
    "shatter": {
        "type": "origins:entity_set"
    },
    "tooltip_crystal": {
        "type": "origins:tooltip",
        "item_condition": {
            "type": "origins:and",
            "conditions": [
                {
                    "type": "origins:ingredient",
                    "ingredient": {
                        "item": "minecraft:amethyst_shard"
                    }
                },
                {
                    "type": "origins:nbt",
                    "nbt": "{Tags:[\"enchanter_stone\"]}"
                }
            ]
        },
        "text": [
            "Shatter the stone with \"",
            {
                "keybind": "key.use"
            },
            "\""
        ]
    },
    "shatter_stone": {
        "type": "origins:active_self",
        "entity_action": {
            "type": "origins:and",
            "actions": [
                {
                    "type": "origins:selector_action",
                    "selector": "@a[tag=hunter]",
                    "bientity_action": {
                        "type": "origins:target_action",
                        "action": {
                            "type": "origins:execute_command",
                            "command": "tag @s add shatter_recall"
                        }
                    },
                    "bientity_condition": {
                        "type": "origins:target_condition",
                        "condition": {
                            "type": "origins:power",
                            "power": "manhunt:enchanter/recall/enchanted"
                        }
                    }
                },
                {
                    "type": "origins:execute_command",
                    "command": "power grant @p[tag=shatter_recall] manhunt:enchanter/recall/shattered"
                },
                {
                    "type": "origins:selector_action",
                    "selector": "@p[tag=shatter_recall]",
                    "bientity_action": {
                        "type": "origins:add_to_set",
                        "set": "manhunt:runner_effects_shatter"
                    }
                },
                {
                    "type": "origins:equipped_item_action",
                    "equipment_slot": "mainhand",
                    "action": {
                        "type": "origins:consume",
                        "amount": 1
                    }
                },
                {
                    "type": "origins:execute_command",
                    "command": "playsound minecraft:entity.player.big_fall player @a ~ ~ ~ 1 0.5"
                },
                {
                    "type": "origins:execute_command",
                    "command": "playsound minecraft:block.amethyst_cluster.fall player @a ~ ~ ~ 1 0.5"
                },
                {
                    "type": "origins:execute_command",
                    "command": "playsound minecraft:block.amethyst_cluster.fall player @a ~ ~ ~ 1 0.5"
                },
                {
                    "type": "origins:execute_command",
                    "command": "particle minecraft:dust_color_transition 0.1 0 0.9 1.2 0.5 0 1 ~ ~1 ~ 0.4 0.4 0.4 1 30"
                },
                {
                    "type": "origins:execute_command",
                    "command": "particle minecraft:enchanted_hit ~ ~1 ~ 0 0 0 1 10"
                }
            ]
        },
        "cooldown": 5,
        "hud_render": {
            "should_render": false
        },
        "key": "key.use",
        "condition": {
            "type": "origins:equipped_item",
            "equipment_slot": "mainhand",
            "item_condition": {
                "type": "origins:and",
                "conditions": [
                    {
                        "type": "origins:ingredient",
                        "ingredient": {
                            "item": "minecraft:amethyst_shard"
                        }
                    },
                    {
                        "type": "origins:nbt",
                        "nbt": "{Tags:[\"enchanter_stone\"]}"
                    }
                ]
            }
        }
    },
    "lurking_seen": {
        "type": "origins:action_over_time",
        "entity_action": {
            "type": "origins:raycast",
            "distance": 64,
            "block": true,
            "entity": true,
            "shape_type": "visual",
            "fluid_handling": "none",
            "bientity_action": {
                "type": "origins:target_action",
                "action": {
                    "type": "origins:and",
                    "actions": [
                        {
                            "type": "origins:if_else",
                            "condition": {
                                "type": "origins:and",
                                "conditions": [
                                    {
                                        "type": "origins:living"
                                    },
                                    {
                                        "type": "origins:power",
                                        "power": "manhunt:lurker/lurk/eye_main"
                                    }
                                ]
                            },
                            "if_action": {
                                "type": "origins:riding_action",
                                "action": {
                                    "type": "origins:and",
                                    "actions": [
                                        {
                                            "type": "origins:change_resource",
                                            "resource": "manhunt:lurker/lurk/lurk_effects_lurk",
                                            "change": -15,
                                            "operation": "add"
                                        },
                                        {
                                            "type": "origins:execute_command",
                                            "command": "playsound minecraft:block.note_block.cow_bell player @s ~ ~ ~ 1 2",
                                            "permission_level": 4
                                        },
                                        {
                                            "type": "origins:execute_command",
                                            "command": "particle minecraft:witch ~ ~1.5 ~ 0.3 0.5 0.3 0.1 1",
                                            "permission_level": 4
                                        }
                                    ]
                                }
                            },
                            "else_action": {
                                "type": "origins:and",
                                "actions": [
                                    {
                                        "type": "origins:change_resource",
                                        "resource": "manhunt:lurker/lurk/lurk_effects_lurk",
                                        "change": -15,
                                        "operation": "add"
                                    },
                                    {
                                        "type": "origins:execute_command",
                                        "command": "playsound minecraft:block.note_block.cow_bell player @s ~ ~ ~ 1 2",
                                        "permission_level": 4
                                    },
                                    {
                                        "type": "origins:execute_command",
                                        "command": "particle minecraft:witch ~ ~1.5 ~ 0.3 0.5 0.3 0.1 1",
                                        "permission_level": 4
                                    }
                                ]
                            }
                        }
                    ]
                }
            },
            "bientity_condition": {
                "type": "origins:target_condition",
                "condition": {
                    "type": "origins:or",
                    "conditions": [
                        {
                            "type": "origins:origin",
                            "origin": "manhunt:hunters/lurker",
                            "layer": "manhunt:hunters"
                        },
                        {
                            "type": "origins:and",
                            "conditions": [
                                {
                                    "type": "origins:living"
                                },
                                {
                                    "type": "origins:power",
                                    "power": "manhunt:lurker/lurk/eye_main"
                                }
                            ]
                        }
                    ]
                }
            },
            "command_step": 1
        },
        "interval": 1
    },
    "midgame": {
        "type": "origins:action_over_time",
        "rising_action": {
            "type": "origins:execute_command",
            "command": "execute as @e[type=minecraft:armor_stand,tag=setup] run function manhunt:phases/normal"
        },
        "interval": 5,
        "condition": {
            "type": "origins:and",
            "conditions": [
                {
                    "type": "origins:resource",
                    "resource": "manhunt:global_difficulty",
                    "comparison": "==",
                    "compare_to": 0
                },
                {
                    "type": "origins:advancement",
                    "advancement": "minecraft:story/enter_the_nether"
                }
            ]
        }
    },
    "endgame": {
        "type": "origins:action_over_time",
        "rising_action": {
            "type": "origins:execute_command",
            "command": "execute as @e[type=minecraft:armor_stand,tag=setup] run function manhunt:phases/hard"
        },
        "interval": 5,
        "condition": {
            "type": "origins:and",
            "conditions": [
                {
                    "type": "origins:resource",
                    "resource": "manhunt:global_difficulty",
                    "comparison": "==",
                    "compare_to": 1
                },
                {
                    "type": "origins:advancement",
                    "advancement": "minecraft:nether/obtain_blaze_rod"
                },
                {
                    "type": "origins:advancement",
                    "advancement": "minecraft:story/follow_ender_eye"
                }
            ]
        }
    },
    "hidden": true
}