{
    "type": "origins:multiple",
"give_tag":{
    "type": "origins:target_action_on_hit",
    "entity_action": {
        "type": "origins:execute_command",
        "command": "power grant @s manhunt:strapped",
        "permission_level": 4
    },
    "damage_condition": {
        "type": "origins:projectile",
        "projectile": "minecraft:arrow"
    },
    "cooldown": 1,
    "hud_render": {
        "should_render": false,
        "bar_index": 0
    }
},
"activate":
{
    "type": "origins:active_self",
    "entity_action": {
        "type": "origins:and",
        "actions": [
            {
                "type": "origins:change_resource",
                "resource": "manhunt:strapped_resource2",
                "change": 1
            },
            {
                "type": "origins:area_of_effect",
                "radius": 32,
                "bientity_action": {
                "type": "origins:target_action",
                    "action": {
                        "type": "origins:change_resource",
                        "resource": "manhunt:strapped_resource2",
                        "change": 1
                    }
            }
            },
            {
                "type": "origins:delay",
                "ticks": 10,
                "action": {    
                "type": "origins:execute_command",
                "command": "power remove @e manhunt:strapped"
                }
            }
        ]
    },
    "cooldown": 6000,
    "hud_render": {
        "should_render": true,
        "sprite_location": "origins:textures/gui/community/spiderkolo/resource_bar_02.png",
		"bar_index": 14
        }
    },
    "name":"§l§nExplosive Ammunition",
    "description":"Upon shooting an entity with a crossbow they will be armed with a bomb for 30 seconds, and by using your primary key while in view range & 32 blocks of the target the bomb will be detonated. (explosion power 1, 10m cooldown)"
}