{
    "type": "origins:multiple",
    "hit": {
        "type": "apugli:action_on_projectile_hit",
        "bientity_action": {
            "type": "origins:target_action",
            "action": {
                "type": "origins:and",
                "actions": [
                    {
                        "type": "origins:explode",
                        "power": 2,
                        "destruction_type": "break",
                        "damage_self": true,
                        "create_fire": true
                    },
                    {
                        "type": "origins:execute_command",
                        "command": "playsound minecraft:entity.generic.explode player @a ~ ~ ~ 1 2"
                    },
                    {
                        "type": "origins:execute_command",
                        "command": "particle minecraft:explosion ~ ~ ~ 0 0 0 1 1"
                    },
                    {
                        "type": "origins:execute_command",
                        "command": "kill @e[tag=tnt_tip,limit=1,sort=nearest]"
                    },
                    {
                        "type": "origins:execute_command",
                        "command": "kill @e[tag=bomb_arrow,limit=1,sort=nearest]"
                    }
                ]
            }
        }
    },
    "tag": {
        "type": "apugli:projectile_action_over_time",
        "rising_action": {
            "type": "origins:and",
            "actions": [
                {
                    "type": "origins:target_action",
                    "action": {
                        "type": "origins:and",
                        "actions": [
                            {
                                "type": "origins:execute_command",
                                "command": "tag @s add bomb_arrow"
                            },
                            {
                                "type": "origins:execute_command",
                                "command": "data modify entity @s pickup set value 0b"
                            },
                            {
                                "type": "origins:execute_command",
                                "command": "summon block_display ~ ~ ~ {Tags:[\"tnt_tip\"],transformation:{left_rotation:[0f,0f,0f,1f],right_rotation:[1f,0f,0f,1f],translation:[-0.1f,-0.3f,0f],scale:[0.1f,0.1f,0.1f]},block_state:{Name:\"minecraft:tnt\"}}"
                            },
                            {
                                "type": "origins:execute_command",
                                "command": "ride @e[limit=1,sort=nearest,type=minecraft:block_display,tag=tnt_tip] mount @s"
                            }
                        ]
                    }
                },
                {
                    "type": "origins:actor_action",
                    "action": {
                        "type": "origins:change_resource",
                        "resource": "manhunt:captain/blunderbuss_loaded",
                        "change": -1
                    }
                }
            ]
        },
        "interval": 1,
        "bientity_condition": {
            "type": "origins:and",
            "conditions": [
                {
                    "type": "origins:target_condition",
                    "condition": {
                        "type": "origins:and",
                        "conditions": [
                            {
                                "type": "origins:entity_type",
                                "entity_type": "minecraft:arrow"
                            },
                            {
                                "type": "origins:nbt",
                                "nbt": "{Tags: ['bomb_arrow']}",
                                "inverted": true
                            },
                            {
                                "type": "origins:nbt",
                                "nbt": "{inGround:0b}"
                            }
                        ]
                    }
                },
                {
                    "type": "origins:actor_condition",
                    "condition": {
                        "type": "origins:and",
                        "conditions": [
                            {
                                "type": "origins:resource",
                                "resource": "manhunt:captain/blunderbuss_loaded",
                                "comparison": "==",
                                "compare_to": 1
                            },
                            {
                                "type": "origins:equipped_item",
                                "equipment_slot": "mainhand",
                                "item_condition": {
                                    "type": "origins:ingredient",
                                    "ingredient": {
                                        "item": "minecraft:crossbow"
                                    }
                                }
                            }
                        ]
                    }
                }
            ]
        }
    },
    "loaded": {
        "type": "origins:resource",
        "min": 0,
        "max": 1,
        "start_value": 0,
        "hud_render": {
            "should_render": false
        }
    },
    "loaded_timer": {
        "type": "origins:resource",
        "min": 0,
        "max": 200,
        "start_value": 0,
        "hud_render":  {
            "should_render": true,
            "sprite_location": "origins:textures/gui/community/spiderkolo/resource_bar_02.png",
            "bar_index": 14,
            "condition": {
                "type": "origins:resource",
                "resource": "manhunt:captain/blunderbuss_loaded_timer",
                "comparison": ">",
                "compare_to": 0
            }
        },
        "min_action": {
            "type": "origins:change_resource",
            "resource": "manhunt:captain/blunderbuss_loaded",
            "change": -1
        }
    },
    "duration_down": {
        "type": "origins:action_over_time",
        "entity_action": {
            "type": "origins:change_resource",
            "resource": "manhunt:captain/blunderbuss_loaded_timer",
            "change": -20
        },
        "interval": 20
    },
    "activate": {
        "type": "origins:active_self",
        "entity_action": {
            "type": "origins:and",
            "actions": [
                {
                    "type": "origins:change_resource",
                    "resource": "manhunt:captain/blunderbuss_loaded",
                    "change": 1
                },
                {
                    "type": "origins:change_resource",
                    "resource": "manhunt:captain/blunderbuss_loaded_timer",
                    "change": 200
                }
            ]
        },
        "cooldown": 1200,
        "key": {
            "key": "key.origins.primary_active"
        },
        "hud_render":  {
            "sprite_location": "manhunt:textures/captain.png",
            "bar_index": 0,
            "should_render": true,
            "condition": {
                "type": "origins:resource",
                "resource": "manhunt:captain/blunderbuss_loaded_timer",
                "comparison": "==",
                "compare_to": 0
            }
        }
    },
    "detonate": {
        "type": "origins:active_self",
        "entity_action": {
            "type": "origins:and",
            "actions": [
                {
                    "type": "origins:area_of_effect",
                    "radius": 64,
                    "bientity_action": {
                        "type": "origins:target_action",
                        "action": {
                            "type": "origins:and",
                            "actions": [
                                {
                                    "type": "origins:explode",
                                    "power": 2,
                                    "destruction_type": "break",
                                    "damage_self": true,
                                    "create_fire": true
                                },
                                {
                                    "type": "origins:execute_command",
                                    "command": "playsound minecraft:entity.generic.explode player @a ~ ~ ~ 1 2"
                                },
                                {
                                    "type": "origins:execute_command",
                                    "command": "particle minecraft:explosion ~ ~ ~ 0 0 0 1 1"
                                },
                                {
                                    "type": "origins:execute_command",
                                    "command": "kill @e[tag=tnt_tip,limit=1,sort=nearest]"
                                },
                                {
                                    "type": "origins:execute_command",
                                    "command": "kill @e[tag=bomb_arrow,limit=1,sort=nearest]"
                                }
                            ]
                        }
                    },
                    "bientity_condition": {
                        "type": "origins:and",
                        "conditions": [
                            {
                                "type": "origins:target_condition",
                                "condition": {
                                    "type": "origins:and",
                                    "conditions": [
                                        {
                                            "type": "origins:entity_type",
                                            "entity_type": "minecraft:arrow"
                                        },
                                        {
                                            "type": "origins:nbt",
                                            "nbt": "{Tags: ['bomb_arrow']}"
                                        }
                                    ]
                                }
                            }
                        ]
                    }
                }
            ]
        },
        "cooldown": 4,
        "hud_render": {
            "should_render": false
        }
    },
    "name": "Explosive Ammunition",
    "description": "Load your next crossbow arrow with a TNT charge. Explodes when hitting entities.",
    "badges": [
        {
            "type": "origins:tooltip",
            "sprite": "origins:textures/gui/badge/star.png",
            "text": "Press the key again to detonate if it lands on a block.\n"
        },
        {
            "type": "origins:keybind",
            "sprite": "origins:textures/gui/badge/toggle.png",
            "text": "Load your crossbow with %s!"
        },
        {
            "type": "origins:tooltip",
            "sprite": "manhunt:textures/icons/cooldown.png",
            "text": "Cooldown: 1m"
        }
    ]
}