{
    "type": "origins:multiple",
    "defence": {
        "type": "origins:modify_damage_taken",
        "modifier": {
            "name": "boat bunker",
            "operation": "multiply_total",
            "value": -0.5
        },
        "condition": {
            "type": "origins:riding",
            "bientity_condition": {
                "type": "origins:target_condition",
                "condition": {
                    "type": "origins:entity_type",
                    "entity_type": "minecraft:boat"
                }
            }
        }
    },
    "speedboat": {
        "type": "origins:action_over_time",
        "rising_action": {
            "type": "origins:and",
            "actions": [
                {
                    "type": "origins:riding_action",
                    "action": {
                        "type": "origins:and",
                        "actions": [
                            {
                                "type": "origins:execute_command",
                                "command": "tag @s add speedboat"
                            },
                            {
                                "type": "origins:execute_command",
                                "command": "scale set pehkui:motion 1.4 @s"
                            }
                        ]
                    },
                    "bientity_condition": {
                        "type": "origins:target_condition",
                        "condition": {
                            "type": "origins:and",
                            "conditions": [
                                {
                                    "type": "origins:entity_type",
                                    "entity_type": "minecraft:boat"
                                },
                                {
                                    "type": "origins:fluid_height",
                                    "fluid": "minecraft:water",
                                    "comparison": ">",
                                    "compare_to": 0
                                }
                            ]
                        }
                    }
                }
            ]
        },
        "interval": 1,
        "condition": {
            "type": "origins:riding",
            "bientity_condition": {
                "type": "origins:target_condition",
                "condition": {
                    "type": "origins:and",
                    "conditions": [
                        {
                            "type": "origins:entity_type",
                            "entity_type": "minecraft:boat"
                        },
                        {
                            "type": "origins:fluid_height",
                            "fluid": "minecraft:water",
                            "comparison": ">",
                            "compare_to": 0
                        }
                    ]
                }
            }
        }
    },
    "speedboat_remove": {
        "type": "origins:action_over_time",
        "falling_action": {
            "type": "origins:and",
            "actions": [
                {
                    "type": "origins:selector_action",
                    "selector": "@e[limit=1,sort=nearest,type=boat,tag=speedboat]",
                    "bientity_action": {
                        "type": "origins:target_action",
                        "action": {
                            "type": "origins:and",
                            "actions": [
                                {
                                    "type": "origins:execute_command",
                                    "command": "tag @s remove speedboat"
                                },
                                {
                                    "type": "origins:execute_command",
                                    "command": "scale set pehkui:motion 1 @s"
                                }
                            ]
                        }
                    }
                }
            ]
        },
        "interval": 1,
        "condition": {
            "type": "origins:riding",
            "bientity_condition": {
                "type": "origins:target_condition",
                "condition": {
                    "type": "origins:and",
                    "conditions": [
                        {
                            "type": "origins:entity_type",
                            "entity_type": "minecraft:boat"
                        },
                        {
                            "type": "origins:fluid_height",
                            "fluid": "minecraft:water",
                            "comparison": ">",
                            "compare_to": 0
                        }
                    ]
                }
            }
        }
    },
    "speedboat_particles": {
        "type": "origins:action_over_time",
        "entity_action": {
            "type": "origins:and",
            "actions": [
                {
                    "type": "origins:execute_command",
                    "command": "execute on vehicle at @s run particle minecraft:dust_color_transition 0 0.2 1 1 1 1 1 ^0.5 ^0.2 ^-1 0 0 0 1 1"
                },
                {
                    "type": "origins:execute_command",
                    "command": "execute on vehicle at @s run particle minecraft:dust_color_transition 0 0.2 1 1 1 1 1 ^-0.5 ^0.2 ^-1 0 0 0 1 1"
                }
            ]
        },
        "interval": 1,
        "condition": {
            "type": "origins:riding",
            "bientity_condition": {
                "type": "origins:target_condition",
                "condition": {
                    "type": "origins:and",
                    "conditions": [
                        {
                            "type": "origins:entity_type",
                            "entity_type": "minecraft:boat"
                        },
                        {
                            "type": "origins:fluid_height",
                            "fluid": "minecraft:water",
                            "comparison": ">",
                            "compare_to": 0
                        }
                    ]
                }
            }
        }
    },
    "strider": {
        "type": "origins:action_on_entity_use",
        "bientity_action": {
            "type": "origins:target_action",
            "action": {
                "type": "origins:and",
                "actions": [
                    {
                        "type": "origins:spawn_entity",
                        "entity_type": "minecraft:boat",
                        "tag": "{Type:\"oak\",Tags:[\"striderboat\"]}",
                        "entity_action": {
                            "type": "origins:selector_action",
                            "selector": "@e[type=strider,limit=1,sort=nearest]",
                            "bientity_action": {
                                "type": "origins:mount"
                            }
                        }
                    }
                ]
            }
        },
        "bientity_condition": {
            "type": "origins:target_condition",
            "condition": {
                "type": "origins:entity_type",
                "entity_type": "minecraft:strider"
            }
        },
        "item_condition": {
            "type": "origins:ingredient",
            "ingredient": {
                "tag": "manhunt:boats"
            }
        },
        "hands": [
            "main_hand"
        ]
    },
    "strider_move": {
        "type": "origins:action_over_time",
        "entity_action": {
            "type": "origins:and",
            "actions": [
                {
                    "type": "origins:riding_action",
                    "action": {
                        "type": "origins:and",
                        "actions": [
                            {
                                "type": "origins:execute_command",
                                "command": "execute on passengers on passengers run data modify entity @e[limit=1,sort=nearest,type=minecraft:strider] Rotation[0] set from entity @s Rotation[0]"
                            },
                            {
                                "type": "origins:add_velocity",
                                "z": 0.5,
                                "space": "local_horizontal_normalized",
                                "set": true
                            }
                        ]
                    },
                    "bientity_condition": {
                        "type": "origins:target_condition",
                        "condition": {
                            "type": "origins:entity_type",
                            "entity_type": "minecraft:strider"
                        }
                    },
                    "recursive": true
                }
            ]
        },
        "interval": 1,
        "condition": {
            "type": "origins:and",
            "conditions": [
                {
                    "type": "origins:riding_root",
                    "bientity_condition": {
                        "type": "origins:target_condition",
                        "condition": {
                            "type": "origins:entity_type",
                            "entity_type": "minecraft:strider"
                        }
                    }
                },
                {
                    "type": "origins:riding",
                    "bientity_condition": {
                        "type": "origins:target_condition",
                        "condition": {
                            "type": "origins:entity_type",
                            "entity_type": "minecraft:boat"
                        }
                    }
                }
            ]
        }
    },
    "name": "Cap'ain of the sea",
    "description": "Boats that you ride offer protection and navigate quicker.",
    "badges": [
        {
            "type": "origins:tooltip",
            "sprite": "origins:textures/gui/badge/star.png",
            "text": "Boat Riding: 50% mitigation and +40% speed."
        }
    ]
}