{
    "type": "origins:multiple",
    "defence": {
        "type": "origins:modify_damage_taken",
        "modifier": {
            "name": "boat bunker",
            "operation": "multiply_total",
            "value": -0.5
        },
        "condition": {
            "type": "origins:riding",
            "bientity_condition": {
                "type": "origins:target_condition",
                "condition": {
                    "type": "origins:entity_type",
                    "entity_type": "minecraft:boat"
                }
            }
        }
    },
    "attack": {
        "type": "origins:modify_damage_dealt",
        "modifier": {
            "name": "boat bunker weak",
            "operation": "multiply_base",
            "value": -0.5
        },
        "condition": {
            "type": "origins:riding",
            "bientity_condition": {
                "type": "origins:target_condition",
                "condition": {
                    "type": "origins:entity_type",
                    "entity_type": "minecraft:boat"
                }
            }
        }
    },
    "speedboat": {
        "type": "origins:active_self",
        "entity_action": {
            "type": "origins:and",
            "actions": [
                {
                    "type": "origins:riding_action",
                    "action": {
                        "type": "origins:add_velocity",
                        "z": 0.6,
                        "space": "local_horizontal",
                        "set": false
                    },
                    "bientity_condition": {
                        "type": "origins:target_condition",
                        "condition": {
                            "type": "origins:and",
                            "conditions": [
                                {
                                    "type": "origins:entity_type",
                                    "entity_type": "minecraft:boat"
                                },
                                {
                                    "type": "origins:fluid_height",
                                    "fluid": "minecraft:water",
                                    "comparison": ">",
                                    "compare_to": 0
                                }
                            ]
                        }
                    }
                }
            ]
        },
        "key": {
            "key": "key.forward",
            "continuous": true
        },
        "cooldown": 1,
        "hud_render": {
            "should_render": false
        }
    },
    "name": "Cap'ain of the sea",
    "description": "Captains make boats that they control faster. Additionally, whilst in a boat you take 50% less damage but also deal 50% less with melee. "
}