{
    "type": "origins:recipe",
    "recipe": {
        "type": "minecraft:crafting_shapeless",
        "id": "manhunt:craftcrossbow",
        "ingredients": [
            {
                "item": "minecraft:string"
            },
            {
                "item": "minecraft:stick"
            },
            {
                "item": "minecraft:iron_ingot"
            }
        ],
        "result": {
            "item": "minecraft:crossbow",
            "count": 1
        }
    },
    "name": "Father's Recipe",
    "description": "Craft a crossbow by putting a iron ingot, string and stick in a crafting grid.",
    "badges": [
        {
            "type": "origins:crafting_recipe",
            "sprite": "minecraft:textures/item/crossbow_standby.png",
            "recipe": {
                "type": "minecraft:crafting_shapeless",
                "id": "manhunt:craftcrossbow",
                "ingredients": [
                    {
                        "item": "minecraft:string"
                    },
                    {
                        "item": "minecraft:stick"
                    },
                    {
                        "item": "minecraft:iron_ingot"
                    }
                ],
                "result": {
                    "item": "minecraft:crossbow"
                }
            }
        }
    ]
}