{
    "type": "origins:multiple",
    "slowness": {
        "type": "origins:conditioned_attribute",
        "modifier": {
            "attribute": "minecraft:generic.movement_speed",
            "operation": "addition",
            "value": -0.05,
            "name": "nethernerfA"
        },
        "tick_rate": 20,
        "condition": {
            "type": "origins:resource",
            "resource": "manhunt:captain/nether_resource",
            "comparison": "<=",
            "compare_to": 45
        }
    },
    "weakness": {
        "type": "origins:conditioned_attribute",
        "modifier": {
            "attribute": "minecraft:generic.attack_damage",
            "operation": "addition",
            "value": -4,
            "name": "nethernerfB"
        },
        "tick_rate": 20,
        "condition": {
            "type": "origins:resource",
            "resource": "manhunt:captain/nether_resource",
            "comparison": "<=",
            "compare_to": 30
        }
    },
    "armor": {
        "type": "origins:conditioned_attribute",
        "modifier": {
            "attribute": "minecraft:generic.armor",
            "operation": "addition",
            "value": -4,
            "name": "nethernerfC"
        },
        "tick_rate": 20,
        "condition": {
            "type": "origins:resource",
            "resource": "manhunt:captain/nether_resource",
            "comparison": "<=",
            "compare_to": 30
        }
    },
    "food": {
        "type": "origins:modify_exhaustion",
        "modifier": {
            "name": "Increased exhaustion",
            "operation": "multiply_base",
            "value": 2.0
        },
        "condition": {
            "type": "origins:resource",
            "resource": "manhunt:captain/nether_resource",
            "comparison": "<=",
            "compare_to": 45
        }
    },
    "resource": {
        "type": "origins:resource",
        "min": 0,
        "max": 180,
        "start_value": 180,
        "hud_render": {
            "should_render": true,
            "sprite_location": "origins:textures/gui/community/huang/resource_bar_02.png",
            "bar_index": 16,
            "condition": {
                "type": "origins:dimension",
                "dimension": "minecraft:the_nether"
            }
        }
    },
    "remove_resource": {
        "type": "origins:action_over_time",
        "entity_action": {
            "type": "origins:change_resource",
            "resource": "manhunt:captain/nether_resource",
            "change": -1
        },
        "interval": 20,
        "condition": {
            "type": "origins:dimension",
            "dimension": "minecraft:the_nether",
            "inverted": false
        }
    },
    "water": {
        "type": "origins:action_over_time",
        "entity_action": {
            "type": "origins:change_resource",
            "resource": "manhunt:captain/nether_resource",
            "change": 1
        },
        "interval": 1,
        "condition": {
            "type": "origins:fluid_height",
            "fluid": "minecraft:water",
            "comparison": ">",
            "compare_to": 0
        }
    },
    "drinking": {
        "type": "origins:action_on_item_use",
        "entity_action": {
            "type": "origins:change_resource",
            "resource": "manhunt:captain/nether_resource",
            "change": 180
        },
        "item_condition": {
            "type": "origins:ingredient",
            "ingredient": {
                "item": "minecraft:potion"
            }
        },
        "hidden": true
    },
    "name": "No Water, No Captain",
    "description": "In the nether, the captain needs to constantly drink water to feel comfortable with their surroundings. Over time, your water wellness bar will go down and reaching 25% and lower will start affecting you badly. (Slower movement, more hunger, less armor, less damage)"
}