{
    "type": "origins:multiple",
    "power": {
        "type": "origins:active_self",
        "entity_action": {
            "type": "origins:and",
            "actions": [
                {
                    "type": "origins:execute_command",
                    "command": "execute if entity @s[nbt={Dimension:\"minecraft:overworld\"}] run power grant @e[distance=..10,tag=hunter] manhunt:trained_effects"
                },
                {
                    "type": "origins:execute_command",
                    "command": "execute if entity @s[nbt={Dimension:\"minecraft:the_nether\"}] run power grant @e[distance=..10,tag=hunter] manhunt:trained_effects_lava"
                }
            ]
        },
        "key": {
            "key": "key.origins.secondary_active"
        },
        "cooldown": 6000,
        "hud_render": {
            "sprite_location": "origins:textures/gui/community/huang/resource_bar_01.png",
            "bar_index": 10,
            "should_render": true
        }
    },
    "name": "§l§nTrained For The Sea",
    "description": "The Captain can use his secondary ability to give him and all nearby hunters water breathing and 30% increased swim speed for 1:30 (5 minute cooldown). If you are in the nether, the effects will allow you to swim quickly in lava. BUT, it will not make you fire resistant, meaning you'll still need fire resistance."
}