{
    "type": "origins:multiple",
    "craftable": {
        "type": "origins:resource",
        "min": 0,
        "max": 1,
        "start_value": 1,
        "hud_render": {
            "should_render": false
        }
    },
    "use": {
        "type": "origins:active_self",
        "entity_action": {
            "type": "origins:if_else",
            "condition": {
                "type": "origins:dimension",
                "dimension": "minecraft:the_nether"
            },
            "if_action": {
                "type": "origins:area_of_effect",
                "radius": 24,
                "shape": "sphere",
                "include_actor": true,
                "bientity_action": {
                    "type": "origins:target_action",
                    "action": {
                        "type": "origins:and",
                        "actions": [
                            {
                                "type": "origins:spawn_entity",
                                "entity_type": "minecraft:item_display",
                                "tag": "{Tags:[\"captain_bubble\"],transformation:{left_rotation:[0f,0f,0f,1f],right_rotation:[0f,0f,0f,1f],translation:[0f,-0.7f,0f],scale:[1f,2.2f,1f]},item:{id:\"minecraft:tinted_glass\",Count:1b,tag:{Enchantments:[{}]}}}",
                                "bientity_action": {
                                    "type": "origins:invert",
                                    "action": {
                                        "type": "origins:mount"
                                    }
                                },
                                "entity_action": {
                                    "type": "origins:execute_command",
                                    "command": "data modify entity @s Rotation set value [0f,0f]"
                                }
                            },
                            {
                                "type": "origins:execute_command",
                                "command": "power grant @s manhunt:captain/bubble/bubbled_nether"
                            },
                            {
                                "type": "origins:execute_command",
                                "command": "particle minecraft:falling_dust minecraft:red_concrete ~ ~1 ~ 0.2 0.35 0.2 0 30 force"
                            },
                            {
                                "type": "origins:execute_command",
                                "command": "playsound minecraft:entity.blaze.shoot player @a ~ ~ ~ 1 0.7"
                            }
                        ]
                    }
                },
                "bientity_condition": {
                    "type": "origins:target_condition",
                    "condition": {
                        "type": "origins:origin",
                        "origin": "manhunt:hunter",
                        "layer": "origins:origin"
                    }
                }
            },
            "else_action": {
                "type": "origins:area_of_effect",
                "radius": 24,
                "shape": "sphere",
                "include_actor": true,
                "bientity_action": {
                    "type": "origins:target_action",
                    "action": {
                        "type": "origins:and",
                        "actions": [
                            {
                                "type": "origins:spawn_entity",
                                "entity_type": "minecraft:item_display",
                                "tag": "{Tags:[\"captain_bubble\"],transformation:{left_rotation:[0f,0f,0f,1f],right_rotation:[0f,0f,0f,1f],translation:[0f,-0.7f,0f],scale:[1f,2.2f,1f]},item:{id:\"minecraft:glass\",Count:1b,tag:{Enchantments:[{}]}}}",
                                "bientity_action": {
                                    "type": "origins:invert",
                                    "action": {
                                        "type": "origins:mount"
                                    }
                                },
                                "entity_action": {
                                    "type": "origins:execute_command",
                                    "command": "data modify entity @s Rotation set value [0f,0f]"
                                }
                            },
                            {
                                "type": "origins:execute_command",
                                "command": "power grant @s manhunt:captain/bubble/bubbled"
                            },
                            {
                                "type": "origins:execute_command",
                                "command": "particle minecraft:falling_dust minecraft:light_blue_concrete ~ ~1 ~ 0.2 0.35 0.2 0 30 force"
                            },
                            {
                                "type": "origins:execute_command",
                                "command": "playsound minecraft:entity.axolotl.swim player @a ~ ~ ~ 1 0.7"
                            }
                        ]
                    }
                },
                "bientity_condition": {
                    "type": "origins:target_condition",
                    "condition": {
                        "type": "origins:origin",
                        "origin": "manhunt:hunter",
                        "layer": "origins:origin"
                    }
                }
            }
        },
        "cooldown": 1800,
        "hud_render": [
            {
                "should_render": true,
                "sprite_location": "manhunt:textures/bars/captain/captain.png",
                "bar_index": 1,
                "condition": {
                    "type": "origins:dimension",
                    "dimension": "minecraft:the_nether",
                    "inverted": true
                }
            },
            {
                "should_render": true,
                "sprite_location": "manhunt:textures/bars/captain/captain.png",
                "bar_index": 2,
                "condition": {
                    "type": "origins:dimension",
                    "dimension": "minecraft:the_nether"
                }
            }
        ],
        "key": {
            "key": "key.origins.secondary_active"
        }
    },
    "name": "Bubbling Bullocks",
    "description": "The seas are meant for all; Even yer' disabled ones!",
    "badges": [
        {
            "type": "origins:tooltip",
            "text": "§b§lBubble ⭘§r§7\nThis ability envelops all hunters in a §r§e24§r§7 block radius with a §r§b§lBubble ⭘§r§7.\nThose affected have §r§einfinite air§r§7, can §r§ewalk on water§r§7 and float quickly upwards whilst holding the jump key.\n\nKnockback is also §r§eincreased§r§7 and fall speed §nis reduced§r§7\n\nEvery 1.5s, they heal 1/2 §l§c❤§r\n\n(§r§8In the Nether, you have fire immunity instead of infinite air§r§7)\n\n§c🕕§r§7 Duration: §r§f12s§r§8 (taking damage reduces duration by half)§r\n§e⌛§r§7 Cooldown: §r§f1m30s§r§8 (Upon Activation)\n\n§7§lActive Ability",
            "sprite": "minecraft:textures/particle/bubble.png"
        },
        {
            "type": "origins:keybind",
            "text": "§7Envelop those around you in bubbles with §r%s§7!",
            "sprite": "origins:textures/gui/badge/toggle.png"
        }
    ]
}