{
    "type": "origins:multiple",
    "damage_projectile": {
        "type": "origins:modify_projectile_damage",
        "damage_condition": {
            "type": "origins:projectile",
            "projectile": "minecraft:trident"
        },
        "modifier": {
            "operation": "addition",
            "value": -3
        }
    },
    "tag": {
        "type": "origins:action_on_callback",
        "entity_action_gained": {
            "type": "origins:execute_command",
            "command": "tag @s add imp"
        },
        "entity_action_removed": {
            "type": "origins:execute_command",
            "command": "tag @s remove imp"
        },
        "execute_chosen_when_orb": true,
        "hidden": true
    },
    "iron": {
        "type": "origins:item_on_item",
        "on_item_condition": {
            "type": "origins:nbt",
            "nbt": "{Unbreakable:1,AttributeModifiers:[{AttributeName:\"generic.attack_damage\",Amount:4,Name:\"generic.attack_damage\",UUID:[I;-12241,37572,231927,-75144]},{AttributeName:\"generic.attack_speed\",Amount:-2.9,Name:\"generic.attack_speed\",UUID:[I;-122416,19396,185458,-38792]}],display:{Name:'[{\"text\":\"Ol\\'reliable ☆\",\"bold\":true,\"color\":\"dark_red\"}]',Lore:['[{\"text\":\"Dull Flint.\",\"italic\":false,\"color\":\"red\"}]']},Enchantments:[{id:vanishing_curse,lvl:1},{id:loyalty,lvl:1}],HideFlags:3}"
        },
        "using_item_condition": {
            "type": "origins:ingredient",
            "ingredient": {
                "item": "minecraft:iron_ingot"
            }
        },
        "using_item_action": {
            "type": "origins:consume",
            "amount": 1
        },
        "on_item_action": {
            "type": "origins:consume",
            "amount": 1
        },
        "entity_action": {
            "type": "origins:and",
            "actions": [
                {
                    "type": "origins:execute_command",
                    "command": "give @p trident{Unbreakable:1,AttributeModifiers:[{AttributeName:\"generic.attack_damage\",Amount:6,Name:\"generic.attack_damage\",UUID:[I;-12241,37572,231927,-75144]},{AttributeName:\"generic.attack_speed\",Amount:-2.9,Name:\"generic.attack_speed\",UUID:[I;-122416,19396,185458,-38792]}],display:{Name:'[{\"text\":\"Ol\\'reliable ☆☆\",\"bold\":true,\"color\":\"dark_red\"}]',Lore:['[{\"text\":\"Sharpened Iron.\",\"italic\":false,\"color\":\"red\"}]']},Enchantments:[{id:vanishing_curse,lvl:1},{id:loyalty,lvl:1}],HideFlags:3} 1",
                    "permission_level": 4
                },
                {
                    "type": "origins:execute_command",
                    "command": "resource set @s manhunt:imp/upgrades_resource 1",
                    "permission_level": 4
                }
            ]
        }
    },
    "dia": {
        "type": "origins:item_on_item",
        "on_item_condition": {
            "type": "origins:nbt",
            "nbt": "{Unbreakable:1,AttributeModifiers:[{AttributeName:\"generic.attack_damage\",Amount:6,Name:\"generic.attack_damage\",UUID:[I;-12241,37572,231927,-75144]},{AttributeName:\"generic.attack_speed\",Amount:-2.9,Name:\"generic.attack_speed\",UUID:[I;-122416,19396,185458,-38792]}],display:{Name:'[{\"text\":\"Ol\\'reliable ☆☆\",\"bold\":true,\"color\":\"dark_red\"}]',Lore:['[{\"text\":\"Sharpened Iron.\",\"italic\":false,\"color\":\"red\"}]']},Enchantments:[{id:vanishing_curse,lvl:1},{id:loyalty,lvl:1}],HideFlags:3}"
        },
        "using_item_condition": {
            "type": "origins:ingredient",
            "ingredient": {
                "item": "minecraft:diamond"
            }
        },
        "using_item_action": {
            "type": "origins:consume",
            "amount": 1
        },
        "on_item_action": {
            "type": "origins:consume",
            "amount": 1
        },
        "entity_action": {
            "type": "origins:and",
            "actions": [
                {
                    "type": "origins:execute_command",
                    "command": "give @p trident{Unbreakable:1,AttributeModifiers:[{AttributeName:\"generic.attack_damage\",Amount:8,Name:\"generic.attack_damage\",UUID:[I;-12241,37572,231927,-75144]},{AttributeName:\"generic.attack_speed\",Amount:-2.9,Name:\"generic.attack_speed\",UUID:[I;-122416,19396,185458,-38792]}],display:{Name:'[{\"text\":\"Ol\\'reliable ☆☆☆\",\"bold\":true,\"color\":\"dark_red\"}]',Lore:['[{\"text\":\"Diamond Perfection.\",\"italic\":false,\"color\":\"red\"}]']},Enchantments:[{id:vanishing_curse,lvl:1},{id:loyalty,lvl:2}],HideFlags:3} 1",
                    "permission_level": 4
                },
                {
                    "type": "origins:execute_command",
                    "command": "resource set @s manhunt:imp/upgrades_resource 2",
                    "permission_level": 4
                }
            ]
        }
    },
    "netherite": {
        "type": "origins:item_on_item",
        "on_item_condition": {
            "type": "origins:nbt",
            "nbt": "{Unbreakable:1,AttributeModifiers:[{AttributeName:\"generic.attack_damage\",Amount:8,Name:\"generic.attack_damage\",UUID:[I;-12241,37572,231927,-75144]},{AttributeName:\"generic.attack_speed\",Amount:-2.9,Name:\"generic.attack_speed\",UUID:[I;-122416,19396,185458,-38792]}],display:{Name:'[{\"text\":\"Ol\\'reliable ☆☆☆\",\"bold\":true,\"color\":\"dark_red\"}]',Lore:['[{\"text\":\"Diamond Perfection.\",\"italic\":false,\"color\":\"red\"}]']},Enchantments:[{id:vanishing_curse,lvl:1},{id:loyalty,lvl:2}],HideFlags:3}"
        },
        "using_item_condition": {
            "type": "origins:ingredient",
            "ingredient": {
                "item": "minecraft:netherite_scrap"
            }
        },
        "using_item_action": {
            "type": "origins:consume",
            "amount": 1
        },
        "on_item_action": {
            "type": "origins:consume",
            "amount": 1
        },
        "entity_action": {
            "type": "origins:and",
            "actions": [
                {
                    "type": "origins:execute_command",
                    "command": "give @p trident{Unbreakable:1,AttributeModifiers:[{AttributeName:\"generic.attack_damage\",Amount:10,Name:\"generic.attack_damage\",UUID:[I;-12241,37572,231927,-75144]},{AttributeName:\"generic.attack_speed\",Amount:-2.9,Name:\"generic.attack_speed\",UUID:[I;-122416,19396,185458,-38792]}],display:{Name:'[{\"text\":\"Ol\\'reliable ☆☆☆☆\",\"bold\":true,\"color\":\"dark_red\"}]',Lore:['[{\"text\":\"Netherite Fright.\",\"italic\":false,\"color\":\"red\"}]']},Enchantments:[{id:vanishing_curse,lvl:1},{id:loyalty,lvl:3}],HideFlags:3} 1",
                    "permission_level": 4
                },
                {
                    "type": "origins:execute_command",
                    "command": "resource set @s manhunt:imp/upgrades_resource 3",
                    "permission_level": 4
                }
            ]
        }
    },
    "resource": {
        "type": "origins:resource",
        "min": 0,
        "max": 3,
        "start_value": 0,
        "hud_render": {
            "should_render": false
        }
    },
    "iron_projectile_dmg": {
        "type": "origins:modify_projectile_damage",
        "damage_condition": {
            "type": "origins:and",
            "conditions": [
                {
                    "type": "origins:projectile",
                    "projectile": "minecraft:trident"
                },
                {
                    "type": "origins:attacker",
                    "entity_condition": {
                        "type": "origins:resource",
                        "resource": "manhunt:imp/upgrades_resource",
                        "comparison": "==",
                        "compare_to": 1
                    }
                }
            ]
        },
        "modifier": {
            "operation": "addition",
            "value": 3.0
        }
    },
    "diamond_projectile_dmg": {
        "type": "origins:modify_projectile_damage",
        "damage_condition": {
            "type": "origins:and",
            "conditions": [
                {
                    "type": "origins:projectile",
                    "projectile": "minecraft:trident"
                },
                {
                    "type": "origins:attacker",
                    "entity_condition": {
                        "type": "origins:resource",
                        "resource": "manhunt:imp/upgrades_resource",
                        "comparison": "==",
                        "compare_to": 2
                    }
                }
            ]
        },
        "modifier": {
            "operation": "addition",
            "value": 5.0
        }
    },
    "netherite_projectile_dmg": {
        "type": "origins:modify_projectile_damage",
        "damage_condition": {
            "type": "origins:and",
            "conditions": [
                {
                    "type": "origins:projectile",
                    "projectile": "minecraft:trident"
                },
                {
                    "type": "origins:attacker",
                    "entity_condition": {
                        "type": "origins:resource",
                        "resource": "manhunt:imp/upgrades_resource",
                        "comparison": "==",
                        "compare_to": 3
                    }
                }
            ]
        },
        "modifier": {
            "operation": "addition",
            "value": 7.0
        }
    },
    "netherite_piercing": {
        "type": "origins:action_over_time",
        "entity_action": {
            "type": "origins:and",
            "actions": [
                {
                    "type": "origins:execute_command",
                    "command": "execute if entity @s[scores={trident=1..}] run data modify entity @e[limit=1,sort=nearest,type=minecraft:trident] PierceLevel set value 3"
                },
                {
                    "type": "origins:delay",
                    "ticks": 1,
                    "action": {
                        "type": "origins:execute_command",
                        "command": "execute if entity @s[scores={trident=1..}] run scoreboard players set @s trident 0"
                    }
                }
            ]
        },
        "interval": 1,
        "condition": {
            "type": "origins:resource",
            "resource": "manhunt:imp/upgrades_resource",
            "comparison": "==",
            "compare_to": 3
        }
    },
    "scoreboard": {
        "type": "origins:action_on_callback",
        "entity_action_gained": {
            "type": "origins:execute_command",
            "command": "scoreboard objectives add trident minecraft.used:minecraft.trident"
        },
        "entity_action_respawned": {
            "type": "origins:execute_command",
            "command": "resource set @s manhunt:imp/upgrades_resource 0",
            "permission_level": 4
        },
        "execute_chosen_when_orb": true,
        "hidden": true
    },
    "name": "Upgrades",
    "description": "You can upgrade your pitchfork, starting out you cannot deal damage with it but you can upgrade it using iron, diamond and a netherite scrap (in that very order) by dragging the corresponding material on top of it and right clicking it. The damage will increase with each upgrade. Death resets the upgrade (the level of upgrade is shown by how many ☆'s are at the end of the name, for example if you have \"Ol'reliable ★\" that means you are on the copper upgrade and must add iron to upgrade it again.)"
}