{
    "type": "origins:multiple",
    "slower":{
        "type": "origins:modify_swim_speed",
        "modifier": {
            "operation": "multiply_total",
            "value": -0.6
        }
    },
    "name": "Heavy",
    "description": "Carrying numerous explosives has it's downsides in water.",
    "badges": [
        {
            "type": "origins:tooltip",
            "sprite": "origins:textures/gui/community/silent/badge/shapes/arrow_down.png",
            "text": "§c§lHeavy ⬇§r§7\nYou swim §c-60%§r§7 slower underwater.\n\n§7§lPassive Ability"
        }
    ]
}