{
    "type": "origins:multiple",
    "fortune": {
        "type": "origins:modify_enchantment_level",
        "enchantment": "minecraft:fortune",
        "modifier": {
            "operation": "add_base_early",
            "value": 1
        }
    },
    "looting": {
        "type": "origins:modify_enchantment_level",
        "enchantment": "minecraft:looting",
        "modifier": {
            "operation": "add_base_early",
            "value": 1
        }
    },
    "bartering":{
        "type": "origins:replace_loot_table",
        "replace": {
            "minecraft:gameplay/piglin_bartering": "manhunt:gameplay/gambler_bartering"
        }
    },
    "bastion_treasure":{
        "type": "origins:replace_loot_table",
        "replace": {
            "minecraft:chests/bastion_treasure": "manhunt:chests/gambler_treasure"
        }
    },
    "bastion_bridge":{
        "type": "origins:replace_loot_table",
        "replace": {
            "minecraft:chests/bastion_bridge": "manhunt:chests/gambler_bridge"
        }
    },
    "bastion_stable":{
        "type": "origins:replace_loot_table",
        "replace": {
            "minecraft:chests/bastion_hoglin_stable": "manhunt:chests/gambler_stable"
        }
    },
    "bastion_other":{
        "type": "origins:replace_loot_table",
        "replace": {
            "minecraft:chests/bastion_other": "manhunt:chests/gambler_other"
        }
    },
    "bastion_fortress":{
        "type": "origins:replace_loot_table",
        "replace": {
            "minecraft:chests/nether_bridge": "manhunt:chests/gambler_fortress"
        }
    },
    "name": "Luck of Dream(s)",
    "description": "Some say that gambling is a skill... and they're right.",
    "badges": [
        {
            "type": "origins:tooltip",
            "sprite": "minecraft:textures/item/gold_nugget.png",
            "text": "Looting I + Fortune I\nAdditionally, Piglins and all Nether structure chests do +1 roll!\n(If you don't know how minecraft loot table rolls, look it up)"
        }
    ]
}