{
    "type": "origins:multiple",
    "activate": {
        "type": "origins:active_self",
        "entity_action": {
            "type": "origins:and",
            "actions": [
                {
                    "type": "origins:add_velocity",
                    "z": 0.3,
                    "y": 0.08,
                    "space": "local_horizontal_normalized"
                },
                {
                    "type": "origins:change_resource",
                    "resource": "manhunt:sanguis/leap_crit",
                    "change": 1
                },
                {
                    "type": "origins:execute_command",
                    "command": "particle minecraft:cloud ~ ~1 ~ 0.3 0.3 0.3 0.5 100"
                },
                {
                    "type": "origins:execute_command",
                    "command": "particle minecraft:crimson_spore ~ ~1 ~ 0.3 0.3 0.3 1 100"
                },
                {
                    "type": "origins:execute_command",
                    "command": "playsound minecraft:ui.toast.in player @a ~ ~ ~ 1.5 0.8"
                },
                {
                    "type": "origins:execute_command",
                    "command": "playsound minecraft:entity.camel.saddle player @a ~ ~ ~ 1.5 1.7"
                }
            ]
        },
        "key": {
            "key": "key.origins.primary_active"
        },
        "cooldown": 300,
        "hud_render": [
            {
                "sprite_location": "manhunt:textures/bars/sanguis/sanguis.png",
                "bar_index": 0,
                "icon_index": 0,
                "should_render": true,
                "condition": {
                    "type": "origins:resource",
                    "resource": "manhunt:sanguis/leap_crit",
                    "comparison": "==",
                    "compare_to": 1
                }
            },
            {
                "sprite_location": "manhunt:textures/bars/sanguis/sanguis.png",
                "bar_index": 0,
                "icon_index": 1,
                "should_render": true,
                "condition": {
                    "type": "origins:resource",
                    "resource": "manhunt:sanguis/leap_crit",
                    "comparison": "==",
                    "compare_to": 0
                }
            }
        ]
    },
    "crit": {
        "type": "origins:resource",
        "min": 0,
        "max": 1,
        "start_value": 0,
        "hud_render": {
            "should_render": false
        }
    },
    "crit_reset": {
        "type": "origins:action_over_time",
        "rising_action": {
            "type": "origins:change_resource",
            "resource": "manhunt:sanguis/leap_crit",
            "change": -1
        },
        "interval": 1,
        "condition": {
            "type": "origins:on_block"
        }
    },
    "crit_damage": {
        "type": "origins:conditioned_attribute",
        "modifier": {
            "attribute": "additionalentityattributes:critical_bonus_damage",
            "operation": "addition",
            "value": 0.20,
            "name": "Increased crit damage"
        },
        "tick_rate": 1,
        "condition": {
            "type": "origins:resource",
            "resource": "manhunt:sanguis/leap_crit",
            "comparison": "==",
            "compare_to": 1
        }
    },
    "leap_kb": {
        "type": "eggolib:action_on_critical_hit",
        "bientity_action": {
            "type": "origins:target_action",
            "action": {
                "type": "origins:and",
                "actions": [
                    {
                        "type": "origins:execute_command",
                        "command": "particle minecraft:cloud ~ ~1 ~ 0.3 0.3 0.3 0.3 25"
                    },
                    {
                        "type": "origins:execute_command",
                        "command": "playsound minecraft:item.shield.block player @s ~ ~ ~ 3 0.5"
                    },
                    {
                        "type": "origins:area_of_effect",
                        "radius": 4,
                        "shape": "sphere",
                        "bientity_action": {
                            "type": "origins:target_action",
                            "action": {
                                "type": "origins:add_velocity",
                                "y": 0.2,
                                "z": 2
                            }
                        },
                        "bientity_condition": {
                            "type": "origins:target_condition",
                            "condition": {
                                "type": "origins:origin",
                                "origin": "manhunt:runners/sanguis",
                                "layer": "origins:runners",
                                "inverted": true
                            }
                        }
                    }
                ]
            }
        },
        "condition": {
            "type": "origins:resource",
            "resource": "manhunt:sanguis/leap_crit",
            "comparison": "==",
            "compare_to": 1
        }
    },
    "name": "Beastial Leap",
    "description": "Leap into the air and use your expertise to deal great damage.",
    "badges": [
        {
            "type": "origins:tooltip",
            "sprite": "origins:textures/gui/badge/star.png",
            "text": "Your crit modifier is increased by 20% during the leap.\nAdditionally, the hit will knock close entities."
        },
        {
            "type": "origins:keybind",
            "sprite": "origins:textures/gui/badge/toggle.png",
            "text": "Leap with \"%s\"!"
        },
        {
            "type": "origins:tooltip",
            "sprite": "manhunt:textures/icons/cooldown.png",
            "text": "Cooldown: 10s"
        }
    ]
}