{
    "type": "origins:multiple",
    "activate": {
        "type": "origins:active_self",
        "entity_action": {
            "type": "origins:and",
            "actions": [
                {
                    "type": "origins:execute_command",
                    "permission_level": 4,
                    "command": "playsound minecraft:entity.goat.long_jump player @a[distance=..16] ~ ~ ~ 1 0.5 0.1"
                },
                {
                    "type": "origins:execute_command",
                    "permission_level": 4,
                    "command": "playsound minecraft:block.note_block.basedrum player @a[distance=..16] ~ ~ ~ 0.5 0.5 0.1"
                },
                {
                    "type": "origins:execute_command",
                    "permission_level": 4,
                    "command": "power grant @s manhunt:leap_velocity"
                },
                {
                    "type": "origins:add_velocity",
                    "z": 1,
                    "space": "local"
                },
                {
                    "type": "origins:execute_command",
                    "permission_level": 4,
                    "command": "particle minecraft:dragon_breath ~ ~ ~ 0.5 0 0.5 1 100"
                }
            ]
        },
        "cooldown": 1800,
        "hud_render": {
            "sprite_location": "origins:textures/gui/community/huang/resource_bar_01.png",
            "bar_index": 3,
            "should_render": true
        },
        "key": {
            "key": "key.origins.primary_active"
        }
    },
    "name": "§l§nLeap",
    "description": "You can use a leap with your [Primary] ability key. That leap negates fall damage on landing."
}