{
    "type":"origins:modify_damage_taken",
    "modifier":{
      "value": -0.5,
      "operation":"multiply_total"
    },
    "damage_condition":{
      "type":"origins:or",
      "conditions":[
        {
          "type": "origins:name",
          "name": "onFire"
        },
        {
            "type": "origins:name",
            "name": "onFire.player"
        },
        {
            "type": "origins:name",
            "name": "inFire.player"
        },
        {
            "type": "origins:name",
            "name": "inFire.player"
        },
        {
            "type": "origins:name",
            "name": "fall"
        },
        {
            "type": "origins:name",
            "name": "lava"
        },
        {
            "type": "origins:name",
            "name": "lava.player"
        },
        {
            "type": "origins:name",
            "name": "fall.player"
        },
        {
            "type": "origins:name",
            "name": "onFire"
        },
        {
          "type": "origins:name",
          "name": "explosion"
        },
        {
          "type": "origins:name",
          "name": "explosion.player"
        },
        {
          "type": "origins:name",
          "name": "fireworks"
        }
      ]
    },
    "name": "Sturdy",
    "description": "You have innate defense to fire, blast and falling damage."
}