{
    "type": "origins:multiple",

        "activate": {
                "type": "origins:active_self",
                "entity_action": {
                    "type": "origins:and",
                    "actions": [
                        {
                            "type": "origins:execute_command",
                            "command": "power grant @a[tag=hunter] manhunt:shutdown_effects"
                        },
                        {
                            "type": "origins:execute_command",
                            "command": "playsound minecraft:block.respawn_anchor.deplete player @s ~ ~ ~ 1 2"
                        },
                        {
                            "type": "origins:execute_command",
                            "command": "playsound minecraft:entity.firework_rocket.large_blast_far player @s ~ ~ ~ 1 0.5 1"
                        },
                        {
                            "type": "origins:execute_command",
                            "command": "particle minecraft:item minecraft:netherite_ingot ~ ~1 ~ 1 0 1 0.4 100"
                        },
                        {
                            "type": "origins:execute_command",
                            "command": "particle minecraft:dust 0 0 0 1 ~ ~1 ~ 1 0.5 1 1 100"
                        },
                        {
                            "type": "origins:execute_command",
                            "command": "particle minecraft:campfire_cosy_smoke ~ ~ ~ 1 1 1 0.3 10"
                        }
                    ]
                    },
                "key": {
                    "key": "key.origins.secondary_active"
                },
        "cooldown": 12000,
        "hud_render": {
            "sprite_location": "origins:textures/gui/community/huang/resource_bar_01.png",
            "bar_index": 16,
            "should_render": true
        }   
        },
        "name":"§l§nShutdown.",
        "description":"Using the secondary ability key, you can stun all the hunters for 7 seconds, wherever they are."
    }