{
    "type": "origins:multiple",
    "storage_name": {
        "type": "origins:action_on_callback",
        "entity_action_gained": {
            "type": "origins:and",
            "actions": [
                {
                    "type": "origins:execute_command",
                    "command": "data modify storage manhunt:character_name Name set value \"Enchanter\""
                },
                {
                    "type": "origins:execute_command",
                    "command": "tag @s add enchanter"
                }
            ]
        },
        "entity_action_lost": {
            "type": "origins:and",
            "actions": [
                {
                    "type": "origins:execute_command",
                    "command": "data modify storage manhunt:character_name Name set value \"\""
                },
                {
                    "type": "origins:execute_command",
                    "command": "tag @s remove enchanter"
                }
            ]
        },
        "execute_chosen_when_orb": false
    },
    "hidden": true
}