{
    "type": "origins:multiple",
    "invis": {
        "type": "origins:invisibility",
        "render_armor": false
    },
    "break": {
        "type": "origins:action_when_hit",
        "bientity_action": {
            "type": "origins:target_action",
            "action": {
                "type": "origins:and",
                "actions": [
                    {
                        "type": "origins:execute_command",
                        "command": "particle minecraft:dragon_breath ~ ~ ~ 0.3 0.3 0.3 0.1 50"
                    },
                    {
                        "type": "origins:execute_command",
                        "command": "playsound minecraft:block.respawn_anchor.deplete player @a ~ ~ ~ 3 1.4"
                    },
                    {
                        "type": "origins:execute_command",
                        "command": "execute as @a if score @s lurker = @e[limit=1,sort=nearest,type=allay,tag=lurk_eye] lurker run resource set @s manhunt:lurker/lurk/lurk_cooldown 300"
                    },
                    {
                        "type": "origins:execute_command",
                        "command": "execute on passengers run kill @s"
                    },
                    {
                        "type": "origins:execute_command",
                        "command": "kill @s"
                    }
                ]
            }
        }
    },
    "no_interact":{
        "type": "origins:prevent_entity_use"
    },
    "hidden": true
}