{
    "type": "origins:multiple",
    "beam": {
        "type": "origins:action_over_time",
        "entity_action": {
            "type": "origins:and",
            "actions": [
                {
                    "type": "origins:execute_command",
                    "command": "execute anchored eyes facing entity @p[tag=runner] eyes run tp @s ~ ~ ~ ~ ~",
                    "permission_level": 4
                },
                {
                    "type": "origins:execute_command",
                    "command": "execute on passengers run data modify entity @s Rotation set from entity @e[limit=1,sort=nearest,type=minecraft:allay,tag=lurk_eye] Rotation",
                    "permission_level": 4
                },
                {
                    "type": "origins:raycast",
                    "distance": 13,
                    "block": true,
                    "entity": true,
                    "shape_type": "visual",
                    "fluid_handling": "none",
                    "bientity_action": {
                        "type": "origins:target_action",
                        "action": {
                            "type": "origins:and",
                            "actions": [
                                {
                                    "type": "origins:execute_command",
                                    "command": "power grant @s manhunt:lurker/lurk/lurked"
                                },
                                {
                                    "type": "origins:change_resource",
                                    "resource": "manhunt:lurker/lurk/lurked_stacks",
                                    "change": 1
                                }
                            ]
                        }
                    },
                    "command_along_ray": "particle minecraft:sculk_charge_pop ~ ~ ~ 0 0 0 0 1",
                    "command_step": 0.1,
                    "command_along_ray_only_on_hit": true
                }
            ]
        },
        "interval": 4,
        "condition": {
            "type": "apugli:entity_in_radius",
            "bientity_condition": {
                "type": "origins:and",
                "conditions": [
                    {
                        "type": "origins:can_see"
                    },
                    {
                        "type": "origins:target_condition",
                        "condition": {
                            "type": "origins:and",
                            "conditions": [
                                {
                                    "type": "apoli:entity_type",
                                    "entity_type": "minecraft:player"
                                },
                                {
                                    "type": "origins:origin",
                                    "origin": "manhunt:runner",
                                    "layer": "origins:origin"
                                }
                            ]
                        }
                    }
                ]
            },
            "radius": 12.0,
            "comparison": ">=",
            "compare_to": 1
        }
    },
    "hidden": true
}