{
    "type": "origins:multiple",
    "roar": {
        "type": "origins:resource",
        "min": 0,
        "max": 60,
        "start_value": 60,
        "hud_render": {
            "should_render": false
        }
    },
    "roar_down": {
        "type": "origins:action_over_time",
        "entity_action": {
            "type": "origins:change_resource",
            "resource": "manhunt:berserker/beast/beast_effects_roar",
            "change": -10
        },
        "interval": 10
    },
    "duration": {
        "type": "origins:resource",
        "min": 0,
        "max": 350,
        "start_value": 350,
        "hud_render": {
            "should_render": true,
            "sprite_location": "manhunt:textures/bars/berserker/berserker.png",
            "bar_index": 2,
            "condition": {
                "type": "origins:resource",
                "resource": "manhunt:berserker/beast/beast_effects_duration",
                "comparison": ">",
                "compare_to": 0
            }
        },
        "min_action": {
            "type": "origins:and",
            "actions": [
                {
                    "type": "origins:execute_command",
                    "command": "power remove @s manhunt:berserker/beast/beast_effects_unstoppable"
                },
                {
                    "type": "origins:change_resource",
                    "resource": "manhunt:berserker/beast/beast_effects_weaker",
                    "change": 140
                },
                {
                    "type": "origins:change_resource",
                    "resource": "manhunt:berserker/beast/beast_effects_cycle_anim",
                    "change": 3
                }
            ]
        }
    },
    "duration_down": {
        "type": "origins:action_over_time",
        "entity_action": {
            "type": "origins:change_resource",
            "resource": "manhunt:berserker/beast/beast_effects_duration",
            "change": -10
        },
        "interval": 10
    },
    "weaker": {
        "type": "origins:resource",
        "min": 0,
        "max": 140,
        "start_value": 0,
        "hud_render": {
            "should_render": false
        },
        "min_action": {
            "type": "origins:execute_command",
            "command": "power remove @s manhunt:berserker/beast/beast_effects"
        }
    },
    "cycle_anim": {
        "type": "origins:resource",
        "min": 0,
        "max": 3,
        "start_value": 0,
        "hud_render": {
            "should_render": false
        },
        "min_action": {
            "type": "origins:change_resource",
            "resource": "manhunt:berserker/beast/beast_effects_cycle_anim",
            "change": 3
        }
    },
    "cycle_tick": {
        "type": "origins:action_over_time",
        "entity_action": {
            "type": "origins:change_resource",
            "resource": "manhunt:berserker/beast/beast_effects_cycle_anim",
            "change": -1
        },
        "interval": 4,
        "condition": {
            "type": "origins:resource",
            "resource": "manhunt:berserker/beast/beast_effects_cycle_anim",
            "comparison": ">",
            "compare_to": 0
        }
    },
    "weaker_display_bar": {
        "type": "origins:resource",
        "min": 0,
        "max": 1,
        "start_value": 1,
        "hud_render": [
            {
                "sprite_location": "manhunt:textures/bars/berserker/berserker.png",
                "bar_index": 3,
                "condition": {
                    "type": "origins:resource",
                    "resource": "manhunt:berserker/beast/beast_effects_cycle_anim",
                    "comparison": "==",
                    "compare_to": 3
                }
            },
            {
                "sprite_location": "manhunt:textures/bars/berserker/berserker.png",
                "bar_index": 4,
                "condition": {
                    "type": "origins:resource",
                    "resource": "manhunt:berserker/beast/beast_effects_cycle_anim",
                    "comparison": "==",
                    "compare_to": 2
                }
            },
            {
                "sprite_location": "manhunt:textures/bars/berserker/berserker.png",
                "bar_index": 5,
                "condition": {
                    "type": "origins:resource",
                    "resource": "manhunt:berserker/beast/beast_effects_cycle_anim",
                    "comparison": "==",
                    "compare_to": 1
                }
            }
        ]
    },
    "weaker_tick": {
        "type": "origins:action_over_time",
        "entity_action": {
            "type": "origins:change_resource",
            "resource": "manhunt:berserker/beast/beast_effects_weaker",
            "change": -10
        },
        "interval": 10
    },
    "slower_speed": {
        "type": "origins:conditioned_attribute",
        "modifier": {
            "name": "Increase movement speed",
            "attribute": "minecraft:generic.movement_speed",
            "value": -0.4,
            "operation": "multiply_total"
        },
        "condition": {
            "type": "origins:resource",
            "resource": "manhunt:berserker/beast/beast_effects_weaker",
            "comparison": ">",
            "compare_to": 0
        }
    },
    "slower_air": {
        "type": "origins:modify_air_speed",
        "modifier": {
            "operation": "multiply_total",
            "value": -0.4
        },
        "condition": {
            "type": "origins:resource",
            "resource": "manhunt:berserker/beast/beast_effects_weaker",
            "comparison": ">",
            "compare_to": 0
        }
    },
    "weak_particle": {
        "type": "origins:action_over_time",
        "entity_action": {
            "type": "origins:execute_command",
            "command": "particle smoke ~ ~1 ~ 0.2 0.4 0.2 0.05 2",
            "permission_level": 4
        },
        "interval": 1,
        "condition": {
            "type": "origins:resource",
            "resource": "manhunt:berserker/beast/beast_effects_weaker",
            "comparison": ">",
            "compare_to": 0
        }
    },
    "swirl": {
        "type": "apugli:energy_swirl",
        "texture_location": "manhunt:textures/swirls/berserker_weak.png",
        "speed": 0.01,
        "condition": {
            "type": "origins:resource",
            "resource": "manhunt:berserker/beast/beast_effects_weaker",
            "comparison": ">",
            "compare_to": 0
        }
    },
    "hits": {
        "type": "origins:resource",
        "min": 0,
        "max": 3,
        "start_value": 0,
        "hud_render": {
            "should_render": false
        }
    },
    "roar_immobile": {
        "type": "origins:modify_velocity",
        "axes": [
            "z",
            "x"
        ],
        "modifier": {
            "operation": "multiply_total",
            "value": -1
        },
        "condition": {
            "type": "origins:resource",
            "resource": "manhunt:berserker/beast/beast_effects_roar",
            "comparison": ">",
            "compare_to": 0
        }
    },
    "roar_camera": {
        "type": "eggolib:modify_mouse_sensitivity",
        "modifier": {
            "operation": "multiply_total_multiplicative",
            "value": -1
        },
        "condition": {
            "type": "origins:resource",
            "resource": "manhunt:berserker/beast/beast_effects_roar",
            "comparison": ">=",
            "compare_to": 40
        }
    },
    "particle": {
        "type": "origins:action_over_time",
        "entity_action": {
            "type": "origins:and",
            "actions": [
                {
                    "type": "origins:execute_command",
                    "command": "particle minecraft:crimson_spore ~ ~1 ~ 0.1 0.1 0.1 1 10",
                    "permission_level": 4
                },
                {
                    "type": "origins:execute_command",
                    "command": "particle minecraft:poof ~ ~1 ~ 0.1 0.1 0.1 1 1",
                    "permission_level": 4
                },
                {
                    "type": "origins:area_of_effect",
                    "radius": 4,
                    "bientity_action": {
                        "type": "origins:add_velocity",
                        "z": 0.2
                    },
                    "bientity_condition": {
                        "type": "origins:can_see"
                    }
                }
            ]
        },
        "interval": 1,
        "condition": {
            "type": "origins:resource",
            "resource": "manhunt:berserker/beast/beast_effects_roar",
            "comparison": ">",
            "compare_to": 0
        }
    },
    "roar_waves": {
        "type": "origins:action_over_time",
        "entity_action": {
            "type": "origins:spawn_entity",
            "entity_type": "minecraft:armor_stand",
            "tag": "{NoGravity:1b,Silent:1b,Invulnerable:1b,Marker:1b,Invisible:1b,Tags:[\"roar\"],Passengers:[{id:\"minecraft:item_display\",billboard:\"vertical\",start_interpolation:-1,Tags:[\"roar\"],transformation:{left_rotation:[0f,0f,0f,1f],right_rotation:[0f,0f,0f,1f],translation:[0f,2.4f,0f],scale:[0.5f,0.5f,1f]},item:{id:\"minecraft:redstone\",Count:1b,tag:{CustomModelData:1}}}]}",
            "entity_action": {
                "type": "origins:and",
                "actions": [
                    {
                        "type": "origins:execute_command",
                        "command": "power grant @s manhunt:berserker/beast/delete_wave",
                        "permission_level": 4
                    },
                    {
                        "type": "origins:execute_command",
                        "command": "execute on passengers run data modify entity @s Rotation set value [0f,0f]",
                        "permission_level": 4
                    },
                    {
                        "type": "origins:execute_command",
                        "command": "execute on passengers run data modify entity @s interpolation_duration set value 10",
                        "permission_level": 4
                    },
                    {
                        "type": "origins:execute_command",
                        "command": "execute on passengers run data modify entity @s transformation.scale set value [5f,5f,1f]",
                        "permission_level": 4
                    }
                ]
            }
        },
        "interval": 4,
        "condition": {
            "type": "origins:resource",
            "resource": "manhunt:berserker/beast/beast_effects_roar",
            "comparison": ">",
            "compare_to": 0
        }
    },
    "roar_invincibility": {
        "type": "origins:modify_damage_taken",
        "modifier": {
            "name": "Weak to cursed items",
            "operation": "multiply_total",
            "value": -1
        },
        "condition": {
            "type": "origins:resource",
            "resource": "manhunt:berserker/beast/beast_effects_roar",
            "comparison": ">",
            "compare_to": 0
        }
    },
    "faster_speed": {
        "type": "origins:conditioned_attribute",
        "modifier": {
            "name": "Increase movement speed",
            "attribute": "minecraft:generic.movement_speed",
            "value": 0.1,
            "operation": "multiply_total"
        },
        "condition": {
            "type": "origins:resource",
            "resource": "manhunt:berserker/beast/beast_effects_weaker",
            "comparison": ">",
            "compare_to": 0,
            "inverted": true
        }
    },
    "faster_air": {
        "type": "origins:modify_air_speed",
        "modifier": {
            "operation": "multiply_total",
            "value": 0.05
        },
        "condition": {
            "type": "origins:resource",
            "resource": "manhunt:berserker/beast/beast_effects_weaker",
            "comparison": ">",
            "compare_to": 0,
            "inverted": true
        }
    },
    "unstoppable_resource": {
        "type": "origins:resource",
        "min": 0,
        "max": 1,
        "start_value": 1,
        "hud_render": {
            "should_render": false
        },
        "min_action": {
            "type": "origins:execute_command",
            "command": "playsound minecraft:entity.zoglin.death player @a ~ ~ ~ 1 1.5",
            "permission_level": 4
        }
    },
    "unstoppable": {
        "type": "origins:prevent_death",
        "condition": {
            "type": "origins:resource",
            "resource": "manhunt:berserker/beast/beast_effects_unstoppable_resource",
            "comparison": "==",
            "compare_to": 1
        },
        "entity_action": {
            "type": "origins:change_resource",
            "resource": "manhunt:berserker/beast/beast_effects_unstoppable_resource",
            "change": -1
        }
    },
    "no_heal": {
        "type": "origins:disable_regen"
    },
    "disable_shield": {
        "type": "origins:action_on_hit",
        "bientity_action": {
            "type": "origins:and",
            "actions": [
                {
                    "type": "origins:target_action",
                    "action": {
                        "type": "origins:and",
                        "actions": [
                            {
                                "type": "origins:execute_command",
                                "command": "power grant @s manhunt:berserker/beast/disabled"
                            },
                            {
                                "type": "origins:modify_inventory",
                                "item_condition": {
                                    "type": "origins:ingredient",
                                    "ingredient": {
                                        "item": "minecraft:shield"
                                    }
                                },
                                "item_action": {
                                    "type": "apugli:cooldown",
                                    "ticks": 100
                                }
                            }
                        ]
                    }
                }
            ]
        },
        "condition": {
            "type": "origins:resource",
            "resource": "manhunt:berserker/beast/beast_effects_weaker",
            "comparison": ">",
            "compare_to": 0,
            "inverted": true
        }
    },
    "crit_heal": {
        "type": "eggolib:action_on_critical_hit",
        "bientity_action": {
            "type": "origins:and",
            "actions": [
                {
                    "type": "origins:actor_action",
                    "action": {
                        "type": "origins:and",
                        "actions": [
                            {
                                "type": "origins:heal",
                                "amount": 2
                            },
                            {
                                "type": "origins:execute_command",
                                "command": "execute at @s run playsound minecraft:item.bottle.fill player @s ~ ~ ~ 10 1.8",
                                "permission_level": 4
                            },
                            {
                                "type": "origins:execute_command",
                                "command": "execute at @s run playsound minecraft:item.bottle.fill player @s ~ ~ ~ 10 1.8",
                                "permission_level": 4
                            },
                            {
                                "type": "origins:execute_command",
                                "command": "execute at @s run playsound minecraft:item.bottle.fill player @s ~ ~ ~ 10 1.8",
                                "permission_level": 4
                            }
                        ]
                    }
                }
            ]
        },
        "condition": {
            "type": "origins:resource",
            "resource": "manhunt:berserker/beast/beast_effects_weaker",
            "comparison": ">",
            "compare_to": 0,
            "inverted": true
        }
    },
    "crit_heal_bleed": {
        "type": "eggolib:action_on_critical_hit",
        "bientity_action": {
            "type": "origins:and",
            "actions": [
                {
                    "type": "origins:actor_action",
                    "action": {
                        "type": "origins:and",
                        "actions": [
                            {
                                "type": "origins:heal",
                                "amount": 2
                            },
                            {
                                "type": "origins:execute_command",
                                "command": "execute at @s run playsound minecraft:block.chorus_flower.grow player @s ~ ~ ~ 10 2",
                                "permission_level": 4
                            }
                        ]
                    }
                }
            ]
        },
        "condition": {
            "type": "origins:resource",
            "resource": "manhunt:berserker/beast/beast_effects_weaker",
            "comparison": ">",
            "compare_to": 0,
            "inverted": true
        },
        "bientity_condition": {
            "type": "origins:target_condition",
            "condition": {
                "type": "origins:power_active",
                "power": "manhunt:berserker/bleeding/bleeding_effects"
            }
        }
    },
    "particle_active": {
        "type": "origins:action_over_time",
        "entity_action": {
            "type": "origins:and",
            "actions": [
                {
                    "type": "origins:execute_command",
                    "command": "particle minecraft:dust_color_transition 1 0 0 1 0.4 0 0 ~ ~1 ~ 0.4 0.1 0.4 0.1 20",
                    "permission_level": 4
                }
            ]
        },
        "interval": 4,
        "condition": {
            "type": "origins:and",
            "conditions": [
                {
                    "type": "origins:resource",
                    "resource": "manhunt:berserker/beast/beast_effects_duration",
                    "comparison": ">",
                    "compare_to": 0
                }
            ]
        }
    },
    "hidden": true
}