{
    "type": "origins:multiple",
    "duration": {
        "type": "origins:resource",
        "min": 0,
        "max": 200,
        "start_value": 200,
        "hud_render": {
            "should_render": false
        },
        "min_action":  {
            "type": "origins:execute_command",
            "command": "power remove @s manhunt:deleo/shutdown/shutdown_effects"
        }
    },
    "sound": {
        "type": "origins:action_on_callback",
        "entity_action_gained": {
            "type": "origins:and",
            "actions": [
                {
                    "type": "origins:execute_command",
                    "command": "playsound minecraft:block.beacon.deactivate player @s ~ ~ ~ 3 0.5",
                    "permission_level": 4
                },
                {
                    "type": "origins:execute_command",
                    "command": "effect give @s minecraft:darkness 7 0 true",
                    "permission_level": 4
                }
            ]
        }
    },
    "particles": {
        "type": "origins:action_over_time",
        "entity_action": {
            "type": "origins:execute_command",
            "command": "particle minecraft:dust_color_transition 1 1 1 1 0 0 0 ~ ~1 ~ 0.5 0.3 0.5 1 50",
            "permission_level": 4
        },
        "interval": 30
    },
    "duration_down": {
        "type": "origins:action_over_time",
        "entity_action": {
            "type": "origins:change_resource",
            "resource": "manhunt:deleo/shutdown/shutdown_effects_duration",
            "change": -10
        },
        "interval": 10
    },
    "no_atk_speed": {
        "type": "origins:attribute",
        "modifier": {
            "name": "Decrease speed",
            "attribute": "minecraft:generic.attack_speed",
            "value": -0.75,
            "operation": "multiply_total"
        }
    },
    "no_damage": {
        "type": "origins:modify_damage_taken",
        "modifier": {
            "name": "No damage",
            "operation": "multiply_total",
            "value": -0.75
        }
    },
    "prevent_item": {
        "type": "origins:prevent_item_use"
    },
    "prevent_block": {
        "type": "origins:prevent_block_use"
    },
    "slowed":{
        "type": "origins:modify_velocity",
        "modifier": {
          "value": -0.35,
          "operation": "multiply_total"
        },
        "axes": [
          "x",
          "y",
          "z"
        ]
    },
    "deaf":{
        "type": "apugli:prevent_sound",
        "categories": [
            "BLOCKS",
            "AMBIENT", 
            "HOSTILE", 
            "MASTER",
            "MUSIC", 
            "NEUTRAL", 
            "PLAYERS", 
            "RECORDS", 
            "WEATHER"
        ],
        "condition": {
            "type": "origins:resource",
            "resource": "manhunt:deleo/shutdown/shutdown_effects_duration",
            "comparison": "<",
            "compare_to": 130
        }
    },
    "hidden": true
}