{
    "type": "origins:multiple",
    "use": {
        "type": "origins:resource",
        "min": 0,
        "max": 1,
        "start_value": 1,
        "hud_render": {
            "should_render": false
        }
    },
    "death":{
        "type": "origins:prevent_death",
        "entity_action": {
            "type": "origins:and",
            "actions": [
                {
                    "type": "origins:execute_command",
                    "command": "power grant @s manhunt:deleo/shutdown/shutdown_windup"
                },
                {
                    "type": "origins:spawn_entity",
                    "entity_type": "minecraft:armor_stand",
                    "tag": "{Invulnerable:1b,Marker:1b,Invisible:1b,Tags:[\"particle_shutdown\"]}",
                    "entity_action": {
                        "type": "origins:and",
                        "actions": [
                            {
                                "type": "origins:execute_command",
                                "command": "power grant @s manhunt:deleo/shutdown/delete_particles",
                                "permission_level": 4
                            },
                            {
                                "type": "origins:execute_command",
                                "command": "data modify entity @s Rotation set value [0f,0f]",
                                "permission_level": 4
                            }
                        ]
                    }
                },
                {
                    "type": "origins:spawn_entity",
                    "entity_type": "minecraft:armor_stand",
                    "tag": "{Invulnerable:1b,Marker:1b,Invisible:1b,Tags:[\"particle_shutdown\"]}",
                    "entity_action": {
                        "type": "origins:and",
                        "actions": [
                            {
                                "type": "origins:execute_command",
                                "command": "power grant @s manhunt:deleo/shutdown/delete_particles",
                                "permission_level": 4
                            },
                            {
                                "type": "origins:execute_command",
                                "command": "data modify entity @s Rotation set value [180f,0f]",
                                "permission_level": 4
                            }
                        ]
                    }
                },
                {
                    "type": "origins:change_resource",
                    "resource": "manhunt:deleo/shutdown/shutdown_use",
                    "change": 0,
                    "operation": "set"
                }
            ]
        },
        "condition": {
            "type": "origins:resource",
            "resource": "manhunt:deleo/shutdown/shutdown_use",
            "comparison": "==",
            "compare_to": 1
        }
    },
    "name": "Shutdown.",
    "description": "On the brink of defeat, unleash your last breath and conquer again",
    "badges": [
        {
            "type": "origins:tooltip",
            "sprite": "origins:textures/gui/badge/star.png",
            "text": "Upon death, you instead trigger Shutdown.\n\nA shockwave is unleashed after a short while, disabling and pushing away all hunters close.\n(Works once per run)"
        },
        {
            "type": "origins:tooltip",
            "sprite": "origins:textures/gui/badge/star.png",
            "text": "Disabled: No abilities, 35% Slowness, 75% Mitigation, Deafened."
        }
    ]
}