{
    "type": "origins:multiple",
    "activate": {
        "type": "origins:active_self",
        "entity_action": {
            "type": "origins:and",
            "actions": [
                {
                    "type": "origins:execute_command",
                    "command": "power grant @a[tag=hunter] manhunt:deleo/shutdown/shutdown_effects"
                },
                {
                    "type": "origins:execute_command",
                    "command": "playsound minecraft:block.respawn_anchor.deplete player @s ~ ~ ~ 1 2"
                },
                {
                    "type": "origins:execute_command",
                    "command": "playsound minecraft:entity.firework_rocket.large_blast_far player @s ~ ~ ~ 1 0.5 1"
                },
                {
                    "type": "origins:execute_command",
                    "command": "particle minecraft:item minecraft:netherite_ingot ~ ~1 ~ 1 0 1 0.4 100"
                },
                {
                    "type": "origins:execute_command",
                    "command": "particle minecraft:dust 0 0 0 1 ~ ~1 ~ 1 0.5 1 1 100"
                },
                {
                    "type": "origins:execute_command",
                    "command": "particle minecraft:campfire_cosy_smoke ~ ~ ~ 1 1 1 0.3 10"
                }
            ]
        },
        "key": {
            "key": "key.origins.secondary_active"
        },
        "cooldown": 6000,
        "hud_render": {
            "sprite_location": "origins:textures/gui/community/huang/resource_bar_01.png",
            "bar_index": 16,
            "should_render": true
        }
    },
    "name": "Shutdown.",
    "description": "Hinder all the hunters for a short while, wherever they are.",
    "badges": [
        {
            "type": "origins:tooltip",
            "sprite": "origins:textures/gui/badge/star.png",
            "text": "Hunter Stun: No abilities, 60% Slowness, 75% Mitigation, Deafened."
        },
        {
            "type": "origins:keybind",
            "sprite": "origins:textures/gui/badge/toggle.png",
            "text": "Trigger with %s!"
        },
        {
            "type": "origins:tooltip",
            "sprite": "manhunt:textures/icons/cooldown.png",
            "text": "Cooldown: 5m"
        }
    ]
}