{
	"type": "origins:multiple",
	"activate": {
		"type": "origins:active_self",
		"entity_action": {
			"type": "origins:and",
			"actions": [
				{
					"type": "origins:execute_command",
					"command": "playsound minecraft:entity.evoker.cast_spell master @a ~ ~ ~ 2 1 0",
					"permission_level": 4
				},
				{
					"type": "origins:execute_command",
					"command": "particle minecraft:dust_color_transition 1 1 1 1 1 0 0 ~ ~1 ~ 1.5 0 1.5 1 100",
					"permission_level": 4
				},
				{
					"type": "origins:execute_command",
					"command": "particle minecraft:cherry_leaves ~ ~1 ~ 3 0.2 3 1 100",
					"permission_level": 4
				},
				{
					"type": "origins:area_of_effect",
					"radius": 10,
					"bientity_action": {
						"type": "origins:target_action",
						"action": {
							"type": "origins:and",
							"actions": [
								{
									"type": "origins:execute_command",
									"command": "power grant @s manhunt:herald/boost/boost_effects",
									"permission_level": 4
								},
								{
									"type": "origins:execute_command",
									"command": "particle minecraft:heart ~ ~1 ~ 0.5 1 0.5 1 10",
									"permission_level": 4
								}
							]
						}
					},
					"include_target": true,
					"bientity_condition": {
						"type": "origins:target_condition",
						"condition": {
							"type": "origins:and",
							"conditions": [
								{
									"type": "origins:living"
								},
								{
									"type": "origins:origin",
									"origin": "manhunt:hunter",
									"layer": "origins:origin"
								}
							]
						}
					}
				},
				{
					"type": "origins:spawn_entity",
					"entity_type": "minecraft:armor_stand",
					"tag": "{Marker:1b,Invisible:1b,Tags:[\"flower_circle\"],Passengers:[{id:\"minecraft:item_display\",view_range:100f,start_interpolation:-3,interpolation_duration:0,Tags:[\"flower_circle\"],transformation:{left_rotation:[0f,0f,0f,1f],right_rotation:[0f,0f,0f,1f],translation:[0f,0f,0f],scale:[0.1f,0.1f,0.1f]},item:{id:\"minecraft:pink_petals\",Count:1b,tag:{CustomModelData:1}}}]}",
					"entity_action": {
						"type": "origins:and",
						"actions": [
							{
								"type": "origins:execute_command",
								"command": "tp @s ~ ~1 ~",
								"permission_level": 4
							},
							{
								"type": "origins:execute_command",
								"command": "power grant @s manhunt:herald/boost/delete_area",
								"permission_level": 4
							},
							{
								"type": "origins:execute_command",
								"command": "execute on passengers run data modify entity @s Rotation set value [0f,90f]",
								"permission_level": 4
							},
							{
								"type": "origins:execute_command",
								"command": "execute on passengers run data modify entity @s interpolation_duration set value 5",
								"permission_level": 4
							},
							{
								"type": "origins:execute_command",
								"command": "execute on passengers run data modify entity @s transformation.scale set value [20f,20f,1f]",
								"permission_level": 4
							}
						]
					}
				}
			]
		},
		"cooldown": 1200,
		"key": "key.origins.primary_active",
		"hud_render": {
			"should_render": true,
			"sprite_location": "manhunt:textures/bars/herald/boost.png",
			"bar_index": 0
		}
	},
	"name": "Roost",
	"description": "Channeling your inner powers, you release a powerful aura to buff you and allies.",
	"badges": [
		{
			"type": "origins:tooltip",
			"sprite": "origins:textures/gui/badge/star.png",
			"text": "Charge up for 1.75s and release an instant 3 §l§c❤§r heal that gives §l§a✿§r§aFlower Power§r for 10s.\n§l§a✿§r§aFlower Power§r: §a+10%§r Overall Speed, grants buffs to allies based on your Flower Crown.\nRadius: 10 blocks."
		},
		{
			"type": "origins:keybind",
			"sprite": "origins:textures/gui/badge/toggle.png",
			"text": "Charge and Release with \"%s\"!"
		},
		{
			"type": "origins:tooltip",
			"sprite": "manhunt:textures/item/icons/misc/cooldown.png",
			"text": "Cooldown: 1m"
		}
	]
}