{
    "type": "origins:multiple",
    "carnivore": {
        "type": "origins:prevent_item_use",
        "name":"🚫",
        "item_condition": {
            "type": "origins:and",
            "conditions": [
                {
                    "type": "origins:food"
                },
                {
                    "type": "origins:meat",
                    "inverted": true
                }
            ]
        }
    },
    "raw":{
        "type": "origins:modify_food",
        "item_condition":  {
            "type": "origins:ingredient",
            "ingredient": {
                "tag": "manhunt:raw_meat"
            }
        },
        "food_modifier": {
            "name": "Increased food points",
            "operation": "addition",
            "value": 1.0
        },
        "saturation_modifier": {
            "name": "Increased saturation points",
            "operation": "addition",
            "value": 0.1
        }
    },
    "exhaust": {
        "type": "origins:modify_exhaustion",
        "modifier": {
            "name": "Increased exhaustion",
            "operation": "multiply_base_multiplicative",
            "value": 1.0
        }
    },
    "name": "Avid Carnivore",
    "description": "Eating meat is the only thing that your gargantuan appetite is used to.",
    "badges": [
        {
            "type": "origins:tooltip",
            "sprite": "origins:textures/gui/badge/star.png",
            "text": "Avid: §l§c2x§r Exhaustion and Carnivore.\nIn return, raw meats give +1 food."
        }
    ]
}