{
    "order": 3,
    "replace": false,
    "allow_random": true,
    "origins": [
          {
            "condition": {
              "type": "origins:origin",
              "origin": "manhunt:hunter",
              "layer": "origins:origin"
          },
              "origins": [
                "ringtones:default",
                "ringtones:amethyst",
                "ringtones:slime",
                "ringtones:bomb",
                "ringtones:emerald",
                "ringtones:cod",
                "ringtones:shulker",
                "ringtones:suspicious"
              ]
          }
      ],
      "name": "ringtone"
}
  
