{
    "order": 3,
    "replace": false,
    "allow_random": true,
    "origins": [
          {
            "condition": {
              "type": "origins:origin",
              "origin": "manhunt:hunter",
              "layer": "origins:origin"
          },
              "origins": [
                "ringtones:default",
                "ringtones:amethyst",
                "ringtones:axolotl",
                "ringtones:drink",
                "ringtones:pig",
                "ringtones:tnt",
                "ringtones:villager",
                "ringtones:vindicator",
                "ringtones:anvil",
                "ringtones:flop",
                "ringtones:shulker"
              ]
          }
      ],
      "name": "ringtone"
}
  
