{
    "order": 2,
    "replace": false,
    "allow_random": true,
    "origins": [
          {
            "condition": {
              "type": "origins:origin",
              "origin": "manhunt:runner",
              "layer": "origins:origin"
          },
              "origins": [
                "manhunt:none",
                "manhunt:runners/celeritas",
                "manhunt:runners/sanguis",
                "manhunt:runners/damned",
                "manhunt:runners/gambler",
                "manhunt:runners/deleo",
                "manhunt:runners/jester",
                "manhunt:runners/magnus"
              ]
          }
      ],
      "name": "runner"
}