{
    "type": "origins:multiple",
    "create_book": {
        "type": "origins:item_on_item",
        "on_item_condition": {
            "type": "origins:ingredient",
            "ingredient": {
                "item": "minecraft:book"
            }
        },
        "using_item_condition": {
            "type": "origins:and",
            "conditions": [
                {
                    "type": "origins:ingredient",
                    "ingredient": {
                        "item": "minecraft:amethyst_shard"
                    }
                },
                {
                    "type": "origins:nbt",
                    "nbt": "{Tags:[\"enchanter_stone\"]}"
                }
            ]
        },
        "entity_action": {
            "type": "origins:and",
            "actions": [
                {
                    "type": "origins:execute_command",
                    "command": "give @s enchanted_book{CustomModelData:1,Tags:[\"glass_book\"],display:{Lore:['[{\"text\":\"Glass Shield I\",\"italic\":false,\"color\":\"gray\"}]']},Enchantments:[{}]} 1"
                },
                {
                    "type": "origins:change_resource",
                    "resource": "manhunt:enchanter/arcane_energy",
                    "change": 0,
                    "operation": "set"
                },
                {
                    "type": "origins:execute_command",
                    "command": "particle minecraft:dust_color_transition 0.1 0 0.9 1.2 0.5 0 1 ~ ~1 ~ 0.4 0.4 0.4 1 30"
                },
                {
                    "type": "origins:execute_command",
                    "command": "particle minecraft:enchanted_hit ~ ~1 ~ 0 0 0 1 10"
                },
                {
                    "type": "origins:execute_command",
                    "command": "playsound minecraft:entity.player.levelup player @a ~ ~1 ~ 3 2"
                }
            ]
        },
        "click_type": "secondary",
        "on_item_action": {
            "type": "origins:consume",
            "amount": 1
        },
        "condition": {
            "type": "origins:resource",
            "resource": "manhunt:enchanter/arcane_energy",
            "comparison": "==",
            "compare_to": 100
        }
    },
    "apply": {
        "type": "origins:item_on_item",
        "on_item_condition": {
            "type": "origins:ingredient",
            "ingredient": {
                "tag": "manhunt:chestplates"
            }
        },
        "using_item_condition": {
            "type": "origins:and",
            "conditions": [
                {
                    "type": "origins:ingredient",
                    "ingredient": {
                        "item": "minecraft:enchanted_book"
                    }
                },
                {
                    "type": "origins:nbt",
                    "nbt": "{Tags:[\"glass_book\"]}"
                }
            ]
        },
        "entity_action": {
            "type": "origins:and",
            "actions": [
                {
                    "type": "origins:execute_command",
                    "command": "particle minecraft:dust_color_transition 0.1 0 0.9 1.2 0.5 0 1 ~ ~1 ~ 0.4 0.4 0.4 1 30"
                },
                {
                    "type": "origins:execute_command",
                    "command": "particle minecraft:enchanted_hit ~ ~1 ~ 0 0 0 1 10"
                },
                {
                    "type": "origins:execute_command",
                    "command": "playsound minecraft:entity.player.levelup player @a ~ ~1 ~ 3 2"
                }
            ]
        },
        "click_type": "primary",
        "using_item_action": {
            "type": "origins:consume",
            "amount": 1
        },
        "on_item_action": {
            "type": "origins:modify",
            "modifier": "manhunt:enchanter/glass"
        }
    },
    "name": "Arcane: Glass Shield",
    "description": "\"I never understood how others don't see the energy that inhabits the 'inanimate'... What a conundrum.\"",
    "badges": [
        {
            "type": "origins:tooltip",
            "sprite": "minecraft:textures/mob_effect/absorption.png",
            "text": "Taking damage from hunters or hitting a damage cap from Majestic Guard:\n\nAbility cooldowns: -5s\n+30% Stamina meter"
        },
        {
            "type": "origins:tooltip",
            "sprite": "origins:textures/gui/badge/star.png",
            "text": "+40+ Invincibility frames"
        }
    ]
}