{
    "type": "origins:multiple",
    "duration": {
        "type": "origins:resource",
        "min": 0,
        "max": 100,
        "start_value": 0,
        "hud_render": {
            "should_render": false
        }
    },
    "duration_down": {
        "type": "origins:action_over_time",
        "entity_action": {
            "type": "origins:and",
            "actions": [
                {
                    "type": "origins:change_resource",
                    "resource": "manhunt:fortis/heal_duration",
                    "change": -20
                },
                {
                    "type": "origins:heal",
                    "amount": 4
                },
                {
                    "type": "origins:execute_command",
                    "command": "particle minecraft:heart ~ ~1 ~ 0.3 0.1 0.3 1 2",
                    "permission_level": 4
                }
            ]
        },
        "interval": 20,
        "condition": {
            "type": "origins:resource",
            "resource": "manhunt:fortis/heal_duration",
            "comparison": ">",
            "compare_to": 0
        }
    },
    "flash": {
        "type": "origins:active_self",
        "entity_action": {
            "type": "origins:and",
            "actions": [
                {
                    "type": "origins:change_resource",
                    "resource": "manhunt:fortis/heal_duration",
                    "change": 100,
                    "operation": "set"
                },
                {
                    "type": "origins:apply_effect",
                    "effect": {
                        "effect": "minecraft:absorption",
                        "duration": 100,
                        "amplifier": 0
                    }
                },
                {
                    "type": "origins:execute_command",
                    "command": "particle minecraft:heart ~ ~1 ~ 0.2 0.2 0.2 0 5",
                    "permission_level": 4
                },
                {
                    "type": "origins:execute_command",
                    "command": "particle minecraft:dust_color_transition 1 0 0 1 0 0.4 1 ~ ~1 ~ 0.4 0.4 0.4 0 15",
                    "permission_level": 4
                },
                {
                    "type": "origins:execute_command",
                    "command": "playsound minecraft:entity.illusioner.cast_spell player @a ~ ~ ~ 1 1.2",
                    "permission_level": 4
                }
            ]
        },
        "cooldown": 1800,
        "key": "key.origins.secondary_active",
        "hud_render": {
            "should_render": true,
            "sprite_location": "origins:textures/gui/community/huang/resource_bar_01.png",
            "bar_index": 4
        }
    },
    "name": "Flash Heal",
    "description": "Keep your vigor in check by quickly healing yourself.",
    "badges": [
        {
            "type": "origins:tooltip",
            "sprite": "origins:textures/gui/badge/star.png",
            "text": "Heal 5HP over 5s and gain Absorption 1 for the same duration."
        },
        {
            "type": "origins:keybind",
            "sprite": "origins:textures/gui/badge/toggle.png",
            "text": "Heal with \"%s\"!"
        },
        {
            "type": "origins:tooltip",
            "sprite": "manhunt:textures/icons/misc/cooldown.png",
            "text": "Cooldown: 1m30s"
        }
    ]
}