{
    "type": "origins:multiple",
    "duration":{
        "type": "origins:resource",
        "min": 0,
        "max": 10,
        "start_value": 0,
        "hud_render": {
            "should_render": false
        }
    },
    "duration_down": {
        "type": "origins:action_over_time",
        "entity_action": {
            "type": "origins:change_resource",
            "resource": "manhunt:fortis/majestic_duration",
            "change": -1
        },
        "interval": 1
    },
    "color":{
        "type": "origins:model_color",
        "red": 0,
        "green": 0.6,
        "blue": 1,
        "alpha": 1,
        "condition": {
            "type":"origins:resource",
            "resource": "manhunt:fortis/majestic_duration",
            "compare_to": 0,
            "comparison": ">"
        }
    },
    "explosions": {
        "type": "origins:modify_damage_taken",
        "self_action": {
            "type": "origins:and",
            "actions": [
                {
                    "type": "origins:change_resource",
                    "resource": "manhunt:fortis/warcry/war_unleash",
                    "change": -100
                },
                {
                    "type": "origins:change_resource",
                    "resource": "manhunt:fortis/majestic_duration",
                    "change": 10
                },
                {
                    "type": "origins:change_resource",
                    "resource": "manhunt:fortis/shield/shield_cooldown",
                    "change": -100
                },
                {
                    "type": "origins:change_resource",
                    "resource": "manhunt:fortis/heal_flash",
                    "change": -100
                },
                {
                    "type": "origins:change_resource",
                    "resource": "manhunt:fortis/stamina_gauge",
                    "change": 200
                },
                {
                    "type": "origins:execute_command",
                    "command": "particle minecraft:glow ~ ~1 ~ 0.2 0.3 0.2 0.05 10",
                    "permission_level": 4
                },
                {
                    "type": "origins:execute_command",
                    "command": "playsound minecraft:block.enchantment_table.use player @a ~ ~ ~ 1 2",
                    "permission_level": 4
                }
            ]
        },
        "damage_condition": {
            "type": "origins:and",
            "conditions": [
                {
                    "type": "origins:in_tag",
                    "tag": "minecraft:is_explosion"
                },
                {
                    "type": "origins:amount",
                    "comparison": ">",
                    "compare_to": 12
                }
            ]
        },
        "modifier": {
            "name": "Max damage",
            "operation": "set_total",
            "value": 12
        }
    },
    "falling": {
        "type": "origins:modify_damage_taken",
        "self_action": {
            "type": "origins:and",
            "actions": [
                {
                    "type": "origins:change_resource",
                    "resource": "manhunt:fortis/warcry/war_unleash",
                    "change": -100
                },
                {
                    "type": "origins:change_resource",
                    "resource": "manhunt:fortis/majestic_duration",
                    "change": 10
                },
                {
                    "type": "origins:change_resource",
                    "resource": "manhunt:fortis/shield/shield_cooldown",
                    "change": -100
                },
                {
                    "type": "origins:change_resource",
                    "resource": "manhunt:fortis/heal_flash",
                    "change": -100
                },
                {
                    "type": "origins:change_resource",
                    "resource": "manhunt:fortis/stamina_gauge",
                    "change": 200
                },
                {
                    "type": "origins:execute_command",
                    "command": "particle minecraft:glow ~ ~1 ~ 0.2 0.3 0.2 0.05 10",
                    "permission_level": 4
                },
                {
                    "type": "origins:execute_command",
                    "command": "playsound minecraft:block.enchantment_table.use player @a ~ ~ ~ 1 2",
                    "permission_level": 4
                }
            ]
        },
        "damage_condition": {
            "type": "origins:and",
            "conditions": [
                {
                    "type": "origins:in_tag",
                    "tag": "minecraft:is_fall"
                },
                {
                    "type": "origins:amount",
                    "comparison": ">",
                    "compare_to": 8
                }
            ]
        },
        "modifier": {
            "name": "Max damage",
            "operation": "set_total",
            "value": 8
        }
    },
    "fire": {
        "type": "origins:modify_damage_taken",
        "damage_condition": {
            "type": "origins:and",
            "conditions": [
                {
                    "type": "origins:in_tag",
                    "tag": "minecraft:is_fire"
                },
                {
                    "type": "origins:amount",
                    "comparison": ">",
                    "compare_to": 2
                }
            ]
        },
        "modifier": {
            "name": "Max damage",
            "operation": "set_total",
            "value": 2
        }
    },
    "lava_except": {
        "type": "origins:action_when_damage_taken",
        "entity_action": {
            "type": "origins:and",
            "actions": [
                {
                    "type": "origins:change_resource",
                    "resource": "manhunt:fortis/warcry/war_unleash",
                    "change": -100
                },
                {
                    "type": "origins:change_resource",
                    "resource": "manhunt:fortis/majestic_duration",
                    "change": 10
                },
                {
                    "type": "origins:change_resource",
                    "resource": "manhunt:fortis/shield/shield_cooldown",
                    "change": -100
                },
                {
                    "type": "origins:change_resource",
                    "resource": "manhunt:fortis/heal_flash",
                    "change": -100
                },
                {
                    "type": "origins:change_resource",
                    "resource": "manhunt:fortis/stamina_gauge",
                    "change": 200
                },
                {
                    "type": "origins:execute_command",
                    "command": "particle minecraft:glow ~ ~1 ~ 0.2 0.3 0.2 0.05 10",
                    "permission_level": 4
                },
                {
                    "type": "origins:execute_command",
                    "command": "playsound minecraft:block.enchantment_table.use player @a ~ ~ ~ 1 2",
                    "permission_level": 4
                }
            ]
        },
        "damage_condition": {
            "type": "origins:and",
            "conditions": [
                {
                    "type": "origins:in_tag",
                    "tag": "minecraft:is_fire"
                },
                {
                    "type": "origins:amount",
                    "comparison": ">",
                    "compare_to": 2
                }
            ]
        },
        "cooldown": 10
    },
    "immunity":{
        "type": "origins:effect_immunity",
        "effects": [
            "minecraft:wither",
            "minecraft:poison"
        ]
    },
    "name": "Majestic Guard",
    "description": "Fortis only takes a maximum amount of damage in one hit. (Based on damage type.)",
    "badges": [
        {
            "type": "origins:tooltip",
            "sprite": "minecraft:textures/mob_effect/absorption.png",
            "text": "Majestic Guard:\nDamage from Explosions is capped at 12\nDamage from Falling is capped at 8\nDamage from Fire/Lava is capped at 2\nAll other damage sources are capped at 10"
        },
        {
            "type": "origins:tooltip",
            "sprite": "origins:textures/gui/badge/star.png",
            "text": "Additionally, Fortis is immune to Poison & Wither status effects."
        }
    ]
}