{
    "type": "origins:multiple",
    "duration": {
        "type": "origins:resource",
        "min": 0,
        "max": 300,
        "start_value": 300,
        "hud_render": {
            "should_render": false
        },
        "min_action": {
            "type": "origins:and",
            "actions": [
                {
                    "type": "origins:execute_command",
                    "command": "playsound minecraft:entity.ghast.shoot player @a ~ ~ ~ 1 0.8"
                },
                {
                    "type": "origins:execute_command",
                    "command": "particle minecraft:flame ~ ~1 ~ 0 0 0 0.1 40"
                },
                {
                    "type": "origins:execute_command",
                    "command": "particle minecraft:smoke ~ ~1 ~ 0 0 0 0.3 100"
                },
                {
                    "type": "origins:execute_command",
                    "command": "power remove @s manhunt:piglin/aura/fumes"
                }
            ]
        }
    },
    "duration_down": {
        "type": "origins:action_over_time",
        "entity_action": {
            "type": "origins:change_resource",
            "resource": "manhunt:piglin/aura/fumes_duration",
            "change": -10
        },
        "interval": 10
    },
    "particles": {
        "type": "origins:particle",
        "particle": "minecraft:smoke",
        "frequency": 4,
        "speed": 0.01,
        "count": 2,
        "spread": {
            "x": 0.2,
            "y": 0.2,
            "z": 0.2
        }
    },
    "particles2": {
        "type": "origins:particle",
        "particle": {
            "type": "minecraft:falling_dust",
            "params": "minecraft:gravel"
        },
        "frequency": 4,
        "speed": 0.01,
        "count": 2,
        "spread": {
            "x": 0.4,
            "y": 0.4,
            "z": 0.4
        }
    },
    "hit": {
        "type": "origins:action_when_hit",
        "bientity_action": {
            "type": "origins:and",
            "actions": [
                {
                    "type": "origins:actor_action",
                    "action": {
                        "type": "origins:execute_command",
                        "command": "power grant @s manhunt:piglin/aura/fumes"
                    }
                },
                {
                    "type": "origins:target_action",
                    "action": {
                        "type": "origins:and",
                        "actions": [
                            {
                                "type": "origins:execute_command",
                                "command": "power remove @s manhunt:piglin/aura/fumes"
                            }
                        ]
                    }
                }
            ]
        }
    },
    "hidden": true
}