{
    "type": "origins:multiple",
    "teleporting": {
        "type": "origins:resource",
        "min": 0,
        "max": 1,
        "start_value": 0,
        "hud_render": {
            "should_render": false
        }
    },
    "activate": {
        "type": "origins:active_self",
        "entity_action": {
            "type": "origins:and",
            "actions": [
                {
                    "type": "origins:change_resource",
                    "resource": "manhunt:ritualist/ritual/ritual_windup",
                    "change": 7
                },
                {
                    "type": "origins:if_else",
                    "condition": {
                        "type": "origins:power",
                        "power": "manhunt:ritualist/ritual/ritual_effects",
                        "inverted": true
                    },
                    "if_action": {
                        "type": "origins:and",
                        "actions": [
                            {
                                "type": "origins:execute_command",
                                "command": "execute if block ~ ~1.5 ~ #minecraft:replaceable run tp @s ~ ~0.05 ~"
                            },
                            {
                                "type": "origins:execute_command",
                                "command": "execute as @e[limit=2,sort=nearest,tag=candle] run tp ~ ~0.05 ~ ~7 ~"
                            }
                        ]
                    }
                },
                {
                    "type": "origins:execute_command",
                    "command": "playsound minecraft:particle.soul_escape player @s ~ ~ ~ 3 0.5"
                },
                {
                    "type": "origins:execute_command",
                    "command": "playsound minecraft:entity.warden.heartbeat player @s ~ ~ ~ 3 2"
                },
                {
                    "type": "origins:if_else",
                    "condition": {
                        "type": "origins:command",
                        "command": "execute if entity @e[limit=1,sort=nearest,tag=candle,distance=..0.1]",
                        "comparison": "==",
                        "compare_to": 0
                    },
                    "if_action": {
                        "type": "origins:spawn_entity",
                        "entity_type": "minecraft:armor_stand",
                        "tag": "{Invulnerable:1b,Marker:1b,Invisible:1b,Rotation:[0f,0f],Tags:[\"candle\"]}",
                        "entity_action": {
                            "type": "origins:and",
                            "actions": [
                                {
                                    "type": "origins:execute_command",
                                    "command": "power grant @s manhunt:ritualist/ritual/candle"
                                },
                                {
                                    "type": "origins:execute_command",
                                    "command": "data modify entity @s Rotation set value [0f,0f]",
                                    "permission_level": 4
                                }
                            ]
                        }
                    }
                }
            ]
        },
        "key": {
            "key": "key.origins.secondary_active",
            "continuous": true
        },
        "condition": {
            "type": "origins:and",
            "conditions": [
                {
                    "type": "origins:resource",
                    "resource": "manhunt:ritualist/sacrifice_souls",
                    "comparison": ">=",
                    "compare_to": 1
                }
            ]
        },
        "cooldown": 7,
        "hud_render": {
            "should_render": false
        }
    },
    "windup": {
        "type": "origins:resource",
        "min": 0,
        "max": 70,
        "start_value": 70,
        "hud_render": {
            "should_render": false
        },
        "max_action": {
            "type": "origins:and",
            "actions": [
                {
                    "type": "origins:execute_command",
                    "command": "power grant @s manhunt:ritualist/ritual/ritual_effects"
                },
                {
                    "type": "origins:change_resource",
                    "resource": "manhunt:ritualist/ritual/ritual_windup",
                    "change": -70
                }
            ]
        }
    },
    "windup_stop": {
        "type": "origins:action_over_time",
        "entity_action": {
            "type": "origins:and",
            "actions": [
                {
                    "type": "origins:change_resource",
                    "resource": "manhunt:ritualist/ritual/ritual_windup",
                    "change": -70
                },
                {
                    "type": "origins:execute_command",
                    "command": "kill @e[tag=candle,distance=..0.1]"
                },
                {
                    "type": "origins:execute_command",
                    "command": "power remove @s manhunt:ritualist/ritual/ritual_effects"
                }
            ]
        },
        "interval": 1,
        "condition": {
            "type": "apugli:key_pressed",
            "key": {
                "key": "key.origins.secondary_active",
                "continuous": true
            },
            "inverted": true 
        }
    },
    "preyed_glow":{
        "type": "origins:entity_glow",
        "bientity_condition": {
            "type": "origins:target_condition",
            "condition": {
                "type": "origins:power",
                "power": "manhunt:ritualist/ritual/preyed"
            }
        },
        "use_teams": false,
        "red": 1.0,
        "green": 0.0,
        "blue": 0.0
    },
    "vessel_glow":{
        "type": "origins:entity_glow",
        "bientity_condition": {
            "type": "origins:target_condition",
            "condition": {
                "type": "origins:power",
                "power": "manhunt:ritualist/ritual/vessel"
            }
        },
        "use_teams": false,
        "red": 0.8,
        "green": 0.0,
        "blue": 0.0
    },
    "no_move": {
        "type": "origins:modify_velocity",
        "modifier": {
            "value": -1,
            "operation": "multiply_total"
        },
        "axes": [
            "x",
            "y",
            "z"
        ],
        "condition": {
            "type": "origins:resource",
            "resource": "manhunt:ritualist/ritual/ritual_windup",
            "compare_to": 0,
            "comparison": ">"
        }
    },
    "name": "Ritual",
    "description": "Your talent with inner energies allows you to prey on a runner and make surrounding souls echo within you.",
    "badges": [
        {
            "type": "origins:tooltip",
            "sprite": "origins:textures/gui/badge/star.png",
            "text": "Preyed: Runners affected by Prey drop an extra soul on critical hit.\nAdditionally, they take 50% more damage from Ritualists.\n(Preyed duration: 15s)"
        },
        {
            "type": "origins:tooltip",
            "sprite": "origins:textures/gui/badge/star.png",
            "text": "Echoing Souls: Preyed Runners allow you to teleport to any living entity in a 24 block radius of them."
        },
        {
            "type": "origins:tooltip",
            "sprite": "origins:textures/gui/badge/toggle.png",
            "text": [
                "Hold \"",
                {
                    "keybind": "key.origins.secondary_active"
                },
                "\" to start the ritual!\n\"",
                {
                    "keybind": "key.attack"
                },
                "\" to select a glowing runner/entity.\nMarking a runner consumes 7 souls."
            ]
        }
    ]
}