{
	"credit": "Made with Blockbench",
	"texture_size": [64, 64],
	"textures": {
		"0": "item/flintlock_pistol",
		"particle": "item/flintlock_pistol"
	},
	"elements": [
		{
			"from": [7.001, 3.24009, 12.19987],
			"to": [8.999, 6.24009, 19.19987],
			"rotation": {"angle": 45, "axis": "x", "origin": [8.011, 4.94709, 15.22433]},
			"faces": {
				"north": {"uv": [0, 0, 0.25, 0.25], "texture": "#0"},
				"east": {"uv": [12.5, 0.25, 14.25, 1], "texture": "#0"},
				"south": {"uv": [15.25, 2.25, 15.75, 3], "texture": "#0"},
				"west": {"uv": [10.5, 0.25, 12.25, 1], "texture": "#0"},
				"up": {"uv": [14.5, 0.25, 15, 2], "texture": "#0"},
				"down": {"uv": [15.25, 2, 15.75, 0.25], "texture": "#0"}
			}
		},
		{
			"from": [7, 4, 10],
			"to": [9, 8, 14],
			"rotation": {"angle": 0, "axis": "y", "origin": [8, 6, 12.5]},
			"faces": {
				"north": {"uv": [4.75, 0.25, 4.25, 1.25], "texture": "#0"},
				"east": {"uv": [3, 0.25, 4, 1.25], "texture": "#0"},
				"south": {"uv": [4.25, 0.25, 4.75, 1.25], "texture": "#0"},
				"west": {"uv": [5, 0.25, 6, 1.25], "texture": "#0"},
				"up": {"uv": [2, 0.5, 2.5, 1.5], "texture": "#0"},
				"down": {"uv": [2, 2.75, 2.5, 1.75], "texture": "#0"}
			}
		},
		{
			"from": [7, 4.5, 3],
			"to": [9, 7.5, 10],
			"rotation": {"angle": 0, "axis": "y", "origin": [8, 6, 12.5]},
			"faces": {
				"north": {"uv": [2, 3.25, 2.5, 4], "texture": "#0"},
				"east": {"uv": [6.5, 0.25, 8.25, 1], "texture": "#0"},
				"south": {"uv": [0, 0, 0.25, 0.25], "texture": "#0"},
				"west": {"uv": [8.5, 0.25, 10.25, 1], "texture": "#0"},
				"up": {"uv": [0.25, 1.75, 0.75, 3.5], "texture": "#0"},
				"down": {"uv": [1, 1.75, 1.5, 3.5], "texture": "#0"}
			}
		},
		{
			"from": [7, 5.5, 0],
			"to": [9, 7.5, 3],
			"rotation": {"angle": 0, "axis": "y", "origin": [8, 6, 12.5]},
			"faces": {
				"north": {"uv": [0.25, 0.25, 0.75, 0.75], "texture": "#0"},
				"east": {"uv": [1, 1, 1.75, 1.5], "texture": "#0"},
				"south": {"uv": [0, 0, 0.25, 0.25], "texture": "#0"},
				"west": {"uv": [1, 0.25, 1.75, 0.75], "texture": "#0"},
				"up": {"uv": [0.25, 1, 0.75, 1.75], "texture": "#0"},
				"down": {"uv": [1, 3.5, 1.5, 4.25], "texture": "#0"}
			}
		},
		{
			"from": [9.099, 4.999, 9.999],
			"to": [9.101, 9.001, 15.001],
			"rotation": {"angle": 0, "axis": "x", "origin": [9, 5.5, 12.5]},
			"faces": {
				"north": {"uv": [0, 0, 0.25, 0.25], "texture": "#0"},
				"east": {"uv": [2.75, 2.25, 4, 3.25], "texture": "#0"},
				"south": {"uv": [0, 0, 0.25, 0.25], "texture": "#0"},
				"west": {"uv": [4, 2.25, 2.75, 3.25], "texture": "#0"},
				"up": {"uv": [0, 0, 0.25, 0.25], "texture": "#0"},
				"down": {"uv": [0, 0, 0.25, 0.25], "texture": "#0"}
			}
		},
		{
			"from": [7.999, 1.999, 10.999],
			"to": [8.001, 4.001, 14.001],
			"rotation": {"angle": 0, "axis": "y", "origin": [8, 3, 13.5]},
			"faces": {
				"north": {"uv": [0, 0, 0.25, 0.25], "texture": "#0"},
				"east": {"uv": [3.5, 1.5, 2.75, 2], "texture": "#0"},
				"south": {"uv": [0, 0, 0.25, 0.25], "texture": "#0"},
				"west": {"uv": [2.75, 1.5, 3.5, 2], "texture": "#0"},
				"up": {"uv": [0, 0, 0.25, 0.25], "texture": "#0"},
				"down": {"uv": [0, 0, 0.25, 0.25], "texture": "#0"}
			}
		},
		{
			"from": [7.999, 4.499, 0.999],
			"to": [8.001, 5.501, 3.001],
			"rotation": {"angle": 0, "axis": "y", "origin": [8, 3, 13.5]},
			"faces": {
				"north": {"uv": [0, 0, 0.25, 0.25], "texture": "#0"},
				"east": {"uv": [0.75, 3.75, 0.25, 4], "texture": "#0"},
				"south": {"uv": [0, 0, 0.25, 0.25], "texture": "#0"},
				"west": {"uv": [0.25, 3.75, 0.75, 4], "texture": "#0"},
				"up": {"uv": [0, 0, 0.25, 0.25], "texture": "#0"},
				"down": {"uv": [0, 0, 0.25, 0.25], "texture": "#0"}
			}
		},
		{
			"from": [5.34506, 5.56794, -5.501],
			"to": [7.34706, 6.56994, -2.499],
			"rotation": {"angle": -45, "axis": "y", "origin": [4.5, 6.06894, -4]},
			"faces": {
				"north": {"uv": [0.25, 4.5, 0.5, 5], "rotation": 270, "texture": "#0"},
				"east": {"uv": [1.75, 4.5, 2, 5.25], "rotation": 90, "texture": "#0"},
				"south": {"uv": [0.75, 4.5, 1, 5], "rotation": 90, "texture": "#0"},
				"west": {"uv": [0, 0, 0.25, 0.25], "rotation": 90, "texture": "#0"},
				"up": {"uv": [0.25, 4.5, 1, 5], "rotation": 90, "texture": "#0"},
				"down": {"uv": [0.25, 4.5, 1, 5], "rotation": 90, "texture": "#0"}
			}
		},
		{
			"from": [7.34606, 5.56894, -4.5],
			"to": [9.34606, 6.56894, -3.5],
			"rotation": {"angle": -45, "axis": "y", "origin": [4.5, 6.06894, -4]},
			"faces": {
				"north": {"uv": [1.25, 4.5, 1.5, 5], "rotation": 270, "texture": "#0"},
				"east": {"uv": [0.25, 0.5, 0.5, 0.75], "rotation": 90, "texture": "#0"},
				"south": {"uv": [1.25, 4.5, 1.5, 5], "rotation": 90, "texture": "#0"},
				"west": {"uv": [0, 0, 1, 1], "rotation": 90, "texture": "#missing"},
				"up": {"uv": [1.25, 4.5, 1.5, 5], "rotation": 90, "texture": "#0"},
				"down": {"uv": [1.25, 4.5, 1.5, 5], "rotation": 90, "texture": "#0"}
			}
		},
		{
			"from": [2.15835, 5.56894, -6.34164],
			"to": [6.15835, 6.56894, -2.34164],
			"rotation": {"angle": 0, "axis": "z", "origin": [4.5, 6.06894, -4]},
			"faces": {
				"north": {"uv": [1.25, 6.25, 1.5, 5.25], "rotation": 270, "texture": "#0"},
				"east": {"uv": [1.25, 6.25, 1.5, 5.25], "rotation": 90, "texture": "#0"},
				"south": {"uv": [1.25, 5.25, 1.5, 6.25], "rotation": 90, "texture": "#0"},
				"west": {"uv": [1.25, 5.25, 1.5, 6.25], "rotation": 90, "texture": "#0"},
				"up": {"uv": [0.5, 5.25, 1.5, 6.25], "rotation": 90, "texture": "#0"},
				"down": {"uv": [1.5, 5.25, 0.5, 6.25], "rotation": 90, "texture": "#0"}
			}
		},
		{
			"from": [2.15835, 5.56894, -7.34164],
			"to": [5.15835, 6.56894, -6.34164],
			"rotation": {"angle": 0, "axis": "z", "origin": [4.5, 6.06894, -4]},
			"faces": {
				"north": {"uv": [0.25, 5.5, 0.5, 6.25], "rotation": 270, "texture": "#0"},
				"east": {"uv": [1, 6.25, 1.25, 6.5], "rotation": 90, "texture": "#0"},
				"south": {"uv": [0, 0, 0.25, 0.25], "rotation": 90, "texture": "#0"},
				"west": {"uv": [0.5, 6.25, 0.75, 6.5], "rotation": 90, "texture": "#0"},
				"up": {"uv": [0.25, 5.5, 0.5, 6.25], "rotation": 90, "texture": "#0"},
				"down": {"uv": [0.25, 5.5, 0.5, 6.25], "rotation": 90, "texture": "#0"}
			}
		},
		{
			"from": [1.15835, 5.56894, -6.34164],
			"to": [2.15835, 6.56894, -3.34164],
			"rotation": {"angle": 0, "axis": "z", "origin": [4.5, 6.06894, -4]},
			"faces": {
				"north": {"uv": [0.25, 6, 0.5, 6.25], "rotation": 270, "texture": "#0"},
				"east": {"uv": [0, 0, 0.25, 0.25], "rotation": 90, "texture": "#0"},
				"south": {"uv": [0.25, 5.5, 0.5, 5.75], "rotation": 90, "texture": "#0"},
				"west": {"uv": [0.25, 5.5, 0.5, 6.25], "rotation": 90, "texture": "#0"},
				"up": {"uv": [0.5, 6.25, 1.25, 6.5], "rotation": 90, "texture": "#0"},
				"down": {"uv": [1.25, 6.25, 0.5, 6.5], "rotation": 90, "texture": "#0"}
			}
		}
	],
	"gui_light": "front",
	"display": {
		"thirdperson_righthand": {
			"rotation": [13, 0, 0],
			"translation": [0, 2.75, -1.5],
			"scale": [0.6, 0.6, 0.6]
		},
		"thirdperson_lefthand": {
			"rotation": [13, 0, 0],
			"translation": [0, 3.5, -1.5],
			"scale": [0.6, 0.6, 0.6]
		},
		"firstperson_righthand": {
			"rotation": [95, 0, 0],
			"translation": [6.5, -0.5, 0],
			"scale": [0.8, 0.8, 0.7]
		},
		"firstperson_lefthand": {
			"rotation": [2, 0, 0],
			"translation": [0.5, 4.5, -2],
			"scale": [0.8, 0.8, 0.7]
		},
		"ground": {
			"rotation": [0, 0, 90],
			"translation": [-2, -3, 0],
			"scale": [0.6, 0.6, 0.6]
		},
		"gui": {
			"rotation": [90, 50, -90],
			"translation": [1, 2, 0],
			"scale": [0.7, 0.7, 0.7]
		},
		"fixed": {
			"rotation": [0, -90, 0],
			"translation": [0, 2, -2],
			"scale": [1.2, 1.2, 1.2]
		}
	},
	"groups": [0, 1, 2, 3, 4, 5, 6,
		{
			"name": "loading_powder_0",
			"origin": [8, 8, 8],
			"children": [7, 8, 9, 10, 11]
		}
	]
}