{
    "type": "origins:multiple",
    "throw": {
        "type": "origins:active_self",
        "entity_action": {
            "type": "origins:and",
            "actions": [
                {
                    "type": "origins:swing_hand",
                    "hand": "MAIN_HAND"
                },
                {
                    "type": "origins:change_resource",
                    "resource": "manhunt:relentless/skullthrow/throw_thrown",
                    "change": 140
                },
                {
                    "type": "origins:execute_command",
                    "command": "tag @s add skull_uuid",
                    "permission_level": 4
                },
                {
                    "type": "origins:execute_command",
                    "command": "execute store result score @s skull_uuid run data get entity @s UUID[0] 1",
                    "permission_level": 4
                },
                {
                    "type": "origins:fire_projectile",
                    "entity_type": "minecraft:armor_stand",
                    "divergence": 0,
                    "count": 1,
                    "speed": 4,
                    "tag": "{Silent:1b,Invulnerable:1b,Invisible:1b,Tags:[\"skull\"],DisabledSlots:4144959,Passengers:[{id:\"minecraft:item_display\",view_range:10f,shadow_radius:1f,shadow_strength:1f,Tags:[\"skull\"],transformation:{left_rotation:[0f,0f,0f,1f],right_rotation:[0f,0f,0f,1f],translation:[0f,-1.5f,0f],scale:[1f,1f,1f]},item:{id:\"minecraft:player_head\",Count:1b,tag:{SkullOwner:\"1\"}}}]}",
                    "projectile_action": {
                        "type": "origins:and",
                        "actions": [
                            {
                                "type": "origins:execute_command",
                                "command": "power grant @s manhunt:relentless/skullthrow/skull",
                                "permission_level": 4
                            },
                            {
                                "type": "origins:execute_command",
                                "command": "execute on passengers run data modify entity @s Rotation[1] set value 0f",
                                "permission_level": 4
                            },
                            {
                                "type": "origins:execute_command",
                                "command": "execute store result score @s skull_uuid run data get entity @p[tag=skull_uuid] UUID[0] 1",
                                "permission_level": 4
                            },
                            {
                                "type": "origins:execute_command",
                                "command": "execute on passengers store result score @s skull_uuid run data get entity @p[tag=skull_uuid] UUID[0] 1",
                                "permission_level": 4
                            },
                            {
                                "type": "origins:execute_command",
                                "command": "execute as @p run loot replace entity @e[limit=1,sort=nearest,type=armor_stand,tag=skull] armor.head loot manhunt:entities/player_head",
                                "permission_level": 4
                            },
                            {
                                "type": "origins:execute_command",
                                "command": "execute on passengers run data modify entity @s item merge from entity @e[limit=1,sort=nearest,type=minecraft:armor_stand,tag=skull] ArmorItems[3]",
                                "permission_level": 4
                            },
                            {
                                "type": "origins:execute_command",
                                "command": "item replace entity @s armor.head with air",
                                "permission_level": 4
                            }
                        ]
                    }
                },
                {
                    "type": "origins:execute_command",
                    "command": "tag @s remove skull_uuid",
                    "permission_level": 4
                },
                {
                    "type": "origins:execute_command",
                    "command": "playsound minecraft:item.shield.break player @a ~ ~ ~ 1 1.5",
                    "permission_level": 4
                }
            ]
        },
        "cooldown": 900,
        "hud_render": {
            "should_render": true,
            "sprite_location": "origins:textures/gui/community/spiderkolo/resource_bar_02.png",
            "bar_index": 17
        },
        "key": {
            "key": "key.origins.primary_active"
        }
    },
    "thrown": {
        "type": "origins:resource",
        "min": 0,
        "max": 140,
        "start_value": 0,
        "hud_render": {
            "should_render": false
        }
    },
    "thrown_down": {
        "type": "origins:action_over_time",
        "entity_action": {
            "type": "origins:change_resource",
            "resource": "manhunt:relentless/skullthrow/throw_thrown",
            "change": -5
        },
        "interval": 5
    },
    "fog": {
        "type": "moborigins:fog",
        "red": 0.7,
        "green": 0.7,
        "blue": 0.7,
        "start": -1,
        "end": 7,
        "condition": {
            "type": "origins:resource",
            "resource": "manhunt:relentless/skullthrow/throw_thrown",
            "compare_to": 0,
            "comparison": ">"
        }
    },
    "skull_glow": {
        "type": "origins:entity_glow",
        "bientity_condition": {
            "type": "origins:and",
            "conditions": [
                {
                    "type": "eggolib:compare_score",
                    "actor_objective": "skull_uuid",
                    "target_objective": "skull_uuid",
                    "comparison": "=="
                },
                {
                    "type": "origins:target_condition",
                    "condition": {
                        "type": "origins:entity_type",
                        "entity_type": "minecraft:item_display"
                    }
                }
            ]
        },
        "use_teams": false,
        "red": 1.0,
        "green": 1.0,
        "blue": 1.0
    },
    "speed": {
        "type": "origins:modify_attribute",
        "attribute": "minecraft:generic.movement_speed",
        "modifier": {
            "operation": "multiply_total",
            "value": 0.6
        },
        "condition": {
            "type": "origins:resource",
            "resource": "manhunt:relentless/skullthrow/throw_thrown",
            "compare_to": 0,
            "comparison": ">"
        }
    },
    "air_speed": {
        "type": "origins:modify_air_speed",
        "modifier": {
            "operation": "multiply_total",
            "value": 0.4
        },
        "condition": {
            "type": "origins:resource",
            "resource": "manhunt:relentless/skullthrow/throw_thrown",
            "compare_to": 0,
            "comparison": ">"
        }
    },
    "render": {
        "type": "apugli:modify_equipped_item_render",
        "slot": "HEAD",
        "stack": { 
            "item": "minecraft:skeleton_skull"
        },
        "scale": 1,
        "condition": {
            "type": "origins:resource",
            "resource": "manhunt:relentless/skullthrow/throw_thrown",
            "compare_to": 0,
            "comparison": ">"
        }
    },
    "name": "Numb Skull",
    "description": "You're skull is dead weight and using it for sports seems to be quite an efficient method.",
    "badges": [
        {
            "type": "origins:tooltip",
            "sprite": "origins:textures/gui/badge/star.png",
            "text": "§l§fNumb ☠§r§7\nThrow your skull forward and become §fNumb ☠§r§7.\nGrants extra speed §r§a+60%§r§7 but lose part of your §r§efield of vision§r§7.\nIf you do not pick it up quick enough, you get turned into bones.\n\nIf you do pick it up, you can recover §r§ahalf a heart§r§7 of maximum health.\n\n§c🕕§r§7 Duration: §r§f7s§r§8 (Before skull expires)\n§e⌛§r§7 Cooldown: §r§f45s§r\n\n§7§lActive Ability"
        },
        {
            "type": "origins:keybind",
            "sprite": "origins:textures/gui/badge/toggle.png",
            "text": "§7Launch your empty head with §r%s§7!"
        }
    ]
}