{
    "type": "origins:multiple",
    "damage": {
        "type": "origins:action_when_damage_taken",
        "entity_action": {
            "type": "origins:and",
            "actions": [
                {
                    "type": "origins:change_resource",
                    "resource": "manhunt:fortis/warcry/war_unleash",
                    "change": -100
                },
                {
                    "type": "origins:change_resource",
                    "resource": "manhunt:fortis/shield/shield_cooldown",
                    "change": -100
                },
                {
                    "type": "origins:change_resource",
                    "resource": "manhunt:fortis/heal_flash",
                    "change": -100
                },
                {
                    "type": "origins:change_resource",
                    "resource": "manhunt:fortis/stamina_gauge",
                    "change": 200
                },
                {
                    "type": "origins:execute_command",
                    "command": "playsound minecraft:block.enchantment_table.use player @a ~ ~ ~ 1 2",
                    "permission_level": 4
                }
            ]
        },
        "damage_condition": {
            "type": "origins:attacker",
            "entity_condition": {
                "type": "origins:and",
                "conditions": [
                    {
                        "type": "origins:living"
                    },
                    {
                        "type": "origins:origin",
                        "origin": "manhunt:hunter",
                        "layer": "origins:origin"
                    }
                ]
            }
        },
        "cooldown": 1
    },
    "iframes":{
        "type": "eggolib:modify_hurt_ticks",
        "modifier": {
            "operation": "multiply_total",
            "value": 0.4
        }
    },
    "name": "Prideful Defense",
    "description": "Taking damage is what Fortis' has been conditioned to be proud of.",
    "badges": [
        {
            "type": "origins:tooltip",
            "sprite": "minecraft:textures/mob_effect/absorption.png",
            "text": "Taking damage from hunters or hitting a damage cap from Majestic Guard:\n\nAbility cooldowns: -5s\n+30% Stamina meter"
        },
        {
            "type": "origins:tooltip",
            "sprite": "origins:textures/gui/badge/star.png",
            "text": "+40% Invincibility frames"
        }
    ]
}