{
    "type": "origins:multiple",
    "horn": {
        "type": "origins:action_on_callback",
        "entity_action_gained": {
            "type": "origins:execute_command",
            "command": "recipe give @s manhunt:berserker_horn"
        },
        "entity_action_respawned": {
            "type": "origins:execute_command",
            "command": "recipe give @s manhunt:berserker_horn"
        },
        "entity_action_lost": {
            "type": "origins:execute_command",
            "command": "recipe take @s manhunt:berserker_horn"
        },
        "execute_chosen_when_orb": false
    },
    "craft_berserker_horn": {
        "type": "origins:modify_crafting",
        "recipe": "manhunt:berserker_horn",
        "result": {
            "item": "minecraft:goat_horn",
            "tag": "{display:{Name:'{\"text\":\"Berserker\\'s Horn\",\"color\":\"red\"}'},instrument:\"minecraft:sing_goat_horn\",CustomModelData:1,Tags:berserker_horn}"
        }
    },
    "using": {
        "type": "origins:active_self",
        "entity_action": {
            "type": "origins:and",
            "actions": [
                {
                    "type": "origins:equipped_item_action",
                    "equipment_slot": "mainhand",
                    "action": {
                        "type": "apugli:cooldown",
                        "ticks": 900
                    }
                },
                {
                    "type": "origins:execute_command",
                    "command": "power grant @a[tag=hunter,distance=0.1..24] manhunt:berserker/horn/horn_effects"
                },
                {
                    "type": "origins:execute_command",
                    "command": "power grant @s manhunt:berserker/horn/horn_effects_self"
                },
                {
                    "type": "origins:spawn_entity",
                    "entity_type": "minecraft:armor_stand",
                    "tag": "{Marker:1b,Invisible:1b,Tags:[\"horn_effect\"],Passengers:[{id:\"minecraft:item_display\",view_range:100f,start_interpolation:-3,interpolation_duration:0,Tags:[\"horn_effect\"],transformation:{left_rotation:[0f,0f,0f,1f],right_rotation:[0f,0f,0f,1f],translation:[0f,1f,0f],scale:[0.1f,0.1f,0.1f]},item:{id:\"minecraft:music_disc_pigstep\",Count:1b,tag:{CustomModelData:1}}}]}",
                    "entity_action": {
                        "type": "origins:and",
                        "actions": [
                            {
                                "type": "origins:execute_command",
                                "command": "tp @s ~ ~1.8 ~",
                                "permission_level": 4
                            },
                            {
                                "type": "origins:execute_command",
                                "command": "power grant @s manhunt:berserker/horn/anim",
                                "permission_level": 4
                            },
                            {
                                "type": "origins:execute_command",
                                "command": "execute on passengers run data modify entity @s Rotation[1] set value 0f",
                                "permission_level": 4
                            },
                            {
                                "type": "origins:execute_command",
                                "command": "execute on passengers run data modify entity @s interpolation_duration set value 30",
                                "permission_level": 4
                            },
                            {
                                "type": "origins:execute_command",
                                "command": "execute on passengers run data modify entity @s transformation.scale set value [5f,5f,1f]",
                                "permission_level": 4
                            }
                        ]
                    }
                }
            ]
        },
        "condition": {
            "type": "origins:equipped_item",
            "equipment_slot": "mainhand",
            "item_condition": {
                "type": "origins:nbt",
                "nbt": "{Tags:berserker_horn}"
            }
        },
        "hud_render": {
            "should_render": true,
            "sprite_location": "manhunt:textures/bars/berserker/berserker.png",
            "bar_index": 0
        },
        "key": {
            "key": "key.use",
            "continuous": false
        },
        "cooldown": 900
    },
    "tooltip": {
        "type": "origins:tooltip",
        "item_condition": {
            "type": "origins:nbt",
            "nbt": "{Tags:berserker_horn}"
        },
        "text": [
            "Blow the horn with \"",
            {
                "keybind": "key.use",
                "color": "gold"
            },
            "\"!"
        ]
    },
    "name": "Horny (Wait-)",
    "description": "Craft your signature Berserker Horn and blow away the competition.",
    "badges": [
        {
            "type": "origins:tooltip",
            "sprite": "origins:textures/gui/badge/star.png",
            "text": "§e§lInspire 💬§r\n§7When blown, grant nearby allies §r§a+30%§r§7 Movement Speed and §r§a+0.3§r§7 Attack Speed.\n§7During Inspire, you Heal §r§a3 HP§r§7 over 3s after taking damage from a §r§cRunner§r§7.\n\n§a§l⇶ §r§7Range: §r§f24 Blocks§r§8 (Inspire)\n§c🕕§r§7 Duration: §r§f15s\n§e⌛§r§7 Cooldown: §r§f30s§r§8 (After Inspire)\n\n§7§lActive Ability"
        },
        {
            "type": "origins:crafting_recipe",
            "sprite": "manhunt:textures/item/berserker_horn.png",
            "recipe": {
                "type": "minecraft:crafting_shaped",
                "id": "manhunt:berserker_horn",
                "pattern": [
                    "   ",
                    "be ",
                    "bbb"
                ],
                "key": {
                    "b": {
                        "item": "minecraft:stone"
                    },
                    "e": {
                        "item": "minecraft:copper_ingot"
                    }
                },
                "result": {
                    "item": "minecraft:goat_horn"
                }
            }
        }
    ]
}