{
    "type": "origins:multiple",
    "gauge": {
        "type": "origins:resource",
        "min": 0,
        "max": 400,
        "start_value": 400,
        "hud_render": [
            {
                "sprite_location": "manhunt:textures/bars/fortis/stamina.png",
                "bar_index": 0,
                "icon_index": 0,
                "condition": {
                    "type": "origins:resource",
                    "resource": "manhunt:fortis/stamina_delay",
                    "comparison": "==",
                    "compare_to": 16
                }
            },
            {
                "sprite_location": "manhunt:textures/bars/fortis/stamina.png",
                "bar_index": 0,
                "icon_index": 1,
                "condition": {
                    "type": "origins:and",
                    "conditions": [
                        {
                            "type": "origins:resource",
                            "resource": "manhunt:fortis/stamina_delay",
                            "comparison": ">",
                            "compare_to": 12
                        },
                        {
                            "type": "origins:resource",
                            "resource": "manhunt:fortis/stamina_delay",
                            "comparison": "<=",
                            "compare_to": 16
                        }
                    ]
                }
            },
            {
                "sprite_location": "manhunt:textures/bars/fortis/stamina.png",
                "bar_index": 0,
                "icon_index": 2,
                "condition": {
                    "type": "origins:and",
                    "conditions": [
                        {
                            "type": "origins:resource",
                            "resource": "manhunt:fortis/stamina_delay",
                            "comparison": ">",
                            "compare_to": 8
                        },
                        {
                            "type": "origins:resource",
                            "resource": "manhunt:fortis/stamina_delay",
                            "comparison": "<=",
                            "compare_to": 12
                        }
                    ]
                }
            },
            {
                "sprite_location": "manhunt:textures/bars/fortis/stamina.png",
                "bar_index": 0,
                "icon_index": 3,
                "condition": {
                    "type": "origins:and",
                    "conditions": [
                        {
                            "type": "origins:resource",
                            "resource": "manhunt:fortis/stamina_delay",
                            "comparison": ">",
                            "compare_to": 4
                        },
                        {
                            "type": "origins:resource",
                            "resource": "manhunt:fortis/stamina_delay",
                            "comparison": "<=",
                            "compare_to": 8
                        }
                    ]
                }
            },
            {
                "sprite_location": "manhunt:textures/bars/fortis/stamina.png",
                "bar_index": 0,
                "icon_index": 4,
                "condition": {
                    "type": "origins:and",
                    "conditions": [
                        {
                            "type": "origins:resource",
                            "resource": "manhunt:fortis/stamina_delay",
                            "comparison": ">=",
                            "compare_to": 0
                        },
                        {
                            "type": "origins:resource",
                            "resource": "manhunt:fortis/stamina_delay",
                            "comparison": "<=",
                            "compare_to": 4
                        }
                    ]
                }
            }
        ],
        "min_action": {
            "type": "origins:change_resource",
            "resource": "manhunt:fortis/stamina_exhausted",
            "change": 140
        }
    },
    "gauge_down": {
        "type": "origins:action_over_time",
        "entity_action": {
            "type": "origins:change_resource",
            "resource": "manhunt:fortis/stamina_gauge",
            "change": -1
        },
        "rising_action": {
            "type": "origins:change_resource",
            "resource": "manhunt:fortis/stamina_delay",
            "change": -16
        },
        "interval": 1,
        "condition": {
            "type": "origins:or",
            "conditions": [
                {
                    "type": "origins:sprinting"
                },
                {
                    "type": "origins:swimming"
                }
            ]
        }
    },
    "delay": {
        "type": "origins:resource",
        "min": 0,
        "max": 16,
        "start_value": 16,
        "hud_render": {
            "should_render": false
        }
    },
    "recharge_delay": {
        "type": "origins:action_over_time",
        "entity_action": {
            "type": "origins:change_resource",
            "resource": "manhunt:fortis/stamina_delay",
            "change": 1
        },
        "interval": 1,
        "condition": {
            "type": "origins:and",
            "conditions": [
                {
                    "type": "origins:sprinting",
                    "inverted": true
                },
                {
                    "type": "origins:swimming",
                    "inverted": true
                }
            ]
        }
    },
    "recharge": {
        "type": "origins:action_over_time",
        "entity_action": {
            "type": "origins:change_resource",
            "resource": "manhunt:fortis/stamina_gauge",
            "change": 5
        },
        "interval": 1,
        "condition": {
            "type": "origins:resource",
            "resource": "manhunt:fortis/stamina_delay",
            "comparison": "==",
            "compare_to": 16
        }
    },
    "exhaust_down": {
        "type": "origins:action_over_time",
        "entity_action": {
            "type": "origins:change_resource",
            "resource": "manhunt:fortis/stamina_exhausted",
            "change": -1
        },
        "interval": 1,
        "condition": {
            "type": "origins:resource",
            "resource": "manhunt:fortis/stamina_exhausted",
            "comparison": ">",
            "compare_to": 0
        }
    },
    "exhausted": {
        "type": "origins:resource",
        "min": 0,
        "max": 140,
        "start_value": 0,
        "hud_render": {
            "should_render": false
        }
    },
    "air_speed": {
        "type": "origins:modify_air_speed",
        "modifier": {
            "operation": "multiply_total",
            "value": -0.4
        },
        "condition": {
            "type": "origins:resource",
            "resource": "manhunt:fortis/stamina_exhausted",
            "comparison": ">",
            "compare_to": 0
        }
    },
    "swim_speed": {
        "type": "origins:modify_swim_speed",
        "modifier": {
            "operation": "multiply_total",
            "value": -0.4
        },
        "condition": {
            "type": "origins:resource",
            "resource": "manhunt:fortis/stamina_exhausted",
            "comparison": ">",
            "compare_to": 0
        }
    },
    "exhaustion": {
        "type": "origins:modify_exhaustion",
        "modifier": {
            "operation": "multiply_total",
            "value": 3
        },
        "condition": {
            "type": "origins:resource",
            "resource": "manhunt:fortis/stamina_exhausted",
            "comparison": ">",
            "compare_to": 0
        }
    },
    "prevent_sprint":{
        "type": "origins:prevent_sprinting",
        "condition": {
            "type": "origins:resource",
            "resource": "manhunt:fortis/stamina_exhausted",
            "comparison": ">",
            "compare_to": 0
        }
    },
    "name": "Limited Stamina",
    "description": "Fortis only takes a maximum amount of damage in one hit. (Based on damage type.)",
    "badges": [
        {
            "type": "origins:tooltip",
            "sprite": "manhunt:textures/icons/cooldown.png",
            "text": "The stamina meter lasts for about 20s when full, and takes about 4s to recharge."
        },
        {
            "type": "origins:tooltip",
            "sprite": "origins:textures/gui/badge/star.png",
            "text": "Exhaustion: Prevents sprinting, §l§c-30%§r to Air/Swim Speed and gains a §l§c4x§r Exhaustion multiplier."
        }
    ]
}