{
    "type": "origins:multiple",
    "duration": {
        "type": "origins:resource",
        "min": 0,
        "max": 600,
        "start_value": 600,
        "hud_render": {
            "should_render": false
        },
        "min_action": {
            "type": "origins:execute_command",
            "command": "kill @s"
        }
    },
    "duration_down": {
        "type": "origins:action_over_time",
        "entity_action": {
            "type": "origins:change_resource",
            "resource": "manhunt:shaman/totem/soul_duration",
            "change": -10
        },
        "interval": 10
    },
    "particles": {
        "type": "origins:action_over_time",
        "entity_action": {
            "type": "origins:and",
            "actions": [
                {
                    "type": "origins:execute_command",
                    "command": "tp @s ~ ~ ~ ~12 ~",
                    "permission_level": 4
                },
                {
                    "type": "origins:execute_command",
                    "command": "particle minecraft:soul_fire_flame ~ ~1.5 ~ 0.05 0.05 0.05 0 10",
                    "permission_level": 4
                },
                {
                    "type": "origins:execute_command",
                    "command": "particle minecraft:sculk_soul ^ ^1.5 ^-1 0 0 0 0 1",
                    "permission_level": 4
                },
                {
                    "type": "origins:execute_command",
                    "command": "particle minecraft:sculk_soul ^ ^1.5 ^1 0 0 0 0 1",
                    "permission_level": 4
                }
            ]
        },
        "interval": 1
    },
    "hidden": true
}