{
    "type": "origins:multiple",
    "no_gravity": {
        "type": "origins:action_over_time",
        "entity_action": {
            "type": "origins:if_else",
            "condition": {
                "type": "origins:resource",
                "resource": "manhunt:shaman/totem/totem_powers_emerge",
                "comparison": "==",
                "compare_to": 0
            },
            "if_action": {
                "type": "origins:and",
                "actions": [
                    {
                        "type": "origins:execute_command",
                        "command": "execute on passengers on passengers run data modify entity @s item set value {id:\"minecraft:candle\",tag:{CustomModelData:1},Count:1b}"
                    },
                    {
                        "type": "origins:execute_command",
                        "command": "data modify entity @s NoGravity set value 1b"
                    }
                ]
            }
        },
        "interval": 1,
        "condition": {
            "type": "origins:command",
            "command": "execute unless block ~ ~-0.05 ~ #minecraft:replaceable",
            "comparison": "==",
            "compare_to": 1
        }
    },
    "gravity":{
        "type": "origins:action_over_time",
        "entity_action":{
            "type": "origins:if_else",
            "condition": {
                "type": "origins:resource",
                "resource": "manhunt:shaman/totem/totem_powers_emerge",
                "comparison": "==",
                "compare_to": 0
            },
            "if_action": {
                "type": "origins:and",
                "actions": [
                    {
                        "type": "origins:execute_command",
                        "command": "execute on passengers on passengers run data modify entity @s item set value {id:\"minecraft:air\",Count:1b}"
                    },
                    {
                        "type": "origins:execute_command",
                        "command": "data modify entity @s NoGravity set value 0b"
                    }
                ]
            }
        },
        "interval": 1,
        "condition": {
            "type": "origins:command",
            "command": "execute if block ~ ~-0.05 ~ #minecraft:replaceable",
            "comparison": "==",
            "compare_to": 1
        }
    },
    "fall_quick": {
        "type": "origins:modify_velocity",
        "modifier": {
            "value": 1,
            "operation": "multiply_total"
        },
        "axes": [
            "y"
        ],
        "condition": {
            "type": "origins:resource",
            "resource": "manhunt:shaman/totem/totem_powers_emerge",
            "comparison": "==",
            "compare_to": 0
        }
    },
    "no_fall": {
        "type": "origins:modify_falling",
        "velocity": 0,
        "condition": {
            "type": "origins:resource",
            "resource": "manhunt:shaman/totem/totem_powers_emerge",
            "comparison": ">",
            "compare_to": 0
        }
    },
    "only_vert": {
        "type": "origins:modify_velocity",
        "modifier": {
            "value": -1,
            "operation": "multiply_total"
        },
        "axes": [
            "x",
            "z"
        ]
    },
    "emerge": {
        "type": "origins:resource",
        "min": 0,
        "max": 15,
        "start_value": 15,
        "hud_render": {
            "should_render": false
        },
        "min_action": {
            "type": "origins:and",
            "actions": [
                {
                    "type": "origins:execute_command",
                    "command": "data modify entity @s NoGravity set value 1b"
                },
                {
                    "type": "origins:execute_command",
                    "command": "execute on passengers if entity @s[tag=totem_lantern] run data modify entity @s block_state.Name set value \"minecraft:soul_lantern\""
                },
                {
                    "type": "origins:execute_command",
                    "command": "execute on passengers on passengers run data modify entity @s item set value {id:\"minecraft:candle\",tag:{CustomModelData:1},Count:1b}"
                },
                {
                    "type": "origins:execute_command",
                    "command": "execute on passengers on passengers run data modify entity @s Rotation[1] set value 90f",
                    "permission_level": 4
                },
                {
                    "type": "origins:execute_command",
                    "command": "particle minecraft:shriek 1 ~ ~2 ~ 0.1 0 0.1 1 10 normal",
                    "permission_level": 4
                },
                {
                    "type": "origins:execute_command",
                    "command": "particle minecraft:sculk_soul ~ ~1 ~ 0.3 0.4 0.3 0.1 20",
                    "permission_level": 4
                },
                {
                    "type": "origins:execute_command",
                    "command": "particle minecraft:block sculk ~ ~1 ~ 0.5 0.8 0.5 0.1 120",
                    "permission_level": 4
                },
                {
                    "type": "origins:execute_command",
                    "command": "particle minecraft:block bone_block ~ ~0.5 ~ 0.6 0.1 0.6 0.1 70",
                    "permission_level": 4
                },
                {
                    "type": "origins:execute_command",
                    "command": "playsound minecraft:block.sculk_shrieker.shriek player @a[distance=..50] ~ ~ ~ 3 0.7",
                    "permission_level": 4
                },
                {
                    "type": "origins:execute_command",
                    "command": "playsound minecraft:block.sculk_catalyst.break player @a[distance=..50] ~ ~ ~ 3 0",
                    "permission_level": 4
                }
            ]
        }
    },
    "emerge_down": {
        "type": "origins:action_over_time",
        "entity_action": {
            "type": "origins:and",
            "actions": [
                {
                    "type": "origins:change_resource",
                    "resource": "manhunt:shaman/totem/totem_powers_emerge",
                    "change": -1
                },
                {
                    "type": "origins:execute_command",
                    "command": "tp @s ~ ~0.067 ~",
                    "permission_level": 4
                },
                {
                    "type": "origins:execute_command",
                    "command": "particle minecraft:block minecraft:sculk_shrieker ~ ~ ~ 0.6 0 0.6 0 20",
                    "permission_level": 4
                },
                {
                    "type": "origins:execute_command",
                    "command": "particle minecraft:block minecraft:reinforced_deepslate ~ ~ ~ 0.6 0 0.6 0 20",
                    "permission_level": 4
                }
            ]
        },
        "interval": 1,
        "condition": {
            "type": "origins:resource",
            "resource": "manhunt:shaman/totem/totem_powers_emerge",
            "comparison": ">",
            "compare_to": 0
        }
    },
    "tunnel": {
        "type": "origins:resource",
        "min": 0,
        "max": 15,
        "start_value": 0,
        "hud_render": {
            "should_render": false
        },
        "min_action": {
            "type": "origins:and",
            "actions": [
                {
                    "type": "origins:execute_command",
                    "command": "tag @s add totem_duration",
                    "permission_level": 4
                },
                {
                    "type": "origins:modify_resource",
                    "modifier": {
                        "operation": "multiply_total_multiplicative",
                        "value": -0.5
                    },
                    "resource": "manhunt:shaman/totem/totem_powers_duration"
                },
                {
                    "type": "origins:execute_command",
                    "command": "execute store result score @s totem_duration run resource get @s manhunt:shaman/totem/totem_powers_duration",
                    "permission_level": 4
                },
                {
                    "type": "origins:selector_action",
                    "selector": "@a[tag=hunter]",
                    "bientity_action": {
                        "type": "origins:target_action",
                        "action": {
                            "type": "origins:action_on_set",
                            "set": "manhunt:shaman/grasp_owner",
                            "bientity_action": {
                                "type": "origins:target_action",
                                "action": {
                                    "type": "origins:and",
                                    "actions": [
                                        {
                                            "type": "origins:spawn_entity",
                                            "entity_type": "minecraft:armor_stand",
                                            "tag": "{Silent:1b,Invulnerable:1b,Invisible:1b,DisabledSlots:4144959,Tags:[\"totem\",\"weak_totem\"],Passengers:[{id:\"minecraft:block_display\",view_range:100f,Tags:[\"totem\",\"totem_lantern\"],transformation:{left_rotation:[0f,0f,0f,1f],right_rotation:[0f,0f,0f,1f],translation:[-1f,0f,-1f],scale:[2f,2f,2f]},block_state:{Name:\"minecraft:air\"}},{id:\"minecraft:block_display\",view_range:100f,shadow_radius:1f,shadow_strength:0.2f,Tags:[\"totem\",\"totem_base\"],Passengers:[{id:\"minecraft:item_display\",view_range:100f,Rotation:[0F,90F],Tags:[\"totem\",\"totem_ring\"],brightness:{sky:15,block:15},transformation:{left_rotation:[0f,0f,0f,1f],right_rotation:[0f,0f,0f,1f],translation:[0f,0f,1.95f],scale:[15f,15f,0.1f]},item:{id:\"minecraft:air\",Count:1b,tag:{CustomModelData:1}}}],transformation:{left_rotation:[0f,0f,0f,1f],right_rotation:[0f,0f,0f,1f],translation:[-0.5f,-2f,-0.5f],scale:[1f,2f,1f]},block_state:{Name:\"minecraft:sculk_shrieker\"}}]}",
                                            "entity_action": {
                                                "type": "origins:and",
                                                "actions": [
                                                    {
                                                        "type": "origins:execute_command",
                                                        "command": "data modify entity @s Rotation set value [0f,0f]",
                                                        "permission_level": 4
                                                    },
                                                    {
                                                        "type": "origins:execute_command",
                                                        "command": "execute on passengers run data modify entity @s Rotation set value [0f,0f]",
                                                        "permission_level": 4
                                                    },
                                                    {
                                                        "type": "origins:execute_command",
                                                        "command": "power grant @s manhunt:shaman/totem/totem_powers",
                                                        "permission_level": 4
                                                    },
                                                    {
                                                        "type": "origins:execute_command",
                                                        "command": "tp @s ~ ~-1 ~ ~ ~",
                                                        "permission_level": 4
                                                    },
                                                    {
                                                        "type": "origins:execute_command",
                                                        "command": "resource operation @s manhunt:shaman/totem/totem_powers_duration = @e[limit=1,sort=nearest,tag=totem_duration] totem_duration",
                                                        "permission_level": 4
                                                    }
                                                ]
                                            }
                                        },
                                        {
                                            "type": "origins:execute_command",
                                            "command": "kill @s"
                                        }
                                    ]
                                }
                            }
                        }
                    },
                    "bientity_condition": {
                        "type": "origins:invert",
                        "condition": {
                            "type": "origins:in_set",
                            "set": "manhunt:shaman/totem/totem_owner"
                        }
                    }
                },
                {
                    "type": "origins:execute_command",
                    "command": "execute on passengers on passengers run kill @s"
                },
                {
                    "type": "origins:execute_command",
                    "command": "execute on passengers run kill @s"
                },
                {
                    "type": "origins:execute_command",
                    "command": "kill @s"
                }
            ]
        }
    },
    "tunnel_down": {
        "type": "origins:action_over_time",
        "entity_action": {
            "type": "origins:and",
            "actions": [
                {
                    "type": "origins:change_resource",
                    "resource": "manhunt:shaman/totem/totem_powers_tunnel",
                    "change": -1
                },
                {
                    "type": "origins:execute_command",
                    "command": "tp @s ~ ~-0.1 ~",
                    "permission_level": 4
                },
                {
                    "type": "origins:execute_command",
                    "command": "particle minecraft:block minecraft:sculk_shrieker ~ ~0.25 ~ 0.6 0 0.6 0 10",
                    "permission_level": 4
                },
                {
                    "type": "origins:execute_command",
                    "command": "particle minecraft:block minecraft:reinforced_deepslate ~ ~0.25 ~ 0.6 0 0.6 0 10",
                    "permission_level": 4
                }
            ]
        },
        "interval": 1,
        "condition": {
            "type": "origins:and",
            "conditions": [
                {
                    "type": "origins:resource",
                    "resource": "manhunt:shaman/totem/totem_powers_tunnel",
                    "comparison": ">",
                    "compare_to": 0
                },
                {
                    "type": "origins:command",
                    "command": "execute unless block ~ ~-0.05 ~ #minecraft:replaceable",
                    "comparison": "==",
                    "compare_to": 1
                }
            ]
        }
    },
    "duration": {
        "type": "origins:resource",
        "min": 0,
        "max": 600,
        "start_value": 600,
        "hud_render": {
            "should_render": false
        },
        "min_action": {
            "type": "origins:and",
            "actions": [
                {
                    "type": "origins:execute_command",
                    "command": "execute on passengers on passengers run kill @s"
                },
                {
                    "type": "origins:execute_command",
                    "command": "execute on passengers run kill @s"
                },
                {
                    "type": "origins:execute_command",
                    "command": "kill @s"
                }
            ]
        }
    },
    "heal": {
        "type": "origins:resource",
        "min": 0,
        "max": 10,
        "start_value": 0,
        "hud_render": {
            "should_render": false
        },
        "max_action": {
            "type": "origins:and",
            "actions": [
                {
                    "type": "origins:change_resource",
                    "resource": "manhunt:shaman/totem/totem_powers_heal",
                    "change": 0,
                    "operation": "set"
                },
                {
                    "type": "origins:area_of_effect",
                    "radius": 8,
                    "shape": "sphere",
                    "bientity_action": {
                        "type": "origins:and",
                        "actions": [
                            {
                                "type": "origins:target_action",
                                "action": {
                                    "type": "origins:and",
                                    "actions": [
                                        {
                                            "type": "origins:execute_command",
                                            "command": "particle minecraft:sculk_charge_pop ~ ~0.5 ~ 0.2 0.3 0.2 0.01 8",
                                            "permission_level": 4
                                        },
                                        {
                                            "type": "origins:execute_command",
                                            "command": "playsound minecraft:block.sculk.spread player @s ~ ~ ~ 0.4 1",
                                            "permission_level": 4
                                        },
                                        {
                                            "type": "origins:heal",
                                            "amount": 2
                                        },
                                        {
                                            "type": "origins:feed",
                                            "food": 1,
                                            "saturation": 0.5
                                        }
                                    ]
                                }
                            },
                            {
                                "type": "origins:actor_action",
                                "action": {
                                    "type": "origins:and",
                                    "actions": [
                                        {
                                            "type": "origins:execute_command",
                                            "command": "execute positioned ~ ~3 ~ facing entity @a eyes run particle minecraft:soul_fire_flame ~ ~ ~ ^ ^ ^1000000 0.0000003 0",
                                            "permission_level": 4
                                        },
                                        {
                                            "type": "origins:execute_command",
                                            "command": "execute positioned ~ ~3 ~ facing entity @a eyes run particle minecraft:sculk_soul ~ ~ ~ ^ ^ ^1000000 0.0000003 0",
                                            "permission_level": 4
                                        },
                                        {
                                            "type": "origins:execute_command",
                                            "command": "execute positioned ~ ~2.75 ~ facing entity @a eyes run particle minecraft:soul_fire_flame ~ ~ ~ ^ ^ ^1000000 0.0000003 0",
                                            "permission_level": 4
                                        },
                                        {
                                            "type": "origins:execute_command",
                                            "command": "execute positioned ~ ~2.75 ~ facing entity @a eyes run particle minecraft:sculk_soul ~ ~ ~ ^ ^ ^1000000 0.0000003 0",
                                            "permission_level": 4
                                        },
                                        {
                                            "type": "origins:execute_command",
                                            "command": "execute positioned ~ ~2.5 ~ facing entity @a eyes run particle minecraft:soul_fire_flame ~ ~ ~ ^ ^ ^1000000 0.0000003 0",
                                            "permission_level": 4
                                        },
                                        {
                                            "type": "origins:execute_command",
                                            "command": "execute positioned ~ ~2.5 ~ facing entity @a eyes run particle minecraft:sculk_soul ~ ~ ~ ^ ^ ^1000000 0.0000003 0",
                                            "permission_level": 4
                                        },
                                        {
                                            "type": "origins:execute_command",
                                            "command": "particle minecraft:shriek 1 ~ ~1.3 ~ 0.1 0 0.1 1 5 normal",
                                            "permission_level": 4
                                        }
                                    ]
                                }
                            }
                        ]
                    },
                    "bientity_condition": {
                        "type": "origins:target_condition",
                        "condition": {
                            "type": "origins:and",
                            "conditions": [
                                {
                                    "type": "origins:living"
                                },
                                {
                                    "type": "origins:origin",
                                    "origin": "manhunt:hunter",
                                    "layer": "origins:origin"
                                }
                            ]
                        }
                    }
                },
                {
                    "type": "origins:area_of_effect",
                    "radius": 8,
                    "bientity_action": {
                        "type": "origins:and",
                        "actions": [
                            {
                                "type": "origins:target_action",
                                "action": {
                                    "type": "origins:and",
                                    "actions": [
                                        {
                                            "type": "origins:execute_command",
                                            "command": "particle minecraft:sculk_soul ~ ~ ~ 0.3 1 0.3 0.1 20",
                                            "permission_level": 4
                                        },
                                        {
                                            "type": "origins:execute_command",
                                            "command": "execute as @a[tag=hunter] if score @s soul = @e[limit=1,sort=nearest,type=minecraft:armor_stand] soul run tp @s ~ ~ ~ ~ ~",
                                            "permission_level": 4
                                        },
                                        {
                                            "type": "origins:execute_command",
                                            "command": "execute at @a[tag=hunter] if score @s soul = @p soul run kill @s",
                                            "permission_level": 4
                                        }
                                    ]
                                }
                            },
                            {
                                "type": "origins:actor_action",
                                "action": {
                                    "type": "origins:and",
                                    "actions": [
                                        {
                                            "type": "origins:change_resource",
                                            "resource": "manhunt:shaman/totem/totem_powers_duration",
                                            "change": -300
                                        }
                                    ]
                                }
                            }
                        ]
                    },
                    "bientity_condition": {
                        "type": "origins:target_condition",
                        "condition": {
                            "type": "origins:and",
                            "conditions": [
                                {
                                    "type": "origins:entity_type",
                                    "entity_type": "minecraft:armor_stand"
                                },
                                {
                                    "type": "origins:power",
                                    "power": "manhunt:shaman/totem/soul"
                                }
                            ]
                        }
                    }
                }
            ]
        }
    },
    "rotation": {
        "type": "origins:resource",
        "min": 0,
        "max": 360,
        "start_value": 0,
        "hud_render": {
            "should_render": false
        },
        "max_action": {
            "type": "origins:change_resource",
            "resource": "manhunt:shaman/totem/totem_powers_rotation",
            "change": 0,
            "operation": "set"
        }
    },
    "overtime": {
        "type": "origins:action_over_time",
        "entity_action": {
            "type": "origins:and",
            "actions": [
                {
                    "type": "origins:change_resource",
                    "resource": "manhunt:shaman/totem/totem_powers_heal",
                    "change": 1
                },
                {
                    "type": "origins:change_resource",
                    "resource": "manhunt:shaman/totem/totem_powers_duration",
                    "change": -1
                },
                {
                    "type": "origins:change_resource",
                    "resource": "manhunt:shaman/totem/totem_powers_rotation",
                    "change": 4
                },
                {
                    "type": "origins:execute_command",
                    "command": "tp @s ~ ~ ~ ~4 ~",
                    "permission_level": 4
                },
                {
                    "type": "origins:execute_command",
                    "command": "execute on passengers on passengers store result entity @s Rotation[0] float 1 run resource get @e[type=armor_stand,tag=totem,limit=1,sort=nearest] manhunt:shaman/totem/totem_powers_rotation",
                    "permission_level": 4
                },
                {
                    "type": "origins:execute_command",
                    "command": "execute on passengers on passengers run particle minecraft:sculk_soul ^ ^0.4 ^7 0.05 0.05 0.05 0 1",
                    "permission_level": 4
                },
                {
                    "type": "origins:execute_command",
                    "command": "execute on passengers on passengers run particle minecraft:sculk_soul ^ ^0.4 ^-7 0.05 0.05 0.05 0 1",
                    "permission_level": 4
                }
            ]
        },
        "interval": 1,
        "condition": {
            "type": "origins:and",
            "conditions": [
                {
                    "type": "origins:resource",
                    "resource": "manhunt:shaman/totem/totem_powers_emerge",
                    "comparison": "==",
                    "compare_to": 0
                },
                {
                    "type": "origins:command",
                    "command": "execute unless block ~ ~-0.05 ~ #minecraft:replaceable",
                    "comparison": "==",
                    "compare_to": 1
                }
            ]
        }
    },
    "hidden": true
}