{
    "type": "origins:multiple",
    "duration": {
        "type": "origins:resource",
        "min": 0,
        "max": 300,
        "start_value": 300,
        "hud_render": {
            "should_render": true,
            "sprite_location": "origins:textures/gui/resource_bar.png",
            "bar_index": 3
        },
        "min_action": {
            "type": "origins:and",
            "actions": [
                {
                    "type": "origins:execute_command",
                    "command": "execute on passengers run kill @s",
                    "permission_level": 4
                },
                {
                    "type": "origins:execute_command",
                    "command": "kill @s",
                    "permission_level": 4
                }
            ]
        }
    },
    "duration_down": {
        "type": "origins:action_over_time",
        "entity_action": {
            "type": "origins:change_resource",
            "resource": "manhunt:scout/bouncepad/bouncepad_effects_duration",
            "change": -10
        },
        "interval": 10
    },
    "land": {
        "type": "origins:action_over_time",
        "rising_action": {
            "type": "origins:and",
            "actions": [
                {
                    "type": "origins:execute_command",
                    "command": "playsound minecraft:item.trident.hit_ground player @a ~ ~ ~ 2 0.5",
                    "permission_level": 4
                },
                {
                    "type": "origins:execute_command",
                    "command": "execute at @s run particle minecraft:cloud ~ ~ ~ 0.2 0.05 0.2 0.05 10 normal",
                    "permission_level": 4
                }
            ]
        },
        "interval": 1,
        "condition": {
            "type": "origins:on_block"
        }
    },
    "bounce": {
        "type": "origins:action_over_time",
        "entity_action": {
            "type": "origins:area_of_effect",
            "radius": 2,
            "bientity_action": {
                "type": "origins:target_action",
                "action": {
                    "type": "origins:and",
                    "actions": [
                        {
                            "type": "origins:add_velocity",
                            "z": 3.0,
                            "y": 1.0,
                            "space": "local_horizontal_normalized"
                        },
                        {
                            "type": "origins:play_sound",
                            "sound": "minecraft:entity.ender_dragon.flap"
                        },
                        {
                            "type": "origins:execute_command",
                            "command": "execute at @s run particle minecraft:firework ~ ~ ~ 0.2 0.05 0.2 0.05 20 normal",
                            "permission_level": 4
                        },
                        {
                            "type": "origins:execute_command",
                            "command": "execute at @s run particle minecraft:poof ~ ~ ~ 1 0 1 0.1 10",
                            "permission_level": 4
                        },
                        {
                            "type": "origins:execute_command",
                            "command": "power grant @s manhunt:scout/bouncepad/fall_immune"
                        }
                    ]
                }
            },
            "bientity_condition": {
                "type": "origins:target_condition",
                "condition": {
                    "type": "origins:and",
                    "conditions": [
                        {
                            "type": "origins:entity_type",
                            "entity_type": "minecraft:armor_stand",
                            "inverted": true
                        },
                        {
                            "type": "origins:entity_type",
                            "entity_type": "minecraft:block_display",
                            "inverted": true
                        },
                        {
                            "type": "origins:entity_type",
                            "entity_type": "minecraft:item_display",
                            "inverted": true
                        }
                    ]
                }
            }
        },
        "interval": 10,
        "condition": {
            "type": "origins:on_block"
        }
    },
    "hidden": true
}