{
    "type": "origins:active_self",
    "entity_action": {
        "type": "origins:and",
        "actions": [
            {
                "type": "origins:fire_projectile",
                "entity_type": "minecraft:armor_stand",
                "divergence": 0,
                "count": 1,
                "speed": 5,
                "tag": "{Silent:1b,Small:1b,Invulnerable:1b,Invisible:1b,Tags:[\"hatchet\"],DisabledSlots:4144959,Passengers:[{id:\"minecraft:item_display\",Tags:[\"hatchet\"],brightness:{sky:15,block:15},transformation:{left_rotation:[0f,-1f,0f,1f],right_rotation:[0f,0f,0f,1f],translation:[0f,-1.5f,0f],scale:[0.5f,0.5f,0.5f]},item:{id:\"minecraft:echo_shard\",Count:1b,tag:{CustomModelData:1,Enchantments:[{}]}}}]}",
                "projectile_action": {
                    "type": "origins:and",
                    "actions": [
                        {
                            "type": "origins:execute_command",
                            "command": "execute on passengers run data modify entity @s Rotation[0] set from entity @e[limit=1,sort=nearest,type=armor_stand,tag=hatchet] Rotation[0]",
                            "permission_level": 4
                        },
                        {
                            "type": "origins:execute_command",
                            "command": "power grant @s manhunt:deleo/disable/hatchet",
                            "permission_level": 4
                        }
                    ]
                }
            },
            {
                "type": "origins:execute_command",
                "command": "playsound minecraft:item.axe.scrape player @a ~ ~ ~ 3 0.5",
                "permission_level": 4
            },
            {
                "type": "origins:execute_command",
                "command": "playsound minecraft:item.axe.wax_off player @a ~ ~ ~ 3 0.5",
                "permission_level": 4
            },
            {
                "type": "origins:execute_command",
                "command": "playsound minecraft:item.trident.throw player @a ~ ~ ~ 3 0.5",
                "permission_level": 4
            }
        ]
    },
    "cooldown": 1200,
    "hud_render": {
        "should_render": true,
        "sprite_location": "origins:textures/gui/community/spiderkolo/resource_bar_01.png",
        "bar_index": 0
    },
    "key": {
        "key": "key.origins.primary_active"
    },
    "name": "§l§nCursed Hatchet",
    "description": "Pressing the main ability key will launch a bomb that will blind any player in a 12 block radius (except the bomber themselves)"
}