{
    "type": "origins:multiple",
    "duration": {
        "type": "origins:resource",
        "min": 0,
        "max": 200,
        "start_value": 200,
        "hud_render": {
            "should_render": false
        },
        "min_action": {
            "type": "origins:and",
            "actions": [
                {
                    "type": "origins:execute_command",
                    "command": "power remove @s manhunt:deleo/disable/disabled",
                    "permission_level": 4
                }
            ]
        }
    },
    "duration_down": {
        "type": "origins:action_over_time",
        "entity_action": {
            "type": "origins:change_resource",
            "resource": "manhunt:deleo/disable/disabled_duration",
            "change": -10
        },
        "interval": 10
    },
    "swirl": {
        "type": "apugli:energy_swirl",
        "texture_location": "manhunt:textures/swirls/cursed.png",
        "speed": 0.03
    },
    "no_abilities": {
        "type": "eggolib:prevent_key_use",
        "keys": [
            {
                "key": "key.origins.primary_active",
                "action": {
                    "type": "origins:and",
                    "actions": [
                        {
                            "type": "apoli:execute_command",
                            "command": "tellraw @s {\"text\":\"Curse energy prevents you from using abilities.\",\"color\":\"dark_red\"}"
                        },
                        {
                            "type": "apoli:execute_command",
                            "command": "playsound minecraft:block.respawn_anchor.deplete player @s ~ ~ ~ 3 2"
                        }
                    ]
                }
            },
            {
                "key": "key.origins.secondary_active",
                "action": {
                    "type": "origins:and",
                    "actions": [
                        {
                            "type": "apoli:execute_command",
                            "command": "tellraw @s {\"text\":\"Curse energy prevents you from using abilities.\",\"color\":\"dark_red\"}"
                        },
                        {
                            "type": "apoli:execute_command",
                            "command": "playsound minecraft:block.respawn_anchor.deplete player @s ~ ~ ~ 3 2"
                        }
                    ]
                }
            }
        ]
    },
    "slowed": {
        "type": "origins:modify_velocity",
        "modifier": {
            "value": -0.35,
            "operation": "multiply_total"
        },
        "axes": [
            "x",
            "y",
            "z"
        ]
    },
    "glitched": {
        "type": "eggolib:modify_label_render",
        "text": {
            "text": "Impostor",
           "bold": true,
            "obfuscated": true
        }
    },
    "sound": {
        "type": "origins:action_over_time",
        "entity_action": {
            "type": "apoli:execute_command",
            "command": "playsound minecraft:item.spyglass.use player @s ~ ~ ~ 3 0.5"
        },
        "interval": 7
    }, 
    "animation": {
        "type": "origins:resource",
        "min": 0,
        "max": 4,
        "start_value": 0,
        "hud_render": {
            "should_render": false
        },
        "max_action": {
            "type": "origins:change_resource",
            "resource": "manhunt:deleo/disable/disabled_animation",
            "change": -4
        }
    },
    "cycling_animation": {
        "type": "origins:action_over_time",
        "entity_action": {
            "type": "origins:change_resource",
            "resource": "manhunt:deleo/disable/disabled_animation",
            "change": 1
        },
        "interval": 5
    },
    "overlay0": {
        "type": "origins:overlay",
        "texture": "manhunt:textures/gui/deleo_effect0.png",
        "strength": 0.9,
        "red": 1.0,
        "green": 1.0,
        "blue": 1.0,
        "draw_mode": "texture",
        "draw_phase": "below_hud",
        "hide_with_hud": true,
        "visible_in_third_person": true,
        "condition": {
            "type": "origins:resource",
            "resource": "manhunt:deleo/disable/disabled_animation",
            "compare_to": 0,
            "comparison": "=="
        }
    },
    "overlay1": {
        "type": "origins:overlay",
        "texture": "manhunt:textures/gui/deleo_effect1.png",
        "strength": 0.9,
        "red": 1.0,
        "green": 1.0,
        "blue": 1.0,
        "draw_mode": "texture",
        "draw_phase": "below_hud",
        "hide_with_hud": true,
        "visible_in_third_person": true,
        "condition": {
            "type": "origins:or",
            "conditions": [
                {
                    "type": "origins:resource",
                    "resource": "manhunt:deleo/disable/disabled_animation",
                    "compare_to": 1,
                    "comparison": "=="
                },
                {
                    "type": "origins:resource",
                    "resource": "manhunt:deleo/disable/disabled_animation",
                    "compare_to": 3,
                    "comparison": "=="
                }
            ]
        }
    },
    "overlay2": {
        "type": "origins:overlay",
        "texture": "manhunt:textures/gui/deleo_effect2.png",
        "strength": 0.9,
        "red": 1.0,
        "green": 1.0,
        "blue": 1.0,
        "draw_mode": "texture",
        "draw_phase": "below_hud",
        "hide_with_hud": true,
        "visible_in_third_person": true,
        "condition": {
            "type": "origins:resource",
            "resource": "manhunt:deleo/disable/disabled_animation",
            "compare_to": 2,
            "comparison": "=="
        }
    },
    "hidden": true
}