{
    "type": "origins:active_self",
    "entity_action": {
        "type": "origins:and",
        "actions": [
            {
                "type": "origins:execute_command",
                "command": "execute store result score @s deleo_hatchet run data get entity @s UUID[0] 1",
                "permission_level": 4
            },
            {
                "type": "origins:execute_command",
                "command": "tag @s add deleo",
                "permission_level": 4
            },
            {
                "type": "origins:fire_projectile",
                "entity_type": "minecraft:armor_stand",
                "divergence": 0,
                "count": 1,
                "speed": 5,
                "tag": "{Silent:1b,Small:1b,Invulnerable:1b,Invisible:1b,Tags:[\"hatchet\"],DisabledSlots:4144959,Passengers:[{id:\"minecraft:item_display\",Tags:[\"hatchet\"],brightness:{sky:15,block:15},transformation:{left_rotation:[0f,-1f,0f,1f],right_rotation:[0f,0f,0f,1f],translation:[0f,-0.2f,0f],scale:[0.5f,0.5f,0.5f]},item:{id:\"minecraft:echo_shard\",Count:1b,tag:{CustomModelData:1,Enchantments:[{}]}}}]}",
                "projectile_action": {
                    "type": "origins:and",
                    "actions": [
                        {
                            "type": "origins:execute_command",
                            "command": "execute store result score @s deleo_hatchet run data get entity @p[tag=deleo] UUID[0] 1",
                            "permission_level": 4
                        },
                        {
                            "type": "origins:execute_command",
                            "command": "execute on passengers run data modify entity @s Rotation[0] set from entity @e[limit=1,sort=nearest,type=armor_stand,tag=hatchet] Rotation[0]",
                            "permission_level": 4
                        },
                        {
                            "type": "origins:execute_command",
                            "command": "scale set pehkui:hitbox_width 2",
                            "permission_level": 4
                        },
                        {
                            "type": "origins:execute_command",
                            "command": "power grant @s manhunt:deleo/disable/hatchet",
                            "permission_level": 4
                        }
                    ]
                }
            },
            {
                "type": "origins:execute_command",
                "command": "tag @s remove deleo",
                "permission_level": 4
            },
            {
                "type": "origins:swing_hand",
                "hand": "MAIN_HAND"
            },
            {
                "type": "origins:execute_command",
                "command": "playsound minecraft:item.axe.scrape player @a ~ ~ ~ 3 0.5",
                "permission_level": 4
            },
            {
                "type": "origins:execute_command",
                "command": "playsound minecraft:item.axe.wax_off player @a ~ ~ ~ 3 0.5",
                "permission_level": 4
            },
            {
                "type": "origins:execute_command",
                "command": "playsound minecraft:item.trident.throw player @a ~ ~ ~ 3 0.5",
                "permission_level": 4
            }
        ]
    },
    "cooldown": 900,
    "hud_render": {
        "should_render": true,
        "sprite_location": "manhunt:textures/bars/deleo/deleo.png",
        "bar_index": 0
    },
    "key": {
        "key": "key.origins.primary_active"
    },
    "name": "Cursed Hatchet",
    "description": "Throw a hatchet which puts a curse on runners",
    "badges": [
        {
            "type": "origins:tooltip",
            "sprite": "origins:textures/gui/badge/star.png",
            "text": "Curse: No abilities for 10s and slowed by 35%."
        },
        {
            "type": "origins:keybind",
            "sprite": "origins:textures/gui/badge/toggle.png",
            "text": "Throw hatchet with %s!"
        },
        {
            "type": "origins:tooltip",
            "sprite": "manhunt:textures/icons/cooldown.png",
            "text": "Cooldown: 45s\nEvery hunter affected will reduce the cooldown by 10s."
        }
    ]
}