{
    "type": "origins:multiple",
    "duration": {
        "type": "origins:resource",
        "min": 0,
        "max": 200,
        "start_value": 200,
        "hud_render": {
            "should_render": false
        },
        "min_action": {
            "type": "origins:and",
            "actions": [
                {
                    "type": "origins:execute_command",
                    "command": "execute on passengers run kill @s",
                    "permission_level": 4
                },
                {
                    "type": "origins:execute_command",
                    "command": "kill @e[limit=1,sort=nearest,type=minecraft:item_display,tag=deleo_area]",
                    "permission_level": 4
                },
                {
                    "type": "origins:execute_command",
                    "command": "kill @s",
                    "permission_level": 4
                }
            ]
        }
    },
    "duration_down": {
        "type": "origins:action_over_time",
        "entity_action": {
            "type": "origins:change_resource",
            "resource": "manhunt:deleo/disable/hatchet_duration",
            "change": -1
        },
        "interval": 1
    },
    "particles": {
        "type": "origins:action_over_time",
        "entity_action": {
            "type": "origins:and",
            "actions": [
                {
                    "type": "origins:execute_command",
                    "command": "particle minecraft:enchant ~ ~ ~ 0.2 0.2 0.2 1 5",
                    "permission_level": 4
                },
                {
                    "type": "origins:execute_command",
                    "command": "particle minecraft:dust_color_transition 0 0.5 0.55 0.8 0 0 0 ~ ~ ~ 0.1 0.1 0.1 1 4 force @a",
                    "permission_level": 4
                }
            ]
        },
        "interval": 1
    },
    "less_vert": {
        "type": "origins:modify_velocity",
        "modifier": {
            "value": -0.6,
            "operation": "multiply_total"
        },
        "axes": [
            "y"
        ],
        "condition": {
            "type":"origins:resource",
            "resource": "manhunt:deleo/disable/hatchet_duration",
            "compare_to": 160,
            "comparison": "<="
        }
    },
    "impact": {
        "type": "origins:action_over_time",
        "rising_action": {
            "type": "origins:and",
            "actions": [
                {
                    "type": "origins:area_of_effect",
                    "radius": 7,
                    "bientity_action": {
                        "type": "origins:target_action",
                        "action": {
                            "type": "origins:and",
                            "actions": [
                                {
                                    "type": "origins:execute_command",
                                    "command": "power grant @s manhunt:deleo/disable/disabled"
                                },
                                {
                                    "type": "origins:execute_command",
                                    "command": "execute at @e[limit=1,sort=nearest,tag=hatchet,type=armor_stand] as @a[tag=runner] if score @s deleo_hatchet = @e[limit=1,sort=nearest,tag=hatchet] deleo_hatchet run resource change @s manhunt:deleo/disable/disable -200",
                                    "permission_level": 4
                                }
                            ]
                        }
                    },
                    "bientity_condition": {
                        "type": "origins:target_condition",
                        "condition": {
                            "type": "origins:and",
                            "conditions": [
                                {
                                    "type": "origins:entity_type",
                                    "entity_type": "minecraft:player"
                                },
                                {
                                    "type": "origins:origin",
                                    "origin": "manhunt:hunter",
                                    "layer": "origins:origin"
                                }
                            ]
                        }
                    }
                },
                {
                    "type": "origins:spawn_entity",
                    "entity_type": "minecraft:item_display",
                    "tag": "{Tags:[\"deleo_area\"],view_range:100f,item:{id: \"minecraft:ender_pearl\",Count:1b,tag:{CustomModelData:1}},brightness:{block:15,sky:15},Rotation:[0f,90f],interpolation_duration:0,start_interpolation:-3,transformation:{left_rotation:[0f,0f,0f,1f],right_rotation:[0f,0f,0f,1f],translation:[0f,0f,0f],scale:[0.1f,0.1f,0.1f]}}",
                    "entity_action": {
                        "type": "origins:and",
                        "actions": [
                            {
                                "type": "origins:execute_command",
                                "command": "data modify entity @s Rotation set value [0f,90f]",
                                "permission_level": 4
                            },
                            {
                                "type": "origins:execute_command",
                                "command": "data modify entity @s interpolation_duration set value 8",
                                "permission_level": 4
                            },
                            {
                                "type": "origins:execute_command",
                                "command": "data modify entity @s transformation.scale set value [12f,12f,1f]",
                                "permission_level": 4
                            }
                        ]
                    }
                },
                {
                    "type": "origins:execute_command",
                    "command": "particle minecraft:enchanted_hit ~ ~ ~ 3.5 3.5 3.5 0 5000",
                    "permission_level": 4
                },
                {
                    "type": "origins:execute_command",
                    "command": "particle minecraft:enchant ~ ~ ~ 3.5 3.5 3.5 0 5000",
                    "permission_level": 4
                },
                {
                    "type": "origins:execute_command",
                    "command": "playsound minecraft:entity.wither.death player @a ~ ~ ~ 3 2",
                    "permission_level": 4
                },
                {
                    "type": "origins:execute_command",
                    "command": "playsound minecraft:block.respawn_anchor.set_spawn player @a ~ ~ ~ 3 1.4",
                    "permission_level": 4
                },
                {
                    "type": "origins:execute_command",
                    "command": "resource set @s manhunt:deleo/disable/hatchet_duration 20",
                    "permission_level": 4
                },
                {
                    "type": "origins:execute_command",
                    "command": "power remove @s manhunt:deleo/disable/hatchet_impact",
                    "permission_level": 4
                }
            ]
        },
        "interval": 1,
        "condition": {
            "type": "origins:or",
            "conditions": [
                {
                    "type": "origins:on_block"
                },
                {
                    "type": "origins:block_collision",
                    "offset_x": 0.1,
                    "offset_z": 0.1
                },
                {
                    "type": "origins:block_collision",
                    "offset_x": -0.1,
                    "offset_z": -0.1
                }
            ]
        }
    }
}