{
    "type": "origins:multiple",
    "toggle":{
        "type": "origins:toggle",
        "active_by_default": false,
        "key": {
            "key": "key.origins.primary_active"
        },
        "hidden": true
    },
    "boots_water": {
        "type": "origins:walk_on_fluid",
        "fluid": "minecraft:water",
        "condition": {
            "type": "origins:and",
            "conditions": [
                {
                    "type": "origins:fluid_height",
                    "fluid": "minecraft:water",
                    "comparison": ">",
                    "compare_to": 0
                },
                {
                    "type": "origins:power_active",
                    "power": "manhunt:celeritas/boots_toggle"
                },
                {
                    "type": "origins:resource",
                    "resource": "manhunt:celeritas/boots_resource",
                    "comparison": ">",
                    "compare_to": 0
                }
            ]
        }
    },
    "boots_lava": {
        "type": "origins:walk_on_fluid",
        "fluid": "minecraft:lava",
        "condition": {
            "type": "origins:and",
            "conditions": [
                {
                    "type": "origins:fluid_height",
                    "fluid": "minecraft:lava",
                    "comparison": ">",
                    "compare_to": 0
                },
                {
                    "type": "origins:power_active",
                    "power": "manhunt:celeritas/boots_toggle"
                },
                {
                    "type": "origins:resource",
                    "resource": "manhunt:celeritas/boots_resource",
                    "comparison": ">",
                    "compare_to": 0
                }
            ]
        }
    },
    "resource": {
        "type": "origins:resource",
        "min": 0,
        "max": 60,
        "start_value": 60,
        "hud_render": {
            "should_render": true,
            "sprite_location": "origins:textures/gui/community/huang/resource_bar_01.png",
            "bar_index": 20
        }
    },
    "remove_resource": {
        "type": "origins:action_over_time",
        "entity_action": {
            "type": "origins:change_resource",
            "resource": "manhunt:celeritas/boots_resource",
            "change": -1
        },
        "interval": 10,
        "condition": {
            "type": "origins:and",
            "conditions": [
                {
                    "type": "origins:power_active",
                    "power": "manhunt:celeritas/boots_toggle"
                },
                {
                    "type": "origins:sneaking",
                    "inverted": true
                }
            ]
        }
    },
    "gain_resource": {
        "type": "origins:action_over_time",
        "entity_action": {
            "type": "origins:change_resource",
            "resource": "manhunt:celeritas/boots_resource",
            "change": 1
        },
        "interval": 20,
        "condition": {
            "type": "origins:and",
            "conditions": [
                {
                    "type": "origins:power_active",
                    "power": "manhunt:celeritas/boots_toggle"
                },
                {
                    "type": "origins:resource",
                    "resource": "manhunt:celeritas/boots_resource",
                    "comparison": ">",
                    "compare_to": 0
                }
            ]
        }
    },
    "gain_resource2": {
        "type": "origins:action_over_time",
        "entity_action": {
            "type": "origins:change_resource",
            "resource": "manhunt:celeritas/boots_resource",
            "change": 1
        },
        "interval": 5,
        "condition": {
            "type": "origins:sneaking"
        }
    },
    "speed": {
        "type": "origins:conditioned_attribute",
        "modifier": {
            "name": "Movement speed increase",
            "attribute": "minecraft:generic.movement_speed",
            "value": 0.25,
            "operation": "multiply_base"
        },
        "tick_rate": 4,
        "condition": {
            "type": "origins:and",
            "conditions": [
                {
                    "type": "origins:power_active",
                    "power": "manhunt:celeritas/boots_toggle"
                },
                {
                    "type": "origins:resource",
                    "resource": "manhunt:celeritas/boots_resource",
                    "comparison": ">",
                    "compare_to": 0
                }
            ]
        }
    },
    "fluid_speed_water": {
        "type": "origins:conditioned_attribute",
        "modifier": {
            "name": "Movement speed increase",
            "attribute": "minecraft:generic.movement_speed",
            "value": 0.5,
            "operation": "multiply_base"
        },
        "tick_rate": 4,
        "condition": {
            "type": "origins:and",
            "conditions": [
                {
                    "type": "origins:fluid_height",
                    "fluid": "minecraft:water",
                    "comparison": ">",
                    "compare_to": 0
                },
                {
                    "type": "origins:power_active",
                    "power": "manhunt:celeritas/boots_toggle"
                },
                {
                    "type": "origins:resource",
                    "resource": "manhunt:celeritas/boots_resource",
                    "comparison": ">",
                    "compare_to": 0
                }
            ]
        }
    },
    "fluid_speed_lava": {
        "type": "origins:conditioned_attribute",
        "modifier": {
            "name": "Movement speed increase",
            "attribute": "minecraft:generic.movement_speed",
            "value": 0.5,
            "operation": "multiply_base"
        },
        "tick_rate": 4,
        "condition": {
            "type": "origins:and",
            "conditions": [
                {
                    "type": "origins:fluid_height",
                    "fluid": "minecraft:lava",
                    "comparison": ">",
                    "compare_to": 0
                },
                {
                    "type": "origins:power_active",
                    "power": "manhunt:celeritas/boots_toggle"
                },
                {
                    "type": "origins:resource",
                    "resource": "manhunt:celeritas/boots_resource",
                    "comparison": ">",
                    "compare_to": 0
                }
            ]
        }
    },
    "air_speed": {
        "type": "origins:modify_air_speed",
        "modifier": {
            "operation": "multiply_total",
            "value": 0.25
        },
        "condition": {
            "type": "origins:and",
            "conditions": [
                {
                    "type": "origins:power_active",
                    "power": "manhunt:celeritas/boots_toggle"
                },
                {
                    "type": "origins:resource",
                    "resource": "manhunt:celeritas/boots_resource",
                    "comparison": ">",
                    "compare_to": 0
                }
            ]
        }
    },
    "less_fall_damage": {
        "type": "origins:modify_damage_taken",
        "modifier": {
            "name": "More damage",
            "operation": "multiply_total",
            "value": -0.35
        },
        "damage_condition": {
            "type": "origins:name",
            "name": "fall"
        },
        "condition": {
            "type": "origins:and",
            "conditions": [
                {
                    "type": "origins:power_active",
                    "power": "manhunt:celeritas/boots_toggle"
                },
                {
                    "type": "origins:resource",
                    "resource": "manhunt:celeritas/boots_resource",
                    "comparison": ">",
                    "compare_to": 0
                }
            ]
        }
    },
    "less_fall_damage_player": {
        "type": "origins:modify_damage_taken",
        "modifier": {
            "name": "More damage",
            "operation": "multiply_total",
            "value": -0.35
        },
        "damage_condition": {
            "type": "origins:name",
            "name": "fall.player"
        },
        "condition": {
            "type": "origins:and",
            "conditions": [
                {
                    "type": "origins:power_active",
                    "power": "manhunt:celeritas/boots_toggle"
                },
                {
                    "type": "origins:resource",
                    "resource": "manhunt:celeritas/boots_resource",
                    "comparison": ">",
                    "compare_to": 0
                }
            ]
        }
    },
    "particles": {
        "type": "origins:action_over_time",
        "entity_action": {
            "type": "origins:execute_command",
            "command": "particle minecraft:electric_spark ~ ~ ~ 0.3 0 0.3 0.3 10",
            "permission_level": 4
        },
        "interval": 2,
        "condition": {
            "type": "origins:and",
            "conditions": [
                {
                    "type": "origins:power_active",
                    "power": "manhunt:celeritas/boots_toggle"
                },
                {
                    "type": "origins:resource",
                    "resource": "manhunt:celeritas/boots_resource",
                    "comparison": ">",
                    "compare_to": 0
                }
            ]
        }
    },
    "particles_water": {
        "type": "origins:action_over_time",
        "entity_action": {
            "type": "origins:and",
            "actions": [
                {
                    "type": "origins:execute_command",
                    "command": "particle minecraft:dust_color_transition 0 0 0.2 1 0 0 1 ~ ~0.5 ~ 0.3 0 0.3 0.1 4",
                    "permission_level": 4
                },
                {
                    "type": "origins:execute_command",
                    "command": "particle minecraft:rain ~ ~0.5 ~ 0.3 0 0.3 0.1 4",
                    "permission_level": 4
                }
            ]
        },
        "interval": 2,
        "condition": {
            "type": "origins:and",
            "conditions": [
                {
                    "type": "origins:power_active",
                    "power": "manhunt:celeritas/boots_toggle"
                },
                {
                    "type": "origins:resource",
                    "resource": "manhunt:celeritas/boots_resource",
                    "comparison": ">",
                    "compare_to": 0
                },
                {
                    "type": "origins:fluid_height",
                    "fluid": "minecraft:water",
                    "comparison": ">",
                    "compare_to": 0
                }
            ]
        }
    },
    "particles_lava": {
        "type": "origins:action_over_time",
        "entity_action": {
            "type": "origins:and",
            "actions": [
                {
                    "type": "origins:execute_command",
                    "command": "particle minecraft:dust_color_transition 0.9 0.7 0 1 1 0.5 0 ~ ~0.5 ~ 0.3 0 0.3 0.1 4",
                    "permission_level": 4
                },
                {
                    "type": "origins:execute_command",
                    "command": "particle minecraft:lava ~ ~0.5 ~ 0.3 0 0.3 0.1 2",
                    "permission_level": 4
                }
            ]
        },
        "interval": 2,
        "condition": {
            "type": "origins:and",
            "conditions": [
                {
                    "type": "origins:power_active",
                    "power": "manhunt:celeritas/boots_toggle"
                },
                {
                    "type": "origins:resource",
                    "resource": "manhunt:celeritas/boots_resource",
                    "comparison": ">",
                    "compare_to": 0
                },
                {
                    "type": "origins:fluid_height",
                    "fluid": "minecraft:lava",
                    "comparison": ">",
                    "compare_to": 0
                }
            ]
        }
    },
    "name": "§l§nLegendary Boots",
    "description": "You wear special boots which grant you the ability to walk on fluids (Lava and water) and generally run faster, as well as reduce your fall damage by 35%. The Fluid Running can be toggled with the main ability key. But watch out; running will deplete the boots energy and at zero, will remove your movement speed upsides. Sneaking will refill the bar slowly."
}