{
    "type": "origins:multiple",
    "recall": {
        "type": "origins:active_self",
        "entity_action": {
            "type": "origins:and",
            "actions": [
                {
                    "type": "origins:execute_command",
                    "command": "execute at @s as @s run summon armor_stand ~ ~ ~ {NoGravity:1b,Silent:1b,Invulnerable:1b,HasVisualFire:0b,Glowing:0b,Marker:1b,Invisible:1b,NoBasePlate:1b,Tags:[\"recall\"]}"
                },
                {
                    "type": "origins:delay",
                    "ticks": 1,
                    "action": {
                        "type": "origins:and",
                        "actions": [
                            {
                                "type": "origins:execute_command",
                                "command": "playsound minecraft:block.note_block.chime player @s ~ ~ ~ 1 0.6",
                                "permission_level": 4
                            }
                        ]
                    }
                },
                {
                    "type": "origins:delay",
                    "ticks": 2,
                    "action": {
                        "type": "origins:and",
                        "actions": [
                            {
                                "type": "origins:execute_command",
                                "command": "power grant @s manhunt:checkpoint_effect"
                            }
                        ]
                    }
                }
            ]
        },
        "key": {
            "key": "key.origins.secondary_active"
        },
        "cooldown": 6000,
        "hud_render": {
            "sprite_location": "origins:textures/gui/community/huang/resource_bar_02.png",
            "bar_index": 1,
            "should_render": true
        }
    },
    "name": "§l§nRecall",
    "description": "Using the secondary ability key, you can leave a marker on your current position and you will return to this marker fifteen seconds after the activation of the ability."
}