{
    "type": "origins:multiple",
    "active": {
        "type": "origins:active_self",
        "entity_action": {
            "type": "origins:and",
            "actions": [
                {
                    "type": "origins:change_resource",
                    "resource": "manhunt:reaper/soul_teleport_charges",
                    "change": -1
                },
                {
                    "type": "origins:execute_command",
                    "command": "tag @s add reaper"
                },
                {
                    "type": "origins:execute_command",
                    "command": "function manhunt:abilities/reaper/siphon"
                },
                {
                    "type": "origins:execute_command",
                    "command": "playsound minecraft:item.armor.equip_leather player @a ~ ~ ~ 3 0.5"
                },
                {
                    "type": "origins:selector_action",
                    "selector": "@e[type=armor_stand,tag=reaper_siphon]",
                    "bientity_action": {
                        "type": "origins:target_action",
                        "action": {
                            "type": "origins:area_of_effect",
                            "radius": 2.2,
                            "shape": "sphere",
                            "bientity_action": {
                                "type": "origins:target_action",
                                "action": {
                                    "type": "origins:execute_command",
                                    "command": "tag @s add siphon"
                                }
                            },
                            "bientity_condition": {
                                "type": "origins:target_condition",
                                "condition": {
                                    "type": "origins:and",
                                    "conditions": [
                                        {
                                            "type": "origins:living"
                                        },
                                        {
                                            "type": "origins:entity_type",
                                            "entity_type": "minecraft:armor_stand",
                                            "inverted": true
                                        }
                                    ]
                                }
                            }
                        }
                    }
                },
                {
                    "type": "origins:selector_action",
                    "selector": "@e[tag=siphon]",
                    "bientity_action": {
                        "type": "origins:and",
                        "actions": [
                            {
                                "type": "origins:add_velocity",
                                "z": -1,
                                "y": 0.2,
                                "set": true
                            },
                            {
                                "type": "origins:target_action",
                                "action": {
                                    "type": "origins:and",
                                    "actions": [
                                        {
                                            "type": "origins:execute_command",
                                            "command": "tag @s remove siphon"
                                        },
                                        {
                                            "type": "origins:execute_command",
                                            "command": "particle minecraft:sculk_charge_pop ~ ~1 ~ 0.2 0.2 0.2 0.05 100"
                                        }
                                    ]
                                }
                            }
                        ]
                    }
                }
            ]
        },
        "cooldown": 600,
        "hud_render": {
            "should_render": true
        },
        "key": {
            "key": "key.origins.secondary_active",
            "continuous": false
        }
    },
    "name": "Soul Siphon",
    "description": "A cape imbued with alchimical wind energy capable of keeping enemies at bay.",
    "badges": [
        {
            "type": "origins:tooltip",
            "sprite": "origins:textures/gui/badge/star.png",
            "text": "Knockbacks entities in a short frontal cone AOE.\nAdditionally, it will implode volatile pots on impact."
        },
        {
            "type": "origins:tooltip",
            "sprite": "manhunt:textures/icons/cooldown.png",
            "text": "Cooldown: 30s.\nTakes 0.25s to windup on use!"
        },
        {
            "type": "origins:keybind",
            "sprite": "origins:textures/gui/badge/toggle.png",
            "text": "Hold \"%s\" to deploy your cape!"
        }
    ]
}