{
    "type": "origins:multiple",
    "health": {
        "type": "origins:attribute",
        "modifier": {
            "name": "Max health decrease",
            "attribute": "minecraft:generic.max_health",
            "value": -2,
            "operation": "addition"
        }
    },
    "less_food": {
        "type": "origins:modify_food",
        "food_modifiers": [
            {
                "name": "Decreased food points",
                "operation": "add_base_early",
                "value": -2
            },
            {
                "name": "Minimum",
                "operation": "min_total",
                "value": 1
            }
        ],
        "entity_action": {
            "type": "origins:apply_effect",
            "effects": [
                {
                    "effect": "minecraft:slowness",
                    "duration": 80,
                    "amplifier": 2,
                    "is_ambient": false,
                    "show_particles": true,
                    "show_icon": true
                },
                {
                    "effect": "minecraft:weakness",
                    "duration": 80,
                    "is_ambient": false,
                    "show_particles": true,
                    "show_icon": true
                }
            ]
        }
    },
    "name": "Spirit Digestion",
    "description": "Regular food doesn't digest itself so easily.",
    "badges": [
        {
            "type": "origins:tooltip",
            "sprite": "origins:textures/gui/community/silent/badge/shapes/shape_heart.png",
            "text": "§c§lSpirited Away 💔§r§7\nYou have -1 maximum §l§c❤§r overall.\n\n§7§lPassive Ability"
        },
        {
            "type": "origins:tooltip",
            "sprite": "minecraft:textures/mob_effect/hunger.png",
            "text": "§c§lBad Digestion 🦠§r§7\nAll food gives §c-2§r§7 the expected amount of food §r§8(to a minimum of 1)§r§7 and gives §cWeakness I§r§7 and §cSlowness III§r§7 for a short duration.\n\n§c🕕§r§7 Duration: §r§f4s§r\n\n§7§lPassive Ability"
        }
    ]
}