{
    "name": "Dry debuff",
    "hidden": true,
    "type": "origins:multiple",
    "nowater": {
        "type": "origins:prevent_item_use",
        "name":"🚫",
        "item_condition": {
            "type": "origins:ingredient",
            "ingredient": {
                "item": "water_bucket"
            }
        }
    },
    "particles": {
        "type": "origins:particle",
        "particle": "minecraft:ash",
        "frequency": 2,
        "spread": {
            "x": 0.2,
            "y": 0.8,
            "z": 0.2
        },
        "count": 4,
        "speed": 0.05
    },
    "remove": {
        "type": "origins:action_over_time",
        "interval": 100,
        "entity_action": {
            "type": "origins:revoke_power",
            "power": "*:*",
            "source": "manhunt:firestarter_strike"
        }
    },
    "show": {
        "type": "origins:action_over_time",
        "interval": 1,
        "rising_action": {
            "type": "origins:and",
            "actions": [
                {
                    "type": "origins:play_sound",
                    "sound": "minecraft:item.flintandsteel.use",
                    "pitch": 0,
                    "volume": 1,
                    "category": "players"
                },
                {
                    "type": "origins:spawn_particles",
                    "particle": "minecraft:ash",
                    "count": 15,
                    "offset_y": 1,
                    "speed": 0.45,
                    "spread": {
                        "x": 0.25,
                        "y": 0.25,
                        "z": 0.25
                    }
                }
            ]
        }
    }
}