{
    "type": "origins:multiple",
    "attack_speed": {
        "type": "origins:attribute",
        "modifier": {
            "attribute": "minecraft:generic.attack_speed",
            "operation": "addition",
            "value": -0.3,
            "name": "Decreased attack speed."
        }
    },
    "name": "Big and Bulky.",
    "description": "With such a stature, you are well known for having slow attacks.",
    "badges": [
        {
            "type": "origins:tooltip",
            "sprite": "origins:textures/gui/badge/star.png",
            "text": "Bulky: -30% Attack Speed."
        }
    ]
}