{
    "type": "origins:multiple",
    "windup": {
        "type": "origins:resource",
        "min": 0,
        "max": 140,
        "start_value": 0,
        "hud_render": {
            "should_render": false
        },
        "min_action": {
            "type": "origins:and",
            "actions": [
                {
                    "type": "origins:if_else",
                    "condition": {
                        "type": "origins:resource",
                        "resource": "manhunt:geologist/tunnel/dig_chosen",
                        "comparison": "==",
                        "compare_to": 1
                    },
                    "if_action": {
                        "type": "origins:and",
                        "actions": [
                            {
                                "type": "origins:change_resource",
                                "resource": "manhunt:geologist/tunnel/dig_chosen",
                                "change": -1
                            },
                            {
                                "type": "origins:execute_command",
                                "command": "tag @s add geo",
                                "permission_level": 4
                            },
                            {
                                "type": "origins:spawn_entity",
                                "entity_type": "minecraft:item_display",
                                "tag": "{Tags:[\"tunnel_main_display\"],Passengers: [{cardinal_components: {\"eggolib:misc\": {Tags: []}}, id: \"minecraft:item_display\", item: {Count: 1b, id: \"minecraft:andesite\"}, transformation: {left_rotation: [0.584431f, 0.5856375f, 0.40165007f, 0.39261478f], right_rotation: [-0.2617904f, -0.0880093f, -0.29402587f, 0.915024f], scale: [0.5625034f, 0.4375252f, 0.49996874f], translation: [-0.125f, 0.0f, -0.3125f]}}, {cardinal_components: {\"eggolib:misc\": {Tags: []}}, id: \"minecraft:item_display\", item: {Count: 1b, id: \"minecraft:cobblestone\"}, transformation: {left_rotation: [0.3889194f, 0.38637415f, 0.5929861f, 0.58976614f], right_rotation: [0.27672666f, 0.08635313f, 0.29114956f, -0.9117003f], scale: [0.5625038f, 0.43750614f, 0.4999881f], translation: [-0.1875f, 0.25f, 0.5625f]}}, {cardinal_components: {\"eggolib:misc\": {Tags: []}}, id: \"minecraft:item_display\", item: {Count: 1b, id: \"minecraft:stone\"}, transformation: {left_rotation: [0.52945733f, 0.52833927f, 0.46985158f, 0.46879837f], right_rotation: [-0.14714445f, -0.046458162f, -0.29896364f, 0.9417064f], scale: [0.937502f, 0.44279453f, 0.627671f], translation: [0.375f, 0.3125f, -0.375f]}}, {cardinal_components: {\"eggolib:misc\": {Tags: []}}, id: \"minecraft:item_display\", item: {Count: 1b, id: \"minecraft:cobblestone\"}, transformation: {left_rotation: [0.60056776f, 0.6030116f, 0.37708223f, 0.3653827f], right_rotation: [-0.26114735f, -0.09001606f, -0.29458922f, 0.91483134f], scale: [0.5625026f, 0.43752512f, 0.49996918f], translation: [0.4375f, 0.1875f, 0.5625f]}}, {cardinal_components: {\"eggolib:misc\": {Tags: []}}, id: \"minecraft:item_display\", item: {Count: 1b, id: \"minecraft:stone\"}, transformation: {left_rotation: [0.7076186f, 0.7065308f, 0.006793729f, 0.006617896f], right_rotation: [0.27945313f, 0.08780918f, 0.28919363f, -0.9113521f], scale: [1.000001f, 0.43750563f, 0.49999145f], translation: [-0.375f, 0.3125f, 0.0f]}}, {cardinal_components: {\"eggolib:misc\": {Tags: []}}, id: \"minecraft:item_display\", item: {Count: 1b, id: \"minecraft:cobblestone\"}, transformation: {left_rotation: [0.0f, 0.0f, 0.7065272f, 0.7076858f], right_rotation: [0.0f, 0.0f, -0.3001802f, 0.9538825f], scale: [0.24984677f, 0.62500083f, 0.25f], translation: [-0.125f, 0.4375f, 0.3125f]}}, {cardinal_components: {\"eggolib:misc\": {Tags: []}}, id: \"minecraft:item_display\", item: {Count: 1b, id: \"minecraft:cobblestone\"}, transformation: {left_rotation: [-0.26515993f, -0.26466507f, 0.65628475f, 0.65492964f], right_rotation: [0.0f, 0.0f, -0.30217525f, 0.9532525f], scale: [0.8750015f, 0.56263983f, 0.56235945f], translation: [0.625f, 0.25f, 0.25f]}}], cardinal_components: {\"eggolib:misc\": {Tags: []}}, item: {Count: 1b, id: \"minecraft:stone\"}, transformation: {left_rotation: [0.0f, -0.063044704f, 0.0f, 0.9980107f], right_rotation: [0.0f, 0.053032663f, 0.0f, 0.9985928f], scale: [0.75095415f, 0.24999999f, 0.6866995f], translation: [0.0f, 0.0f, 0.0f]}}",
                                "entity_action": {
                                    "type": "origins:and",
                                    "actions": [
                                        {
                                            "type": "origins:execute_command",
                                            "command": "data modify entity @s Rotation set value [0f,0f]",
                                            "permission_level": 4
                                        },
                                        {
                                            "type": "origins:execute_command",
                                            "command": "execute on passengers run data modify entity @s Rotation set value [0f,0f]",
                                            "permission_level": 4
                                        },
                                        {
                                            "type": "origins:spawn_entity",
                                            "entity_type": "minecraft:armor_stand",
                                            "tag": "{Invulnerable:1b,Invisible:1b,Tags:[\"tunnel1\"],DisabledSlots:4144959}",
                                            "entity_action": {
                                                "type": "origins:and",
                                                "actions": [
                                                    {
                                                        "type": "origins:execute_command",
                                                        "command": "power grant @s manhunt:geologist/tunnel/tunnels",
                                                        "permission_level": 4
                                                    },
                                                    {
                                                        "type": "origins:execute_command",
                                                        "command": "ride @s mount @e[limit=1,sort=nearest,tag=tunnel_main_display]",
                                                        "permission_level": 4
                                                    },
                                                    {
                                                        "type": "origins:execute_command",
                                                        "command": "execute store result score @s digging run data get entity @p[tag=geo] UUID[0] 1",
                                                        "permission_level": 4
                                                    }
                                                ]
                                            }
                                        }
                                    ]
                                }
                            },
                            {
                                "type": "origins:execute_command",
                                "command": "execute as @e[tag=tunnel_digging,type=armor_stand] if score @s digging = @p digging run power grant @s manhunt:geologist/tunnel/tunneled_tunnel",
                                "permission_level": 4
                            },
                            {
                                "type": "origins:execute_command",
                                "command": "tag @s remove geo",
                                "permission_level": 4
                            }
                        ]
                    }
                }
            ]
        }
    },
    "chosen": {
        "type": "origins:resource",
        "min": 0,
        "max": 1,
        "start_value": 0,
        "hud_render": {
            "should_render": false
        }
    },
    "windup_ticking": {
        "type": "origins:action_over_time",
        "entity_action": {
            "type": "origins:and",
            "actions": [
                {
                    "type": "origins:change_resource",
                    "resource": "manhunt:geologist/tunnel/dig_windup",
                    "change": -10
                }
            ]
        },
        "interval": 10
    },
    "no_move": {
        "type": "origins:modify_velocity",
        "axes": [
            "x",
            "z"
        ],
        "modifier": {
            "operation": "multiply_total",
            "value": -1
        },
        "condition": {
            "type": "origins:resource",
            "resource": "manhunt:geologist/tunnel/dig_windup",
            "comparison": ">",
            "compare_to": 0
        }
    },
    "hit": {
        "type": "origins:action_over_time",
        "entity_action": {
            "type": "origins:and",
            "actions": [
                {
                    "type": "origins:execute_command",
                    "command": "particle minecraft:block minecraft:stone ~ ~ ~ 0.3 0.05 0.3 0.1 15"
                },
                {
                    "type": "origins:execute_command",
                    "command": "playsound minecraft:block.deepslate.hit player @a ~ ~ ~ 2 0.9"
                },
                {
                    "type": "origins:execute_command",
                    "command": "playsound minecraft:block.stone.hit player @a ~ ~ ~ 1 0.9"
                },
                {
                    "type": "origins:execute_command",
                    "command": "playsound minecraft:block.deepslate.hit player @a ~ ~ ~ 0.5 0.9"
                }
            ]
        },
        "interval": 7,
        "condition": {
            "type": "origins:resource",
            "resource": "manhunt:geologist/tunnel/dig_windup",
            "comparison": ">",
            "compare_to": 0
        }
    },
    "cancel": {
        "type": "origins:action_when_damage_taken",
        "entity_action": {
            "type": "origins:execute_command",
            "command": "power remove @s manhunt:geologist/tunnel/dig_windup"
        },
        "cooldown": 1,
        "condition": {
            "type": "origins:resource",
            "resource": "manhunt:geologist/tunnel/dig_windup",
            "comparison": ">",
            "compare_to": 0
        }
    },
    "cooldown_resource": {
        "type": "origins:resource",
        "min": 0,
        "max": 180,
        "start_value": 0,
        "hud_render": {
            "sprite_location": "origins:textures/gui/community/spiderkolo/resource_bar_02.png",
            "bar_index": 3,
            "should_render": true,
            "condition": {
                "type": "origins:resource",
                "resource": "manhunt:geologist/tunnel/dig_cooldown_resource",
                "comparison": ">",
                "compare_to": 0
            }
        }
    },
    "cooldown_down": {
        "type": "origins:action_over_time",
        "entity_action": {
            "type": "origins:and",
            "actions": [
                {
                    "type": "origins:change_resource",
                    "resource": "manhunt:geologist/tunnel/dig_cooldown_resource",
                    "change": -1
                }
            ]
        },
        "interval": 20,
        "condition": {
            "type": "origins:resource",
            "resource": "manhunt:geologist/tunnel/dig_cooldown_resource",
            "comparison": ">",
            "compare_to": 0
        }
    },
    "activate": {
        "type": "origins:active_self",
        "entity_action": {
            "type": "origins:and",
            "actions": [
                {
                    "type": "origins:execute_command",
                    "command": "power grant @s manhunt:geologist/tunnel/dig_windup"
                },
                {
                    "type": "origins:execute_command",
                    "command": "resource set @s manhunt:geologist/tunnel/dig_windup 140"
                },
                {
                    "type": "origins:change_resource",
                    "resource": "manhunt:geologist/tunnel/dig_cooldown_resource",
                    "change": 180
                }
            ]
        },
        "key": {
            "key": "key.attack"
        },
        "condition": {
            "type": "origins:and",
            "conditions": [
                {
                    "type": "origins:equipped_item",
                    "equipment_slot": "mainhand",
                    "item_condition": {
                        "type": "origins:ingredient",
                        "ingredient": {
                            "tag": "manhunt:pickaxe"
                        }
                    }
                },
                {
                    "type": "origins:on_block",
                    "block_condition": {
                        "type": "origins:height",
                        "comparison": "<=",
                        "compare_to": 40
                    }
                },
                {
                    "type": "apugli:key_pressed",
                    "key": {
                        "key": "key.origins.secondary_active",
                        "continuous": true
                    }
                },
                {
                    "type": "origins:resource",
                    "resource": "manhunt:geologist/tunnel/dig_cooldown_resource",
                    "comparison": "==",
                    "compare_to": 0
                }
            ]
        },
        "cooldown": 20,
        "hud_render": {
            "should_render": false
        }
    },
    "choose": {
        "type": "origins:active_self",
        "entity_action": {
            "type": "origins:and",
            "actions": [
                {
                    "type": "origins:raycast",
                    "distance": 144,
                    "block": false,
                    "entity": true,
                    "shape_type": "visual",
                    "fluid_handling": "any",
                    "bientity_action": {
                        "type": "origins:and",
                        "actions": [
                            {
                                "type": "origins:actor_action",
                                "action": {
                                    "type": "origins:and",
                                    "actions": [
                                        {
                                            "type": "origins:swing_hand",
                                            "hand": "MAIN_HAND"
                                        },
                                        {
                                            "type": "origins:execute_command",
                                            "command": "tag @s add digging"
                                        },
                                        {
                                            "type": "origins:execute_command",
                                            "command": "execute store result score @s digging run data get entity @s UUID[0] 1",
                                            "permission_level": 4
                                        },
                                        {
                                            "type": "origins:change_resource",
                                            "resource": "manhunt:geologist/tunnel/dig_chosen",
                                            "change": 1
                                        }
                                    ]
                                }
                            },
                            {
                                "type": "origins:target_action",
                                "action": {
                                    "type": "origins:and",
                                    "actions": [
                                        {
                                            "type": "origins:execute_command",
                                            "command": "execute store result score @s digging run data get entity @p[tag=digging] UUID[0] 1",
                                            "permission_level": 4
                                        },
                                        {
                                            "type": "origins:spawn_entity",
                                            "entity_type": "minecraft:armor_stand",
                                            "tag": "{Invulnerable:1b,Invisible:1b,Tags:[\"tunnel_digging\"],DisabledSlots:4144959}",
                                            "entity_action": {
                                                "type": "origins:and",
                                                "actions": [
                                                    {
                                                        "type": "origins:execute_command",
                                                        "command": "execute store result score @s digging run scoreboard players get @p digging",
                                                        "permission_level": 4
                                                    },
                                                    {
                                                        "type": "origins:execute_command",
                                                        "command": "power grant @s manhunt:geologist/tunnel/tunneled_particles",
                                                        "permission_level": 4
                                                    }
                                                ]
                                            }
                                        }
                                    ]
                                }
                            },
                            {
                                "type": "origins:actor_action",
                                "action": {
                                    "type": "origins:execute_command",
                                    "command": "tag @s remove digging"
                                }
                            }
                        ]
                    },
                    "bientity_condition": {
                        "type": "origins:and",
                        "conditions": [
                            {
                                "type": "origins:target_condition",
                                "condition": {
                                    "type": "origins:and",
                                    "conditions": [
                                        {
                                            "type": "origins:origin",
                                            "origin": "manhunt:hunter",
                                            "layer": "origins:origin"
                                        },
                                        {
                                            "type": "origins:on_block"
                                        }
                                    ]
                                }
                            },
                            {
                                "type": "origins:actor_condition",
                                "condition": {
                                    "type": "origins:and",
                                    "conditions": [
                                        {
                                            "type": "origins:resource",
                                            "resource": "manhunt:geologist/tunnel/dig_chosen",
                                            "comparison": "==",
                                            "compare_to": 0
                                        },
                                        {
                                            "type": "origins:resource",
                                            "resource": "manhunt:geologist/tunnel/dig_windup",
                                            "comparison": ">",
                                            "compare_to": 0
                                        }
                                    ]
                                }
                            },
                            {
                                "type": "origins:distance",
                                "comparison": "<=",
                                "compare_to": 144
                            }
                        ]
                    },
                    "command_step": 1
                }
            ]
        },
        "key": {
            "key": "key.use"
        },
        "cooldown": 1,
        "hud_render": {
            "should_render": false
        }
    },
    "glow": {
        "type": "origins:entity_glow",
        "bientity_condition": {
            "type": "origins:and",
            "conditions": [
                {
                    "type": "origins:target_condition",
                    "condition": {
                        "type": "origins:and",
                        "conditions": [
                            {
                                "type": "origins:origin",
                                "origin": "manhunt:hunter",
                                "layer": "origins:origin"
                            },
                            {
                                "type": "origins:on_block"
                            }
                        ]
                    }
                },
                {
                    "type": "origins:distance",
                    "comparison": "<=",
                    "compare_to": 144
                },
                {
                    "type": "origins:actor_condition",
                    "condition": {
                        "type": "origins:and",
                        "conditions": [
                            {
                                "type": "origins:resource",
                                "resource": "manhunt:geologist/tunnel/dig_chosen",
                                "comparison": "==",
                                "compare_to": 0
                            },
                            {
                                "type": "origins:resource",
                                "resource": "manhunt:geologist/tunnel/dig_windup",
                                "comparison": ">",
                                "compare_to": 0
                            }
                        ]
                    }
                }
            ]
        },
        "use_teams": false,
        "red": 1.0,
        "green": 1.0,
        "blue": 0.0
    },
    "activate_surface": {
        "type": "origins:active_self",
        "entity_action": {
            "type": "origins:and",
            "actions": [
                {
                    "type": "origins:execute_command",
                    "command": "power grant @s manhunt:geologist/tunnel/surface"
                },
                {
                    "type": "origins:change_resource",
                    "resource": "manhunt:geologist/tunnel/dig_cooldown_resource",
                    "change": 180
                }
            ]
        },
        "key": {
            "key": "key.use"
        },
        "condition": {
            "type": "origins:and",
            "conditions": [
                {
                    "type": "origins:equipped_item",
                    "equipment_slot": "mainhand",
                    "item_condition": {
                        "type": "origins:ingredient",
                        "ingredient": {
                            "tag": "manhunt:pickaxe"
                        }
                    }
                },
                {
                    "type": "origins:on_block",
                    "block_condition": {
                        "type": "origins:height",
                        "comparison": "<=",
                        "compare_to": 40
                    }
                },
                {
                    "type": "apugli:key_pressed",
                    "key": {
                        "key": "key.origins.secondary_active",
                        "continuous": true
                    }
                },
                {
                    "type": "origins:resource",
                    "resource": "manhunt:geologist/tunnel/dig_cooldown_resource",
                    "comparison": "==",
                    "compare_to": 0
                },
                {
                    "type": "origins:dimension",
                    "dimension": "minecraft:the_nether",
                    "inverted": true
                }
            ]
        },
        "cooldown": 20,
        "hud_render": {
            "should_render": false
        }
    },
    "name": "Tunnel Trouble",
    "description": "THE EARTH SHAKES UNDER MY STRENGTH! (cue the Clash Royale miner MP3)",
    "badges": [
        {
            "type": "origins:tooltip",
            "sprite": "origins:textures/gui/badge/star.png",
            "text": "After activating the ability, hunters in a 144 block radius will be selectable for your target destination.\nAfter a short duration, a tunnel opens and can be used for 30s by all Hunters.\nAlternatively, you can dig a tunnel upwards to return to the surface.\n(You must be below Y level 40 to use either ability.)"
        },
        {
            "type": "origins:tooltip",
            "sprite": "origins:textures/gui/badge/toggle.png",
            "text": [
                "Hold \"",
                {
                    "keybind": "key.origins.secondary_active"
                },
                "\" and \"",
                {
                    "keybind": "key.attack"
                },
                "\" to dig while holding a Pickaxe!"
            ]
        },
        {
            "type": "origins:tooltip",
            "sprite": "origins:textures/gui/badge/toggle.png",
            "text": [
                "Hold \"",
                {
                    "keybind": "key.origins.secondary_active"
                },
                "\" and \"",
                {
                    "keybind": "key.use"
                },
                "\" to return to the surface."
            ]
        },
        {
            "type": "origins:tooltip",
            "sprite": "manhunt:textures/icons/cooldown.png",
            "text": "Cooldown: 3m"
        }
    ]
}