{
    "type": "origins:multiple",
    "flash": {
        "type": "origins:active_self",
        "entity_action": {
            "type": "origins:and",
            "actions": [
                {
                    "type": "origins:spawn_entity",
                    "entity_type": "minecraft:armor_stand",
                    "tag": "{Silent:1b,NoGrabity:1b,Invulnerable:1b,Marker:1b,Invisible:1b,Tags:[\"fortis_center\"]}",
                    "entity_action": {
                        "type": "origins:and",
                        "actions": [
                            {
                                "type": "origins:execute_command",
                                "command": "execute align x run tp @s ~0.5 ~ ~"
                            },
                            {
                                "type": "origins:execute_command",
                                "command": "execute align y run tp @s ~ ~0.5 ~"
                            },
                            {
                                "type": "origins:execute_command",
                                "command": "execute align z run tp @s ~ ~ ~0.5"
                            },
                            {
                                "type": "origins:execute_command",
                                "command": "data modify entity @s Rotation set value [0f,0f]"
                            },
                            {
                                "type": "origins:grant_power",
                                "power": "manhunt:fortis/bubble/center",
                                "source": "*:*"
                            }
                        ]
                    }
                }
            ]
        },
        "cooldown": 1,
        "key": "key.origins.secondary_active",
        "hud_render": {
            "should_render": true,
            "sprite_location": "origins:textures/gui/community/huang/resource_bar_01.png",
            "bar_index": 4
        }
    },
    "name": "Sphere test",
    "description": "Keep your vigor in check by quickly healing yourself.",
    "badges": [
        {
            "type": "origins:tooltip",
            "sprite": "origins:textures/gui/badge/star.png",
            "text": "Heal 5HP over 5s and gain Absorption 1 for the same duration."
        },
        {
            "type": "origins:keybind",
            "sprite": "origins:textures/gui/badge/toggle.png",
            "text": "Heal with \"%s\"!"
        },
        {
            "type": "origins:tooltip",
            "sprite": "manhunt:textures/icons/misc/cooldown.png",
            "text": "Cooldown: 1m30s"
        }
    ]
}