{
    "type": "origins:multiple",
    "blocks": {
        "type": "origins:entity_set"
    },
    "delay": {
        "type": "origins:resource",
        "min": 0,
        "max": 50,
        "start_value": 50,
        "min_action": {
            "type": "origins:and",
            "actions": [
                {
                    "type": "origins:block_action_at",
                    "block_action": {
                        "type": "origins:area_of_effect",
                        "radius": 5,
                        "shape": "sphere",
                        "block_action": {
                            "type": "origins:spawn_entity",
                            "entity_type": "minecraft:shulker",
                            "tag": "{NoGravity:1b,Silent:1b,DeathLootTable:\"minecraft:empty\",NoAI:1b,CanPickUpLoot:0b,AttachFace:0b,Tags:[\"fortis_bubble\"],Passengers:[{id:\"minecraft:item_display\",transformation:{left_rotation:[0f,0f,0f,1f],right_rotation:[0f,0f,0f,1f],translation:[0f,-0.5f,0f],scale:[1f,1f,1f]},item:{id:\"minecraft:glass\",Count:1b,tag:{Enchantments:[{}]}}}]}",
                            "entity_action": {
                                "type": "origins:and",
                                "actions": [
                                    {
                                        "type": "origins:grant_power",
                                        "power": "manhunt:fortis/bubble/block",
                                        "source": "*:*"
                                    },
                                    {
                                        "type": "origins:execute_command",
                                        "command": "tag @s add bubble_set"
                                    }
                                ]
                            }
                        }
                    }
                },
                {
                    "type": "origins:selector_action",
                    "selector": "@e[tag=bubble_set]",
                    "bientity_action": {
                        "type": "origins:and",
                        "actions": [
                            {
                                "type": "origins:add_to_set",
                                "set": "manhunt:fortis/bubble/center_blocks"
                            },
                            {
                                "type": "origins:target_action",
                                "action": {
                                    "type": "origins:execute_command",
                                    "command": "tag @s remove bubble_set"
                                }
                            }
                        ]
                    }
                },
                {
                    "type": "origins:execute_command",
                    "command": "execute positioned ~ ~0.5 ~ run tag @e[type=minecraft:shulker,tag=fortis_bubble,distance=..4] add remove_bubbles"
                },
                {
                    "type": "origins:selector_action",
                    "selector": "@e[tag=remove_bubbles]",
                    "bientity_action": {
                        "type": "origins:target_action",
                        "action": {
                            "type": "origins:and",
                            "actions": [
                                {
                                    "type": "origins:modify_death_ticks",
                                    "modifier": {
                                        "operation": "set_total",
                                        "value": 20
                                    }
                                },
                                {
                                    "type": "origins:execute_command",
                                    "command": "execute on passengers run kill @s"
                                },
                                {
                                    "type": "origins:execute_command",
                                    "command": "tp @s ~ 320 ~"
                                }
                            ]
                        }
                    }
                },
                {
                    "type": "origins:execute_command",
                    "command": "playsound minecraft:entity.elder_guardian.curse player @a ~ ~ ~ 2 1.2"
                },
                {
                    "type": "origins:change_resource",
                    "resource": "manhunt:fortis/bubble/center_duration",
                    "change": 140,
                    "operation": "set"
                }
            ]
        }
    },
    "delay_down": {
        "type": "origins:action_over_time",
        "entity_action": {
            "type": "origins:change_resource",
            "resource": "manhunt:fortis/bubble/center_delay",
            "change": -10
        },
        "interval": 10,
        "condition": {
            "type": "origins:resource",
            "resource": "manhunt:fortis/bubble/center_delay",
            "comparison": ">",
            "compare_to": 0
        }
    },
    "circle1": {
        "type": "origins:action_over_time",
        "rising_action": {
            "type": "origins:execute_command",
            "command": "function manhunt:abilities/fortis/circle1"
        },
        "interval": 1,
        "condition": {
            "type": "origins:resource",
            "resource": "manhunt:fortis/bubble/center_delay",
            "comparison": "==",
            "compare_to": 40
        }
    },
    "circle2": {
        "type": "origins:action_over_time",
        "rising_action": {
            "type": "origins:execute_command",
            "command": "function manhunt:abilities/fortis/circle2"
        },
        "interval": 1,
        "condition": {
            "type": "origins:resource",
            "resource": "manhunt:fortis/bubble/center_delay",
            "comparison": "==",
            "compare_to": 20
        }
    },
    "circle3": {
        "type": "origins:action_over_time",
        "rising_action": {
            "type": "origins:execute_command",
            "command": "function manhunt:abilities/fortis/circle3"
        },
        "interval": 1,
        "condition": {
            "type": "origins:resource",
            "resource": "manhunt:fortis/bubble/center_delay",
            "comparison": "==",
            "compare_to": 10
        }
    },
    "duration": {
        "type": "origins:resource",
        "min": 0,
        "max": 140,
        "start_value": 0,
        "min_action": {
            "type": "origins:and",
            "actions": [
                {
                    "type": "origins:action_on_set",
                    "set": "manhunt:fortis/bubble/center_blocks",
                    "bientity_action": {
                        "type": "origins:target_action",
                        "action": {
                            "type": "origins:execute_command",
                            "command": "kill @s"
                        }
                    }
                },
                {
                    "type": "origins:execute_command",
                    "command": "particle minecraft:crit ~ ~1 ~ 0 0 0 6 300"
                },
                {
                    "type": "origins:execute_command",
                    "command": "playsound minecraft:block.glass.break player @a ~ ~ ~ 2 0.5"
                },
                {
                    "type": "origins:execute_command",
                    "command": "kill @s"
                }
            ]
        }
    },
    "duration_down": {
        "type": "origins:action_over_time",
        "entity_action": {
            "type": "origins:change_resource",
            "resource": "manhunt:fortis/bubble/center_duration",
            "change": -20
        },
        "interval": 20,
        "condition": {
            "type": "origins:resource",
            "resource": "manhunt:fortis/bubble/center_duration",
            "comparison": ">",
            "compare_to": 0
        }
    },
    "hidden": true
}